ISO-10303-21;
HEADER;
FILE_DESCRIPTION(('KiCad electronic assembly'),'2;1');
FILE_NAME('fall_sensor_board_dummy.step','2026-09-19T01:15:46',('Pcbnew'
    ),('Kicad'),'Open CASCADE STEP processor 7.9',
  'KiCad to STEP converter','Unknown');
FILE_SCHEMA(('AUTOMOTIVE_DESIGN { 1 0 10303 214 1 1 1 1 }'));
ENDSEC;
DATA;
#1 = APPLICATION_PROTOCOL_DEFINITION('international standard',
  'automotive_design',2000,#2);
#2 = APPLICATION_CONTEXT(
  'core data for automotive mechanical design processes');
#3 = SHAPE_DEFINITION_REPRESENTATION(#4,#10);
#4 = PRODUCT_DEFINITION_SHAPE('','',#5);
#5 = PRODUCT_DEFINITION('design','',#6,#9);
#6 = PRODUCT_DEFINITION_FORMATION('','',#7);
#7 = PRODUCT('fall_sensor_board_dummy 1','fall_sensor_board_dummy 1','',
  (#8));
#8 = PRODUCT_CONTEXT('',#2,'mechanical');
#9 = PRODUCT_DEFINITION_CONTEXT('part definition',#2,'design');
#10 = SHAPE_REPRESENTATION('',(#11,#15,#19,#23,#27,#31,#35,#39,#43,#47,
    #51,#55,#59,#63,#67),#71);
#11 = AXIS2_PLACEMENT_3D('',#12,#13,#14);
#12 = CARTESIAN_POINT('',(0.,0.,0.));
#13 = DIRECTION('',(0.,0.,1.));
#14 = DIRECTION('',(1.,0.,-0.));
#15 = AXIS2_PLACEMENT_3D('',#16,#17,#18);
#16 = CARTESIAN_POINT('',(92.92,-126.,1.595));
#17 = DIRECTION('',(0.,0.,1.));
#18 = DIRECTION('',(1.,0.,0.));
#19 = AXIS2_PLACEMENT_3D('',#20,#21,#22);
#20 = CARTESIAN_POINT('',(113.5,-52.,1.595));
#21 = DIRECTION('',(-0.,0.,1.));
#22 = DIRECTION('',(1.110223024625E-16,-1.,0.));
#23 = AXIS2_PLACEMENT_3D('',#24,#25,#26);
#24 = CARTESIAN_POINT('',(52.5,-114.5,1.595));
#25 = DIRECTION('',(0.,0.,1.));
#26 = DIRECTION('',(1.,0.,0.));
#27 = AXIS2_PLACEMENT_3D('',#28,#29,#30);
#28 = CARTESIAN_POINT('',(78.,-78.,1.595));
#29 = DIRECTION('',(0.,0.,1.));
#30 = DIRECTION('',(-1.,1.224646799147E-16,0.));
#31 = AXIS2_PLACEMENT_3D('',#32,#33,#34);
#32 = CARTESIAN_POINT('',(138.5,-106.66,1.595));
#33 = DIRECTION('',(0.,-0.,1.));
#34 = DIRECTION('',(1.110223024625E-16,1.,0.));
#35 = AXIS2_PLACEMENT_3D('',#36,#37,#38);
#36 = CARTESIAN_POINT('',(83.5,-88.,1.595));
#37 = DIRECTION('',(-0.,0.,1.));
#38 = DIRECTION('',(1.110223024625E-16,-1.,0.));
#39 = AXIS2_PLACEMENT_3D('',#40,#41,#42);
#40 = CARTESIAN_POINT('',(89.,-72.,1.595));
#41 = DIRECTION('',(-0.,0.,1.));
#42 = DIRECTION('',(1.110223024625E-16,-1.,0.));
#43 = AXIS2_PLACEMENT_3D('',#44,#45,#46);
#44 = CARTESIAN_POINT('',(142.5,-89.,1.595));
#45 = DIRECTION('',(0.,0.,1.));
#46 = DIRECTION('',(1.,0.,0.));
#47 = AXIS2_PLACEMENT_3D('',#48,#49,#50);
#48 = CARTESIAN_POINT('',(107.25,-121.25,1.595));
#49 = DIRECTION('',(0.,0.,1.));
#50 = DIRECTION('',(1.,0.,0.));
#51 = AXIS2_PLACEMENT_3D('',#52,#53,#54);
#52 = CARTESIAN_POINT('',(121.3625,-120.45,1.595));
#53 = DIRECTION('',(0.,0.,1.));
#54 = DIRECTION('',(1.,0.,0.));
#55 = AXIS2_PLACEMENT_3D('',#56,#57,#58);
#56 = CARTESIAN_POINT('',(110.,-76.5,1.595));
#57 = DIRECTION('',(0.,-0.,1.));
#58 = DIRECTION('',(1.110223024625E-16,1.,0.));
#59 = AXIS2_PLACEMENT_3D('',#60,#61,#62);
#60 = CARTESIAN_POINT('',(93.,-121.5,1.595));
#61 = DIRECTION('',(0.,0.,1.));
#62 = DIRECTION('',(1.,0.,0.));
#63 = AXIS2_PLACEMENT_3D('',#64,#65,#66);
#64 = CARTESIAN_POINT('',(120.,-54.5,-8.5E-02));
#65 = DIRECTION('',(-1.224646799147E-16,-1.359631073447E-32,-1.));
#66 = DIRECTION('',(1.110223024625E-16,-1.,0.));
#67 = AXIS2_PLACEMENT_3D('',#68,#69,#70);
#68 = CARTESIAN_POINT('',(0.,0.,0.));
#69 = DIRECTION('',(0.,0.,1.));
#70 = DIRECTION('',(1.,0.,-0.));
#71 = ( GEOMETRIC_REPRESENTATION_CONTEXT(3) 
GLOBAL_UNCERTAINTY_ASSIGNED_CONTEXT((#75)) GLOBAL_UNIT_ASSIGNED_CONTEXT(
(#72,#73,#74)) REPRESENTATION_CONTEXT('Context #1',
  '3D Context with UNIT and UNCERTAINTY') );
#72 = ( LENGTH_UNIT() NAMED_UNIT(*) SI_UNIT(.MILLI.,.METRE.) );
#73 = ( NAMED_UNIT(*) PLANE_ANGLE_UNIT() SI_UNIT($,.RADIAN.) );
#74 = ( NAMED_UNIT(*) SI_UNIT($,.STERADIAN.) SOLID_ANGLE_UNIT() );
#75 = UNCERTAINTY_MEASURE_WITH_UNIT(LENGTH_MEASURE(2.E-07),#72,
  'distance_accuracy_value','confusion accuracy');
#76 = PRODUCT_RELATED_PRODUCT_CATEGORY('part',$,(#7));
#77 = SHAPE_DEFINITION_REPRESENTATION(#78,#84);
#78 = PRODUCT_DEFINITION_SHAPE('','',#79);
#79 = PRODUCT_DEFINITION('design','',#80,#83);
#80 = PRODUCT_DEFINITION_FORMATION('','',#81);
#81 = PRODUCT('R_Axial_DIN0207_L6.3mm_D2.5mm_P10.16mm_Horizontal',
  'R_Axial_DIN0207_L6.3mm_D2.5mm_P10.16mm_Horizontal','',(#82));
#82 = PRODUCT_CONTEXT('',#2,'mechanical');
#83 = PRODUCT_DEFINITION_CONTEXT('part definition',#2,'design');
#84 = SHAPE_REPRESENTATION('',(#11,#85),#89);
#85 = AXIS2_PLACEMENT_3D('',#86,#87,#88);
#86 = CARTESIAN_POINT('',(0.,0.,0.));
#87 = DIRECTION('',(0.,0.,1.));
#88 = DIRECTION('',(1.,0.,-0.));
#89 = ( GEOMETRIC_REPRESENTATION_CONTEXT(3) 
GLOBAL_UNCERTAINTY_ASSIGNED_CONTEXT((#93)) GLOBAL_UNIT_ASSIGNED_CONTEXT(
(#90,#91,#92)) REPRESENTATION_CONTEXT('Context #1',
  '3D Context with UNIT and UNCERTAINTY') );
#90 = ( LENGTH_UNIT() NAMED_UNIT(*) SI_UNIT(.MILLI.,.METRE.) );
#91 = ( NAMED_UNIT(*) PLANE_ANGLE_UNIT() SI_UNIT($,.RADIAN.) );
#92 = ( NAMED_UNIT(*) SI_UNIT($,.STERADIAN.) SOLID_ANGLE_UNIT() );
#93 = UNCERTAINTY_MEASURE_WITH_UNIT(LENGTH_MEASURE(1.E-07),#90,
  'distance_accuracy_value','confusion accuracy');
#94 = CONTEXT_DEPENDENT_SHAPE_REPRESENTATION(#95,#97);
#95 = ( REPRESENTATION_RELATIONSHIP('','',#84,#10) 
REPRESENTATION_RELATIONSHIP_WITH_TRANSFORMATION(#96) 
SHAPE_REPRESENTATION_RELATIONSHIP() );
#96 = ITEM_DEFINED_TRANSFORMATION('','',#11,#15);
#97 = PRODUCT_DEFINITION_SHAPE('Placement','Placement of an item',#98);
#98 = NEXT_ASSEMBLY_USAGE_OCCURRENCE('2','R2','',#5,#79,$);
#99 = PRODUCT_RELATED_PRODUCT_CATEGORY('part',$,(#81));
#100 = SHAPE_DEFINITION_REPRESENTATION(#101,#107);
#101 = PRODUCT_DEFINITION_SHAPE('','',#102);
#102 = PRODUCT_DEFINITION('design','',#103,#106);
#103 = PRODUCT_DEFINITION_FORMATION('','',#104);
#104 = PRODUCT('R_Axial_DIN0207_L63mm_D25mm_P1016mm_Horizontal',
  'R_Axial_DIN0207_L63mm_D25mm_P1016mm_Horizontal','',(#105));
#105 = PRODUCT_CONTEXT('',#2,'mechanical');
#106 = PRODUCT_DEFINITION_CONTEXT('part definition',#2,'design');
#107 = ADVANCED_BREP_SHAPE_REPRESENTATION('',(#11,#108),#495);
#108 = MANIFOLD_SOLID_BREP('',#109);
#109 = CLOSED_SHELL('',(#110,#143,#169,#189,#209,#234,#259,#279,#305,
    #330,#355,#381,#390,#410,#435,#461,#486));
#110 = ADVANCED_FACE('',(#111),#138,.T.);
#111 = FACE_BOUND('',#112,.T.);
#112 = EDGE_LOOP('',(#113,#122,#130,#137));
#113 = ORIENTED_EDGE('',*,*,#114,.T.);
#114 = EDGE_CURVE('',#115,#115,#117,.T.);
#115 = VERTEX_POINT('',#116);
#116 = CARTESIAN_POINT('',(2.555,1.25,1.25));
#117 = CIRCLE('',#118,1.25);
#118 = AXIS2_PLACEMENT_3D('',#119,#120,#121);
#119 = CARTESIAN_POINT('',(2.555,0.,1.25));
#120 = DIRECTION('',(1.,0.,0.));
#121 = DIRECTION('',(-0.,1.,0.));
#122 = ORIENTED_EDGE('',*,*,#123,.T.);
#123 = EDGE_CURVE('',#115,#124,#126,.T.);
#124 = VERTEX_POINT('',#125);
#125 = CARTESIAN_POINT('',(3.505,1.25,1.25));
#126 = LINE('',#127,#128);
#127 = CARTESIAN_POINT('',(1.93,1.25,1.25));
#128 = VECTOR('',#129,1.);
#129 = DIRECTION('',(1.,0.,0.));
#130 = ORIENTED_EDGE('',*,*,#131,.F.);
#131 = EDGE_CURVE('',#124,#124,#132,.T.);
#132 = CIRCLE('',#133,1.25);
#133 = AXIS2_PLACEMENT_3D('',#134,#135,#136);
#134 = CARTESIAN_POINT('',(3.505,0.,1.25));
#135 = DIRECTION('',(1.,0.,0.));
#136 = DIRECTION('',(-0.,1.,0.));
#137 = ORIENTED_EDGE('',*,*,#123,.F.);
#138 = CYLINDRICAL_SURFACE('',#139,1.25);
#139 = AXIS2_PLACEMENT_3D('',#140,#141,#142);
#140 = CARTESIAN_POINT('',(1.93,0.,1.25));
#141 = DIRECTION('',(-1.,-0.,-0.));
#142 = DIRECTION('',(0.,1.,0.));
#143 = ADVANCED_FACE('',(#144),#164,.T.);
#144 = FACE_BOUND('',#145,.T.);
#145 = EDGE_LOOP('',(#146,#155,#162,#163));
#146 = ORIENTED_EDGE('',*,*,#147,.T.);
#147 = EDGE_CURVE('',#148,#148,#150,.T.);
#148 = VERTEX_POINT('',#149);
#149 = CARTESIAN_POINT('',(1.93,0.625,1.25));
#150 = CIRCLE('',#151,0.625);
#151 = AXIS2_PLACEMENT_3D('',#152,#153,#154);
#152 = CARTESIAN_POINT('',(1.93,0.,1.25));
#153 = DIRECTION('',(1.,0.,0.));
#154 = DIRECTION('',(-0.,1.,0.));
#155 = ORIENTED_EDGE('',*,*,#156,.F.);
#156 = EDGE_CURVE('',#115,#148,#157,.T.);
#157 = CIRCLE('',#158,0.625);
#158 = AXIS2_PLACEMENT_3D('',#159,#160,#161);
#159 = CARTESIAN_POINT('',(2.555,0.625,1.25));
#160 = DIRECTION('',(0.,-0.,1.));
#161 = DIRECTION('',(0.,1.,0.));
#162 = ORIENTED_EDGE('',*,*,#114,.F.);
#163 = ORIENTED_EDGE('',*,*,#156,.T.);
#164 = TOROIDAL_SURFACE('',#165,0.625,0.625);
#165 = AXIS2_PLACEMENT_3D('',#166,#167,#168);
#166 = CARTESIAN_POINT('',(2.555,0.,1.25));
#167 = DIRECTION('',(-1.,0.,0.));
#168 = DIRECTION('',(0.,1.,0.));
#169 = ADVANCED_FACE('',(#170,#173),#184,.F.);
#170 = FACE_BOUND('',#171,.F.);
#171 = EDGE_LOOP('',(#172));
#172 = ORIENTED_EDGE('',*,*,#131,.F.);
#173 = FACE_BOUND('',#174,.F.);
#174 = EDGE_LOOP('',(#175));
#175 = ORIENTED_EDGE('',*,*,#176,.F.);
#176 = EDGE_CURVE('',#177,#177,#179,.T.);
#177 = VERTEX_POINT('',#178);
#178 = CARTESIAN_POINT('',(3.505,1.125,1.25));
#179 = CIRCLE('',#180,1.125);
#180 = AXIS2_PLACEMENT_3D('',#181,#182,#183);
#181 = CARTESIAN_POINT('',(3.505,0.,1.25));
#182 = DIRECTION('',(-1.,0.,0.));
#183 = DIRECTION('',(0.,1.,0.));
#184 = PLANE('',#185);
#185 = AXIS2_PLACEMENT_3D('',#186,#187,#188);
#186 = CARTESIAN_POINT('',(3.505,1.25,1.25));
#187 = DIRECTION('',(-1.,0.,0.));
#188 = DIRECTION('',(0.,0.,-1.));
#189 = ADVANCED_FACE('',(#190,#193),#204,.T.);
#190 = FACE_BOUND('',#191,.T.);
#191 = EDGE_LOOP('',(#192));
#192 = ORIENTED_EDGE('',*,*,#147,.F.);
#193 = FACE_BOUND('',#194,.T.);
#194 = EDGE_LOOP('',(#195));
#195 = ORIENTED_EDGE('',*,*,#196,.T.);
#196 = EDGE_CURVE('',#197,#197,#199,.T.);
#197 = VERTEX_POINT('',#198);
#198 = CARTESIAN_POINT('',(1.93,0.,0.95));
#199 = CIRCLE('',#200,0.3);
#200 = AXIS2_PLACEMENT_3D('',#201,#202,#203);
#201 = CARTESIAN_POINT('',(1.93,0.,1.25));
#202 = DIRECTION('',(1.,-0.,0.));
#203 = DIRECTION('',(0.,0.,-1.));
#204 = PLANE('',#205);
#205 = AXIS2_PLACEMENT_3D('',#206,#207,#208);
#206 = CARTESIAN_POINT('',(1.93,1.25,1.25));
#207 = DIRECTION('',(-1.,0.,0.));
#208 = DIRECTION('',(0.,0.,-1.));
#209 = ADVANCED_FACE('',(#210),#229,.T.);
#210 = FACE_BOUND('',#211,.T.);
#211 = EDGE_LOOP('',(#212,#221,#227,#228));
#212 = ORIENTED_EDGE('',*,*,#213,.T.);
#213 = EDGE_CURVE('',#214,#214,#216,.T.);
#214 = VERTEX_POINT('',#215);
#215 = CARTESIAN_POINT('',(6.655,1.125,1.25));
#216 = CIRCLE('',#217,1.125);
#217 = AXIS2_PLACEMENT_3D('',#218,#219,#220);
#218 = CARTESIAN_POINT('',(6.655,0.,1.25));
#219 = DIRECTION('',(-1.,0.,0.));
#220 = DIRECTION('',(0.,1.,0.));
#221 = ORIENTED_EDGE('',*,*,#222,.F.);
#222 = EDGE_CURVE('',#177,#214,#223,.T.);
#223 = LINE('',#224,#225);
#224 = CARTESIAN_POINT('',(1.93,1.125,1.25));
#225 = VECTOR('',#226,1.);
#226 = DIRECTION('',(1.,0.,0.));
#227 = ORIENTED_EDGE('',*,*,#176,.F.);
#228 = ORIENTED_EDGE('',*,*,#222,.T.);
#229 = CYLINDRICAL_SURFACE('',#230,1.125);
#230 = AXIS2_PLACEMENT_3D('',#231,#232,#233);
#231 = CARTESIAN_POINT('',(1.93,0.,1.25));
#232 = DIRECTION('',(-1.,-0.,-0.));
#233 = DIRECTION('',(0.,1.,0.));
#234 = ADVANCED_FACE('',(#235),#254,.T.);
#235 = FACE_BOUND('',#236,.T.);
#236 = EDGE_LOOP('',(#237,#246,#252,#253));
#237 = ORIENTED_EDGE('',*,*,#238,.F.);
#238 = EDGE_CURVE('',#239,#239,#241,.T.);
#239 = VERTEX_POINT('',#240);
#240 = CARTESIAN_POINT('',(0.9,0.,0.95));
#241 = CIRCLE('',#242,0.3);
#242 = AXIS2_PLACEMENT_3D('',#243,#244,#245);
#243 = CARTESIAN_POINT('',(0.9,0.,1.25));
#244 = DIRECTION('',(-1.,0.,-1.188909441847E-17));
#245 = DIRECTION('',(-1.188909441847E-17,0.,1.));
#246 = ORIENTED_EDGE('',*,*,#247,.T.);
#247 = EDGE_CURVE('',#239,#197,#248,.T.);
#248 = LINE('',#249,#250);
#249 = CARTESIAN_POINT('',(0.9,0.,0.95));
#250 = VECTOR('',#251,1.);
#251 = DIRECTION('',(1.,0.,0.));
#252 = ORIENTED_EDGE('',*,*,#196,.F.);
#253 = ORIENTED_EDGE('',*,*,#247,.F.);
#254 = CYLINDRICAL_SURFACE('',#255,0.3);
#255 = AXIS2_PLACEMENT_3D('',#256,#257,#258);
#256 = CARTESIAN_POINT('',(0.9,0.,1.25));
#257 = DIRECTION('',(1.,0.,0.));
#258 = DIRECTION('',(0.,0.,-1.));
#259 = ADVANCED_FACE('',(#260,#271),#274,.T.);
#260 = FACE_BOUND('',#261,.T.);
#261 = EDGE_LOOP('',(#262));
#262 = ORIENTED_EDGE('',*,*,#263,.F.);
#263 = EDGE_CURVE('',#264,#264,#266,.T.);
#264 = VERTEX_POINT('',#265);
#265 = CARTESIAN_POINT('',(6.655,1.25,1.25));
#266 = CIRCLE('',#267,1.25);
#267 = AXIS2_PLACEMENT_3D('',#268,#269,#270);
#268 = CARTESIAN_POINT('',(6.655,0.,1.25));
#269 = DIRECTION('',(1.,0.,0.));
#270 = DIRECTION('',(-0.,1.,0.));
#271 = FACE_BOUND('',#272,.T.);
#272 = EDGE_LOOP('',(#273));
#273 = ORIENTED_EDGE('',*,*,#213,.F.);
#274 = PLANE('',#275);
#275 = AXIS2_PLACEMENT_3D('',#276,#277,#278);
#276 = CARTESIAN_POINT('',(6.655,1.25,1.25));
#277 = DIRECTION('',(-1.,0.,0.));
#278 = DIRECTION('',(0.,0.,-1.));
#279 = ADVANCED_FACE('',(#280),#300,.T.);
#280 = FACE_BOUND('',#281,.T.);
#281 = EDGE_LOOP('',(#282,#291,#292,#293));
#282 = ORIENTED_EDGE('',*,*,#283,.T.);
#283 = EDGE_CURVE('',#284,#239,#286,.T.);
#284 = VERTEX_POINT('',#285);
#285 = CARTESIAN_POINT('',(0.3,0.,0.35));
#286 = CIRCLE('',#287,0.6);
#287 = AXIS2_PLACEMENT_3D('',#288,#289,#290);
#288 = CARTESIAN_POINT('',(0.9,1.102182119233E-16,0.35));
#289 = DIRECTION('',(0.,1.,-0.));
#290 = DIRECTION('',(-1.,0.,4.93432455389E-16));
#291 = ORIENTED_EDGE('',*,*,#238,.T.);
#292 = ORIENTED_EDGE('',*,*,#283,.F.);
#293 = ORIENTED_EDGE('',*,*,#294,.T.);
#294 = EDGE_CURVE('',#284,#284,#295,.T.);
#295 = CIRCLE('',#296,0.3);
#296 = AXIS2_PLACEMENT_3D('',#297,#298,#299);
#297 = CARTESIAN_POINT('',(0.,0.,0.35));
#298 = DIRECTION('',(0.,0.,1.));
#299 = DIRECTION('',(1.,0.,-0.));
#300 = TOROIDAL_SURFACE('',#301,0.9,0.3);
#301 = AXIS2_PLACEMENT_3D('',#302,#303,#304);
#302 = CARTESIAN_POINT('',(0.9,0.,0.35));
#303 = DIRECTION('',(0.,1.,0.));
#304 = DIRECTION('',(-1.,0.,4.93432455389E-16));
#305 = ADVANCED_FACE('',(#306),#325,.T.);
#306 = FACE_BOUND('',#307,.T.);
#307 = EDGE_LOOP('',(#308,#309,#317,#324));
#308 = ORIENTED_EDGE('',*,*,#263,.T.);
#309 = ORIENTED_EDGE('',*,*,#310,.T.);
#310 = EDGE_CURVE('',#264,#311,#313,.T.);
#311 = VERTEX_POINT('',#312);
#312 = CARTESIAN_POINT('',(7.605,1.25,1.25));
#313 = LINE('',#314,#315);
#314 = CARTESIAN_POINT('',(6.655,1.25,1.25));
#315 = VECTOR('',#316,1.);
#316 = DIRECTION('',(1.,0.,0.));
#317 = ORIENTED_EDGE('',*,*,#318,.F.);
#318 = EDGE_CURVE('',#311,#311,#319,.T.);
#319 = CIRCLE('',#320,1.25);
#320 = AXIS2_PLACEMENT_3D('',#321,#322,#323);
#321 = CARTESIAN_POINT('',(7.605,0.,1.25));
#322 = DIRECTION('',(1.,0.,0.));
#323 = DIRECTION('',(-0.,1.,0.));
#324 = ORIENTED_EDGE('',*,*,#310,.F.);
#325 = CYLINDRICAL_SURFACE('',#326,1.25);
#326 = AXIS2_PLACEMENT_3D('',#327,#328,#329);
#327 = CARTESIAN_POINT('',(6.655,0.,1.25));
#328 = DIRECTION('',(-1.,-0.,-0.));
#329 = DIRECTION('',(0.,1.,0.));
#330 = ADVANCED_FACE('',(#331),#350,.T.);
#331 = FACE_BOUND('',#332,.T.);
#332 = EDGE_LOOP('',(#333,#341,#342,#343));
#333 = ORIENTED_EDGE('',*,*,#334,.T.);
#334 = EDGE_CURVE('',#335,#284,#337,.T.);
#335 = VERTEX_POINT('',#336);
#336 = CARTESIAN_POINT('',(0.3,-7.347880794884E-17,-3.));
#337 = LINE('',#338,#339);
#338 = CARTESIAN_POINT('',(0.3,0.,-3.));
#339 = VECTOR('',#340,1.);
#340 = DIRECTION('',(0.,0.,1.));
#341 = ORIENTED_EDGE('',*,*,#294,.F.);
#342 = ORIENTED_EDGE('',*,*,#334,.F.);
#343 = ORIENTED_EDGE('',*,*,#344,.T.);
#344 = EDGE_CURVE('',#335,#335,#345,.T.);
#345 = CIRCLE('',#346,0.3);
#346 = AXIS2_PLACEMENT_3D('',#347,#348,#349);
#347 = CARTESIAN_POINT('',(0.,0.,-3.));
#348 = DIRECTION('',(0.,0.,1.));
#349 = DIRECTION('',(1.,0.,-0.));
#350 = CYLINDRICAL_SURFACE('',#351,0.3);
#351 = AXIS2_PLACEMENT_3D('',#352,#353,#354);
#352 = CARTESIAN_POINT('',(0.,0.,-3.));
#353 = DIRECTION('',(0.,0.,1.));
#354 = DIRECTION('',(1.,0.,-0.));
#355 = ADVANCED_FACE('',(#356),#376,.T.);
#356 = FACE_BOUND('',#357,.T.);
#357 = EDGE_LOOP('',(#358,#367,#368,#369));
#358 = ORIENTED_EDGE('',*,*,#359,.F.);
#359 = EDGE_CURVE('',#311,#360,#362,.T.);
#360 = VERTEX_POINT('',#361);
#361 = CARTESIAN_POINT('',(8.23,0.625,1.25));
#362 = CIRCLE('',#363,0.625);
#363 = AXIS2_PLACEMENT_3D('',#364,#365,#366);
#364 = CARTESIAN_POINT('',(7.605,0.625,1.25));
#365 = DIRECTION('',(0.,0.,-1.));
#366 = DIRECTION('',(0.,1.,0.));
#367 = ORIENTED_EDGE('',*,*,#318,.T.);
#368 = ORIENTED_EDGE('',*,*,#359,.T.);
#369 = ORIENTED_EDGE('',*,*,#370,.F.);
#370 = EDGE_CURVE('',#360,#360,#371,.T.);
#371 = CIRCLE('',#372,0.625);
#372 = AXIS2_PLACEMENT_3D('',#373,#374,#375);
#373 = CARTESIAN_POINT('',(8.23,0.,1.25));
#374 = DIRECTION('',(1.,0.,0.));
#375 = DIRECTION('',(-0.,1.,0.));
#376 = TOROIDAL_SURFACE('',#377,0.625,0.625);
#377 = AXIS2_PLACEMENT_3D('',#378,#379,#380);
#378 = CARTESIAN_POINT('',(7.605,0.,1.25));
#379 = DIRECTION('',(1.,0.,0.));
#380 = DIRECTION('',(-0.,1.,0.));
#381 = ADVANCED_FACE('',(#382),#385,.T.);
#382 = FACE_BOUND('',#383,.F.);
#383 = EDGE_LOOP('',(#384));
#384 = ORIENTED_EDGE('',*,*,#344,.T.);
#385 = PLANE('',#386);
#386 = AXIS2_PLACEMENT_3D('',#387,#388,#389);
#387 = CARTESIAN_POINT('',(0.3,0.,-3.));
#388 = DIRECTION('',(0.,0.,-1.));
#389 = DIRECTION('',(-1.,0.,0.));
#390 = ADVANCED_FACE('',(#391,#394),#405,.F.);
#391 = FACE_BOUND('',#392,.F.);
#392 = EDGE_LOOP('',(#393));
#393 = ORIENTED_EDGE('',*,*,#370,.F.);
#394 = FACE_BOUND('',#395,.F.);
#395 = EDGE_LOOP('',(#396));
#396 = ORIENTED_EDGE('',*,*,#397,.T.);
#397 = EDGE_CURVE('',#398,#398,#400,.T.);
#398 = VERTEX_POINT('',#399);
#399 = CARTESIAN_POINT('',(8.23,0.,0.95));
#400 = CIRCLE('',#401,0.3);
#401 = AXIS2_PLACEMENT_3D('',#402,#403,#404);
#402 = CARTESIAN_POINT('',(8.23,0.,1.25));
#403 = DIRECTION('',(1.,-0.,0.));
#404 = DIRECTION('',(0.,0.,-1.));
#405 = PLANE('',#406);
#406 = AXIS2_PLACEMENT_3D('',#407,#408,#409);
#407 = CARTESIAN_POINT('',(8.23,1.25,1.25));
#408 = DIRECTION('',(-1.,0.,0.));
#409 = DIRECTION('',(0.,0.,-1.));
#410 = ADVANCED_FACE('',(#411),#430,.T.);
#411 = FACE_BOUND('',#412,.T.);
#412 = EDGE_LOOP('',(#413,#414,#422,#429));
#413 = ORIENTED_EDGE('',*,*,#397,.T.);
#414 = ORIENTED_EDGE('',*,*,#415,.T.);
#415 = EDGE_CURVE('',#398,#416,#418,.T.);
#416 = VERTEX_POINT('',#417);
#417 = CARTESIAN_POINT('',(9.26,0.,0.95));
#418 = LINE('',#419,#420);
#419 = CARTESIAN_POINT('',(0.9,0.,0.95));
#420 = VECTOR('',#421,1.);
#421 = DIRECTION('',(1.,0.,0.));
#422 = ORIENTED_EDGE('',*,*,#423,.F.);
#423 = EDGE_CURVE('',#416,#416,#424,.T.);
#424 = CIRCLE('',#425,0.3);
#425 = AXIS2_PLACEMENT_3D('',#426,#427,#428);
#426 = CARTESIAN_POINT('',(9.26,0.,1.25));
#427 = DIRECTION('',(1.,-0.,0.));
#428 = DIRECTION('',(0.,0.,-1.));
#429 = ORIENTED_EDGE('',*,*,#415,.F.);
#430 = CYLINDRICAL_SURFACE('',#431,0.3);
#431 = AXIS2_PLACEMENT_3D('',#432,#433,#434);
#432 = CARTESIAN_POINT('',(0.9,0.,1.25));
#433 = DIRECTION('',(1.,0.,0.));
#434 = DIRECTION('',(0.,0.,-1.));
#435 = ADVANCED_FACE('',(#436),#456,.T.);
#436 = FACE_BOUND('',#437,.T.);
#437 = EDGE_LOOP('',(#438,#447,#454,#455));
#438 = ORIENTED_EDGE('',*,*,#439,.T.);
#439 = EDGE_CURVE('',#416,#440,#442,.T.);
#440 = VERTEX_POINT('',#441);
#441 = CARTESIAN_POINT('',(9.86,0.,0.35));
#442 = CIRCLE('',#443,0.6);
#443 = AXIS2_PLACEMENT_3D('',#444,#445,#446);
#444 = CARTESIAN_POINT('',(9.26,1.102182119233E-16,0.35));
#445 = DIRECTION('',(0.,1.,0.));
#446 = DIRECTION('',(0.,-0.,1.));
#447 = ORIENTED_EDGE('',*,*,#448,.T.);
#448 = EDGE_CURVE('',#440,#440,#449,.T.);
#449 = CIRCLE('',#450,0.3);
#450 = AXIS2_PLACEMENT_3D('',#451,#452,#453);
#451 = CARTESIAN_POINT('',(10.16,0.,0.35));
#452 = DIRECTION('',(-5.053215498074E-16,0.,1.));
#453 = DIRECTION('',(1.,0.,5.053215498074E-16));
#454 = ORIENTED_EDGE('',*,*,#439,.F.);
#455 = ORIENTED_EDGE('',*,*,#423,.T.);
#456 = TOROIDAL_SURFACE('',#457,0.9,0.3);
#457 = AXIS2_PLACEMENT_3D('',#458,#459,#460);
#458 = CARTESIAN_POINT('',(9.26,0.,0.35));
#459 = DIRECTION('',(0.,1.,0.));
#460 = DIRECTION('',(0.,-0.,1.));
#461 = ADVANCED_FACE('',(#462),#481,.T.);
#462 = FACE_BOUND('',#463,.T.);
#463 = EDGE_LOOP('',(#464,#472,#479,#480));
#464 = ORIENTED_EDGE('',*,*,#465,.T.);
#465 = EDGE_CURVE('',#440,#466,#468,.T.);
#466 = VERTEX_POINT('',#467);
#467 = CARTESIAN_POINT('',(9.86,-7.347880794884E-17,-3.));
#468 = LINE('',#469,#470);
#469 = CARTESIAN_POINT('',(9.86,0.,0.35));
#470 = VECTOR('',#471,1.);
#471 = DIRECTION('',(0.,0.,-1.));
#472 = ORIENTED_EDGE('',*,*,#473,.F.);
#473 = EDGE_CURVE('',#466,#466,#474,.T.);
#474 = CIRCLE('',#475,0.3);
#475 = AXIS2_PLACEMENT_3D('',#476,#477,#478);
#476 = CARTESIAN_POINT('',(10.16,0.,-3.));
#477 = DIRECTION('',(0.,0.,-1.));
#478 = DIRECTION('',(-1.,0.,0.));
#479 = ORIENTED_EDGE('',*,*,#465,.F.);
#480 = ORIENTED_EDGE('',*,*,#448,.F.);
#481 = CYLINDRICAL_SURFACE('',#482,0.3);
#482 = AXIS2_PLACEMENT_3D('',#483,#484,#485);
#483 = CARTESIAN_POINT('',(10.16,0.,0.35));
#484 = DIRECTION('',(0.,0.,-1.));
#485 = DIRECTION('',(-1.,0.,0.));
#486 = ADVANCED_FACE('',(#487),#490,.F.);
#487 = FACE_BOUND('',#488,.T.);
#488 = EDGE_LOOP('',(#489));
#489 = ORIENTED_EDGE('',*,*,#473,.T.);
#490 = PLANE('',#491);
#491 = AXIS2_PLACEMENT_3D('',#492,#493,#494);
#492 = CARTESIAN_POINT('',(9.86,0.,-3.));
#493 = DIRECTION('',(0.,0.,1.));
#494 = DIRECTION('',(1.,0.,-0.));
#495 = ( GEOMETRIC_REPRESENTATION_CONTEXT(3) 
GLOBAL_UNCERTAINTY_ASSIGNED_CONTEXT((#499)) GLOBAL_UNIT_ASSIGNED_CONTEXT
((#496,#497,#498)) REPRESENTATION_CONTEXT('Context #1',
  '3D Context with UNIT and UNCERTAINTY') );
#496 = ( LENGTH_UNIT() NAMED_UNIT(*) SI_UNIT(.MILLI.,.METRE.) );
#497 = ( NAMED_UNIT(*) PLANE_ANGLE_UNIT() SI_UNIT($,.RADIAN.) );
#498 = ( NAMED_UNIT(*) SI_UNIT($,.STERADIAN.) SOLID_ANGLE_UNIT() );
#499 = UNCERTAINTY_MEASURE_WITH_UNIT(LENGTH_MEASURE(1.E-07),#496,
  'distance_accuracy_value','confusion accuracy');
#500 = CONTEXT_DEPENDENT_SHAPE_REPRESENTATION(#501,#503);
#501 = ( REPRESENTATION_RELATIONSHIP('','',#107,#84) 
REPRESENTATION_RELATIONSHIP_WITH_TRANSFORMATION(#502) 
SHAPE_REPRESENTATION_RELATIONSHIP() );
#502 = ITEM_DEFINED_TRANSFORMATION('','',#11,#85);
#503 = PRODUCT_DEFINITION_SHAPE('Placement','Placement of an item',#504
  );
#504 = NEXT_ASSEMBLY_USAGE_OCCURRENCE('1','=>[0:1:1:3]','',#79,#102,$);
#505 = PRODUCT_RELATED_PRODUCT_CATEGORY('part',$,(#104));
#506 = SHAPE_DEFINITION_REPRESENTATION(#507,#513);
#507 = PRODUCT_DEFINITION_SHAPE('','',#508);
#508 = PRODUCT_DEFINITION('design','',#509,#512);
#509 = PRODUCT_DEFINITION_FORMATION('','',#510);
#510 = PRODUCT('C_Disc_D5.0mm_W2.5mm_P5.00mm',
  'C_Disc_D5.0mm_W2.5mm_P5.00mm','',(#511));
#511 = PRODUCT_CONTEXT('',#2,'mechanical');
#512 = PRODUCT_DEFINITION_CONTEXT('part definition',#2,'design');
#513 = SHAPE_REPRESENTATION('',(#11,#514),#518);
#514 = AXIS2_PLACEMENT_3D('',#515,#516,#517);
#515 = CARTESIAN_POINT('',(0.,0.,0.));
#516 = DIRECTION('',(0.,0.,1.));
#517 = DIRECTION('',(1.,0.,-0.));
#518 = ( GEOMETRIC_REPRESENTATION_CONTEXT(3) 
GLOBAL_UNCERTAINTY_ASSIGNED_CONTEXT((#522)) GLOBAL_UNIT_ASSIGNED_CONTEXT
((#519,#520,#521)) REPRESENTATION_CONTEXT('Context #1',
  '3D Context with UNIT and UNCERTAINTY') );
#519 = ( LENGTH_UNIT() NAMED_UNIT(*) SI_UNIT(.MILLI.,.METRE.) );
#520 = ( NAMED_UNIT(*) PLANE_ANGLE_UNIT() SI_UNIT($,.RADIAN.) );
#521 = ( NAMED_UNIT(*) SI_UNIT($,.STERADIAN.) SOLID_ANGLE_UNIT() );
#522 = UNCERTAINTY_MEASURE_WITH_UNIT(LENGTH_MEASURE(2.E-07),#519,
  'distance_accuracy_value','confusion accuracy');
#523 = CONTEXT_DEPENDENT_SHAPE_REPRESENTATION(#524,#526);
#524 = ( REPRESENTATION_RELATIONSHIP('','',#513,#10) 
REPRESENTATION_RELATIONSHIP_WITH_TRANSFORMATION(#525) 
SHAPE_REPRESENTATION_RELATIONSHIP() );
#525 = ITEM_DEFINED_TRANSFORMATION('','',#11,#19);
#526 = PRODUCT_DEFINITION_SHAPE('Placement','Placement of an item',#527
  );
#527 = NEXT_ASSEMBLY_USAGE_OCCURRENCE('4','C4','',#5,#508,$);
#528 = PRODUCT_RELATED_PRODUCT_CATEGORY('part',$,(#510));
#529 = SHAPE_DEFINITION_REPRESENTATION(#530,#536);
#530 = PRODUCT_DEFINITION_SHAPE('','',#531);
#531 = PRODUCT_DEFINITION('design','',#532,#535);
#532 = PRODUCT_DEFINITION_FORMATION('','',#533);
#533 = PRODUCT('C_Disc_D50mm_W25mm_P500mm','C_Disc_D50mm_W25mm_P500mm',
  '',(#534));
#534 = PRODUCT_CONTEXT('',#2,'mechanical');
#535 = PRODUCT_DEFINITION_CONTEXT('part definition',#2,'design');
#536 = ADVANCED_BREP_SHAPE_REPRESENTATION('',(#11,#537),#1019);
#537 = MANIFOLD_SOLID_BREP('',#538);
#538 = CLOSED_SHELL('',(#539,#556,#581,#611,#745,#846,#928,#955,#985,
    #1010));
#539 = ADVANCED_FACE('',(#540),#551,.T.);
#540 = FACE_BOUND('',#541,.F.);
#541 = EDGE_LOOP('',(#542));
#542 = ORIENTED_EDGE('',*,*,#543,.T.);
#543 = EDGE_CURVE('',#544,#544,#546,.T.);
#544 = VERTEX_POINT('',#545);
#545 = CARTESIAN_POINT('',(5.,0.25,-2.));
#546 = CIRCLE('',#547,0.25);
#547 = AXIS2_PLACEMENT_3D('',#548,#549,#550);
#548 = CARTESIAN_POINT('',(5.,0.,-2.));
#549 = DIRECTION('',(0.,-0.,1.));
#550 = DIRECTION('',(1.144237745222E-17,1.,0.));
#551 = PLANE('',#552);
#552 = AXIS2_PLACEMENT_3D('',#553,#554,#555);
#553 = CARTESIAN_POINT('',(5.,0.25,-2.));
#554 = DIRECTION('',(-0.,0.,-1.));
#555 = DIRECTION('',(-1.144237745222E-17,-1.,0.));
#556 = ADVANCED_FACE('',(#557),#576,.T.);
#557 = FACE_BOUND('',#558,.T.);
#558 = EDGE_LOOP('',(#559,#567,#574,#575));
#559 = ORIENTED_EDGE('',*,*,#560,.T.);
#560 = EDGE_CURVE('',#544,#561,#563,.T.);
#561 = VERTEX_POINT('',#562);
#562 = CARTESIAN_POINT('',(5.,0.25,0.85));
#563 = LINE('',#564,#565);
#564 = CARTESIAN_POINT('',(5.,0.25,-2.));
#565 = VECTOR('',#566,1.);
#566 = DIRECTION('',(0.,0.,1.));
#567 = ORIENTED_EDGE('',*,*,#568,.F.);
#568 = EDGE_CURVE('',#561,#561,#569,.T.);
#569 = CIRCLE('',#570,0.25);
#570 = AXIS2_PLACEMENT_3D('',#571,#572,#573);
#571 = CARTESIAN_POINT('',(5.,0.,0.85));
#572 = DIRECTION('',(0.,-0.,1.));
#573 = DIRECTION('',(1.144237745222E-17,1.,0.));
#574 = ORIENTED_EDGE('',*,*,#560,.F.);
#575 = ORIENTED_EDGE('',*,*,#543,.T.);
#576 = CYLINDRICAL_SURFACE('',#577,0.25);
#577 = AXIS2_PLACEMENT_3D('',#578,#579,#580);
#578 = CARTESIAN_POINT('',(5.,0.,-2.));
#579 = DIRECTION('',(0.,-0.,-1.));
#580 = DIRECTION('',(1.144237745222E-17,1.,0.));
#581 = ADVANCED_FACE('',(#582),#602,.F.);
#582 = FACE_BOUND('',#583,.F.);
#583 = EDGE_LOOP('',(#584,#593,#594,#595));
#584 = ORIENTED_EDGE('',*,*,#585,.F.);
#585 = EDGE_CURVE('',#561,#586,#588,.T.);
#586 = VERTEX_POINT('',#587);
#587 = CARTESIAN_POINT('',(4.933012701892,0.25,1.1));
#588 = CIRCLE('',#589,0.5);
#589 = AXIS2_PLACEMENT_3D('',#590,#591,#592);
#590 = CARTESIAN_POINT('',(4.5,0.25,0.85));
#591 = DIRECTION('',(-1.144237745222E-17,-1.,0.));
#592 = DIRECTION('',(1.,-1.144237745222E-17,0.));
#593 = ORIENTED_EDGE('',*,*,#568,.F.);
#594 = ORIENTED_EDGE('',*,*,#585,.T.);
#595 = ORIENTED_EDGE('',*,*,#596,.T.);
#596 = EDGE_CURVE('',#586,#586,#597,.T.);
#597 = CIRCLE('',#598,0.25);
#598 = AXIS2_PLACEMENT_3D('',#599,#600,#601);
#599 = CARTESIAN_POINT('',(4.933012701892,5.500816221034E-34,1.1));
#600 = DIRECTION('',(-0.5,5.721188726112E-18,0.866025403784));
#601 = DIRECTION('',(1.144237745222E-17,1.,0.));
#602 = SURFACE_OF_REVOLUTION('',#603,#608);
#603 = CIRCLE('',#604,0.25);
#604 = AXIS2_PLACEMENT_3D('',#605,#606,#607);
#605 = CARTESIAN_POINT('',(5.,0.,0.85));
#606 = DIRECTION('',(0.,-0.,1.));
#607 = DIRECTION('',(1.144237745222E-17,1.,0.));
#608 = AXIS1_PLACEMENT('',#609,#610);
#609 = CARTESIAN_POINT('',(4.5,-4.,0.85));
#610 = DIRECTION('',(-1.144237745222E-17,-1.,0.));
#611 = ADVANCED_FACE('',(#612),#740,.T.);
#612 = FACE_BOUND('',#613,.T.);
#613 = EDGE_LOOP('',(#614,#622,#659,#715,#738,#739));
#614 = ORIENTED_EDGE('',*,*,#615,.T.);
#615 = EDGE_CURVE('',#586,#616,#618,.T.);
#616 = VERTEX_POINT('',#617);
#617 = CARTESIAN_POINT('',(4.598334876348,0.25,1.67967899801));
#618 = LINE('',#619,#620);
#619 = CARTESIAN_POINT('',(4.933012701892,0.25,1.1));
#620 = VECTOR('',#621,1.);
#621 = DIRECTION('',(-0.5,5.721188726112E-18,0.866025403784));
#622 = ORIENTED_EDGE('',*,*,#623,.F.);
#623 = EDGE_CURVE('',#624,#616,#626,.T.);
#624 = VERTEX_POINT('',#625);
#625 = CARTESIAN_POINT('',(4.849268064747,2.22044604925E-16,
    1.745049966396));
#626 = B_SPLINE_CURVE_WITH_KNOTS('',7,(#627,#628,#629,#630,#631,#632,
    #633,#634,#635,#636,#637,#638,#639,#640,#641,#642,#643,#644,#645,
    #646,#647,#648,#649,#650,#651,#652,#653,#654,#655,#656,#657,#658),
  .UNSPECIFIED.,.F.,.F.,(8,6,6,6,6,8),(0.,0.241763709565,0.410219393977,
    0.53652090117,0.746819928834,1.),.UNSPECIFIED.);
#627 = CARTESIAN_POINT('',(4.849268064747,2.22044604925E-16,
    1.745049966396));
#628 = CARTESIAN_POINT('',(4.844364001498,1.001758874615E-02,
    1.753544053108));
#629 = CARTESIAN_POINT('',(4.839050542048,2.032222277663E-02,
    1.761810882376));
#630 = CARTESIAN_POINT('',(4.833282119644,3.09553234543E-02,
    1.769830860094));
#631 = CARTESIAN_POINT('',(4.827007808277,4.19533636841E-02,
    1.777563706468));
#632 = CARTESIAN_POINT('',(4.820156869887,5.335972239721E-02,
    1.784937757425));
#633 = CARTESIAN_POINT('',(4.812654445026,6.521344490044E-02,
    1.791860790374));
#634 = CARTESIAN_POINT('',(4.798541655418,8.626048624641E-02,
    1.802556496601));
#635 = CARTESIAN_POINT('',(4.792502758244,9.494432076344E-02,
    1.80653384436));
#636 = CARTESIAN_POINT('',(4.786214684815,0.103658414056,1.810054547962)
  );
#637 = CARTESIAN_POINT('',(4.779676548822,0.112384519975,1.813070715723)
  );
#638 = CARTESIAN_POINT('',(4.772892242487,0.121096801108,1.815528388152)
  );
#639 = CARTESIAN_POINT('',(4.765870436561,0.129761828785,1.817367537947)
  );
#640 = CARTESIAN_POINT('',(4.753191919698,0.144769099183,1.819387693132)
  );
#641 = CARTESIAN_POINT('',(4.747633142674,0.151151003548,1.819870466346)
  );
#642 = CARTESIAN_POINT('',(4.741957304551,0.157462287585,1.819940124931)
  );
#643 = CARTESIAN_POINT('',(4.736177207874,0.16367854908,1.819570425239)
  );
#644 = CARTESIAN_POINT('',(4.730309402433,0.169772992177,1.818739144678)
  );
#645 = CARTESIAN_POINT('',(4.724374185264,0.175716427387,1.817428081711)
  );
#646 = CARTESIAN_POINT('',(4.708440925053,0.191069397272,1.812617587517)
  );
#647 = CARTESIAN_POINT('',(4.698342251762,0.200179567672,1.808239048518)
  );
#648 = CARTESIAN_POINT('',(4.688276068011,0.208600246808,1.802446960471)
  );
#649 = CARTESIAN_POINT('',(4.678382446843,0.216203663219,1.795293526394)
  );
#650 = CARTESIAN_POINT('',(4.668780572755,0.222911046087,1.786901062703)
  );
#651 = CARTESIAN_POINT('',(4.659576067045,0.228682208447,1.777454057665)
  );
#652 = CARTESIAN_POINT('',(4.640366931202,0.239356313732,1.754867994485)
  );
#653 = CARTESIAN_POINT('',(4.631423567489,0.24337539305,1.742360451828)
  );
#654 = CARTESIAN_POINT('',(4.623444904041,0.246276217548,1.729806365285)
  );
#655 = CARTESIAN_POINT('',(4.616297148448,0.248221538981,1.717250157528)
  );
#656 = CARTESIAN_POINT('',(4.60978615485,0.249434404961,1.704718873159)
  );
#657 = CARTESIAN_POINT('',(4.603828651289,0.249999998934,1.692204820721)
  );
#658 = CARTESIAN_POINT('',(4.598334876348,0.25,1.67967899801));
#659 = ORIENTED_EDGE('',*,*,#660,.F.);
#660 = EDGE_CURVE('',#661,#624,#663,.T.);
#661 = VERTEX_POINT('',#662);
#662 = CARTESIAN_POINT('',(4.579497089263,2.22044604925E-16,
    1.212307002343));
#663 = B_SPLINE_CURVE_WITH_KNOTS('',8,(#664,#665,#666,#667,#668,#669,
    #670,#671,#672,#673,#674,#675,#676,#677,#678,#679,#680,#681,#682,
    #683,#684,#685,#686,#687,#688,#689,#690,#691,#692,#693,#694,#695,
    #696,#697,#698,#699,#700,#701,#702,#703,#704,#705,#706,#707,#708,
    #709,#710,#711,#712,#713,#714),.UNSPECIFIED.,.F.,.F.,(9,7,7,7,7,7,7,
    9),(0.,0.19078736286,0.369786424479,0.513703292981,0.651485740399,
    0.719841574329,0.850671073529,1.),.UNSPECIFIED.);
#664 = CARTESIAN_POINT('',(4.579497089263,2.498001805407E-16,
    1.212307002343));
#665 = CARTESIAN_POINT('',(4.573387972941,-1.460665884341E-02,
    1.222888302202));
#666 = CARTESIAN_POINT('',(4.567872793808,-2.901585421323E-02,
    1.234391492263));
#667 = CARTESIAN_POINT('',(4.562924967853,-4.321614467519E-02,
    1.246770598809));
#668 = CARTESIAN_POINT('',(4.558529269717,-5.719266388664E-02,
    1.259994825522));
#669 = CARTESIAN_POINT('',(4.554678380237,-7.092786565873E-02,
    1.274043557557));
#670 = CARTESIAN_POINT('',(4.551371358063,-8.440178729829E-02,
    1.288904308098));
#671 = CARTESIAN_POINT('',(4.54861403534,-9.75918312297E-02,
    1.304573607428));
#672 = CARTESIAN_POINT('',(4.544364121213,-0.122556459299,1.336529354653
    ));
#673 = CARTESIAN_POINT('',(4.54280525738,-0.134360058047,1.352707443955)
  );
#674 = CARTESIAN_POINT('',(4.541755282839,-0.145866851387,1.369607709551
    ));
#675 = CARTESIAN_POINT('',(4.541233573854,-0.157050082566,1.387243425374
    ));
#676 = CARTESIAN_POINT('',(4.541269384929,-0.167871628778,1.405629460697
    ));
#677 = CARTESIAN_POINT('',(4.541900768006,-0.178282922567,1.424780748836
    ));
#678 = CARTESIAN_POINT('',(4.543178413136,-0.188223408141,1.444716731634
    ));
#679 = CARTESIAN_POINT('',(4.546791913086,-0.205161463833,1.482174244549
    ));
#680 = CARTESIAN_POINT('',(4.548867568358,-0.212336815491,1.499365112402
    ));
#681 = CARTESIAN_POINT('',(4.551449322994,-0.21911262951,1.517101248612)
  );
#682 = CARTESIAN_POINT('',(4.554588949033,-0.225434790367,1.535405455025
    ));
#683 = CARTESIAN_POINT('',(4.558351203287,-0.23121980149,1.554273840107)
  );
#684 = CARTESIAN_POINT('',(4.562809380792,-0.236360279408,1.57367194637)
  );
#685 = CARTESIAN_POINT('',(4.56804938678,-0.240723818141,1.593536348114)
  );
#686 = CARTESIAN_POINT('',(4.580083375897,-0.247394677691,1.633180338834
    ));
#687 = CARTESIAN_POINT('',(4.586845109335,-0.249805464857,1.65307009704)
  );
#688 = CARTESIAN_POINT('',(4.594548081019,-0.25114837322,1.673181590757)
  );
#689 = CARTESIAN_POINT('',(4.603234095602,-0.251199397317,1.693144207547
    ));
#690 = CARTESIAN_POINT('',(4.612904709005,-0.249766604459,1.712525487432
    ));
#691 = CARTESIAN_POINT('',(4.623510669589,-0.246703489644,1.730835828697
    ));
#692 = CARTESIAN_POINT('',(4.634913431764,-0.241958998128,1.747561890486
    ));
#693 = CARTESIAN_POINT('',(4.652674340329,-0.232636318869,1.769587500065
    ));
#694 = CARTESIAN_POINT('',(4.658793561142,-0.229121074946,1.776545002843
    ));
#695 = CARTESIAN_POINT('',(4.665132494898,-0.225165084099,1.78308873275)
  );
#696 = CARTESIAN_POINT('',(4.671673437455,-0.220762392381,1.789157782984
    ));
#697 = CARTESIAN_POINT('',(4.678390938392,-0.215918012519,1.794697882872
    ));
#698 = CARTESIAN_POINT('',(4.685251801011,-0.210647923916,1.79966139787)
  );
#699 = CARTESIAN_POINT('',(4.692215082337,-0.204979072648,1.80400732956)
  );
#700 = CARTESIAN_POINT('',(4.712662285579,-0.187408838047,1.814771412284
    ));
#701 = CARTESIAN_POINT('',(4.725089984166,-0.175584738619,1.818840798146
    ));
#702 = CARTESIAN_POINT('',(4.736706919844,-0.16366938184,1.820787771474)
  );
#703 = CARTESIAN_POINT('',(4.747577380936,-0.151759451498,1.821004004895
    ));
#704 = CARTESIAN_POINT('',(4.757786419455,-0.13992141729,1.819855513126)
  );
#705 = CARTESIAN_POINT('',(4.767404145421,-0.128164571922,1.817548969936
    ));
#706 = CARTESIAN_POINT('',(4.776513227192,-0.116465113698,1.814245747812
    ));
#707 = CARTESIAN_POINT('',(4.795110133981,-9.138315207225E-02,
    1.805184241801));
#708 = CARTESIAN_POINT('',(4.804401047084,-7.808906169928E-02,
    1.79917878212));
#709 = CARTESIAN_POINT('',(4.813131750415,-6.487082818957E-02,
    1.792169953268));
#710 = CARTESIAN_POINT('',(4.821336999308,-5.173108947652E-02,
    1.784267640052));
#711 = CARTESIAN_POINT('',(4.829040151353,-3.867252726795E-02,
    1.77555243203));
#712 = CARTESIAN_POINT('',(4.836257613555,-2.569717297862E-02,
    1.766085410303));
#713 = CARTESIAN_POINT('',(4.842998828532,-1.280624391766E-02,
    1.755908602047));
#714 = CARTESIAN_POINT('',(4.849268064747,2.498001805407E-16,
    1.745049966396));
#715 = ORIENTED_EDGE('',*,*,#716,.F.);
#716 = EDGE_CURVE('',#616,#661,#717,.T.);
#717 = B_SPLINE_CURVE_WITH_KNOTS('',7,(#718,#719,#720,#721,#722,#723,
    #724,#725,#726,#727,#728,#729,#730,#731,#732,#733,#734,#735,#736,
    #737),.UNSPECIFIED.,.F.,.F.,(8,6,6,8),(0.,0.281994812219,
    0.607907449028,1.),.UNSPECIFIED.);
#718 = CARTESIAN_POINT('',(4.598334876348,0.25,1.67967899801));
#719 = CARTESIAN_POINT('',(4.59140316225,0.249999998655,1.663874664792)
  );
#720 = CARTESIAN_POINT('',(4.584779319419,0.249097702928,1.647066430358)
  );
#721 = CARTESIAN_POINT('',(4.57848797922,0.247237965056,1.629245900853)
  );
#722 = CARTESIAN_POINT('',(4.572567416869,0.244351132052,1.610414633265)
  );
#723 = CARTESIAN_POINT('',(4.567069136716,0.240354966676,1.590588712837)
  );
#724 = CARTESIAN_POINT('',(4.562056059024,0.235162078935,1.569806567483)
  );
#725 = CARTESIAN_POINT('',(4.552465184222,0.221156737986,1.523036611148)
  );
#726 = CARTESIAN_POINT('',(4.548017978227,0.211820586954,1.496455272772)
  );
#727 = CARTESIAN_POINT('',(4.544499521247,0.2005382536,1.468779146536));
#728 = CARTESIAN_POINT('',(4.542122564392,0.187310533223,1.440582892474)
  );
#729 = CARTESIAN_POINT('',(4.541040445648,0.172323535548,1.41259935383)
  );
#730 = CARTESIAN_POINT('',(4.541313919702,0.156017752716,1.385700124238)
  );
#731 = CARTESIAN_POINT('',(4.54438761915,0.119293483306,1.331066240948)
  );
#732 = CARTESIAN_POINT('',(4.547692372034,9.868060220454E-02,
    1.304224275262));
#733 = CARTESIAN_POINT('',(4.552320107241,7.804002353955E-02,
    1.280481999293));
#734 = CARTESIAN_POINT('',(4.557990364705,5.773102402524E-02,
    1.259686288118));
#735 = CARTESIAN_POINT('',(4.564484824922,3.794535222575E-02,
    1.241582242932));
#736 = CARTESIAN_POINT('',(4.571664728431,1.872686925256E-02,
    1.225873049248));
#737 = CARTESIAN_POINT('',(4.579497089263,2.22044604925E-16,
    1.212307002343));
#738 = ORIENTED_EDGE('',*,*,#615,.F.);
#739 = ORIENTED_EDGE('',*,*,#596,.T.);
#740 = CYLINDRICAL_SURFACE('',#741,0.25);
#741 = AXIS2_PLACEMENT_3D('',#742,#743,#744);
#742 = CARTESIAN_POINT('',(4.933012701892,0.,1.1));
#743 = DIRECTION('',(0.5,-5.721188726112E-18,-0.866025403784));
#744 = DIRECTION('',(1.144237745222E-17,1.,0.));
#745 = ADVANCED_FACE('',(#746),#841,.T.);
#746 = FACE_BOUND('',#747,.T.);
#747 = EDGE_LOOP('',(#748,#759,#760,#767,#768,#769,#778,#834));
#748 = ORIENTED_EDGE('',*,*,#749,.F.);
#749 = EDGE_CURVE('',#750,#752,#754,.T.);
#750 = VERTEX_POINT('',#751);
#751 = CARTESIAN_POINT('',(2.5,1.25,2.6));
#752 = VERTEX_POINT('',#753);
#753 = CARTESIAN_POINT('',(-8.881784197001E-16,2.22044604925E-16,2.6));
#754 = CIRCLE('',#755,3.125);
#755 = AXIS2_PLACEMENT_3D('',#756,#757,#758);
#756 = CARTESIAN_POINT('',(2.5,-1.875,2.6));
#757 = DIRECTION('',(0.,0.,1.));
#758 = DIRECTION('',(-7.105427357601E-16,1.,0.));
#759 = ORIENTED_EDGE('',*,*,#749,.T.);
#760 = ORIENTED_EDGE('',*,*,#761,.F.);
#761 = EDGE_CURVE('',#624,#752,#762,.T.);
#762 = CIRCLE('',#763,2.5);
#763 = AXIS2_PLACEMENT_3D('',#764,#765,#766);
#764 = CARTESIAN_POINT('',(2.5,2.22044604925E-16,2.6));
#765 = DIRECTION('',(0.,-1.,0.));
#766 = DIRECTION('',(-1.,0.,0.));
#767 = ORIENTED_EDGE('',*,*,#623,.T.);
#768 = ORIENTED_EDGE('',*,*,#716,.T.);
#769 = ORIENTED_EDGE('',*,*,#770,.F.);
#770 = EDGE_CURVE('',#771,#661,#773,.T.);
#771 = VERTEX_POINT('',#772);
#772 = CARTESIAN_POINT('',(0.420502910737,2.22044604925E-16,
    1.212307002343));
#773 = CIRCLE('',#774,2.5);
#774 = AXIS2_PLACEMENT_3D('',#775,#776,#777);
#775 = CARTESIAN_POINT('',(2.5,2.22044604925E-16,2.6));
#776 = DIRECTION('',(0.,-1.,0.));
#777 = DIRECTION('',(-1.,0.,0.));
#778 = ORIENTED_EDGE('',*,*,#779,.T.);
#779 = EDGE_CURVE('',#771,#780,#782,.T.);
#780 = VERTEX_POINT('',#781);
#781 = CARTESIAN_POINT('',(0.150731935253,2.22044604925E-16,
    1.745049966396));
#782 = B_SPLINE_CURVE_WITH_KNOTS('',8,(#783,#784,#785,#786,#787,#788,
    #789,#790,#791,#792,#793,#794,#795,#796,#797,#798,#799,#800,#801,
    #802,#803,#804,#805,#806,#807,#808,#809,#810,#811,#812,#813,#814,
    #815,#816,#817,#818,#819,#820,#821,#822,#823,#824,#825,#826,#827,
    #828,#829,#830,#831,#832,#833),.UNSPECIFIED.,.F.,.F.,(9,7,7,7,7,7,7,
    9),(0.,0.190787362857,0.369786424466,0.513703292965,0.651485740381,
    0.719841574311,0.85067107352,1.),.UNSPECIFIED.);
#783 = CARTESIAN_POINT('',(0.420502910737,2.22044604925E-16,
    1.212307002343));
#784 = CARTESIAN_POINT('',(0.426612027059,1.460665884349E-02,
    1.222888302202));
#785 = CARTESIAN_POINT('',(0.432127206192,2.90158542134E-02,
    1.234391492264));
#786 = CARTESIAN_POINT('',(0.437075032147,4.321614467543E-02,
    1.246770598809));
#787 = CARTESIAN_POINT('',(0.441470730283,5.719266388696E-02,
    1.259994825523));
#788 = CARTESIAN_POINT('',(0.445321619763,7.092786565911E-02,
    1.274043557557));
#789 = CARTESIAN_POINT('',(0.448628641937,8.440178729875E-02,
    1.288904308099));
#790 = CARTESIAN_POINT('',(0.45138596466,9.759183123022E-02,
    1.304573607429));
#791 = CARTESIAN_POINT('',(0.455635878787,0.122556459299,1.336529354654)
  );
#792 = CARTESIAN_POINT('',(0.45719474262,0.134360058047,1.352707443955)
  );
#793 = CARTESIAN_POINT('',(0.458244717161,0.145866851387,1.36960770955)
  );
#794 = CARTESIAN_POINT('',(0.458766426146,0.157050082565,1.387243425373)
  );
#795 = CARTESIAN_POINT('',(0.458730615071,0.167871628776,1.405629460695)
  );
#796 = CARTESIAN_POINT('',(0.458099231994,0.178282922565,1.424780748833)
  );
#797 = CARTESIAN_POINT('',(0.456821586864,0.188223408139,1.444716731629)
  );
#798 = CARTESIAN_POINT('',(0.453208086915,0.205161463831,1.482174244543)
  );
#799 = CARTESIAN_POINT('',(0.451132431643,0.212336815489,1.499365112397)
  );
#800 = CARTESIAN_POINT('',(0.448550677007,0.219112629508,1.517101248607)
  );
#801 = CARTESIAN_POINT('',(0.445411050968,0.225434790365,1.535405455019)
  );
#802 = CARTESIAN_POINT('',(0.441648796714,0.231219801489,1.554273840102)
  );
#803 = CARTESIAN_POINT('',(0.437190619209,0.236360279407,1.573671946365)
  );
#804 = CARTESIAN_POINT('',(0.431950613221,0.24072381814,1.593536348108)
  );
#805 = CARTESIAN_POINT('',(0.419916624105,0.24739467769,1.633180338828)
  );
#806 = CARTESIAN_POINT('',(0.413154890668,0.249805464856,1.653070097035)
  );
#807 = CARTESIAN_POINT('',(0.405451918983,0.25114837322,1.673181590751)
  );
#808 = CARTESIAN_POINT('',(0.396765904401,0.251199397317,1.693144207542)
  );
#809 = CARTESIAN_POINT('',(0.387095290998,0.249766604459,1.712525487427)
  );
#810 = CARTESIAN_POINT('',(0.376489330414,0.246703489645,1.730835828693)
  );
#811 = CARTESIAN_POINT('',(0.365086568239,0.24195899813,1.747561890482)
  );
#812 = CARTESIAN_POINT('',(0.347325659674,0.232636318871,1.769587500061)
  );
#813 = CARTESIAN_POINT('',(0.341206438861,0.229121074948,1.776545002841)
  );
#814 = CARTESIAN_POINT('',(0.334867505104,0.225165084101,1.783088732748)
  );
#815 = CARTESIAN_POINT('',(0.328326562548,0.220762392383,1.789157782982)
  );
#816 = CARTESIAN_POINT('',(0.321609061611,0.215918012521,1.79469788287)
  );
#817 = CARTESIAN_POINT('',(0.314748198992,0.210647923918,1.799661397867)
  );
#818 = CARTESIAN_POINT('',(0.307784917667,0.204979072651,1.804007329558)
  );
#819 = CARTESIAN_POINT('',(0.287337714424,0.187408838051,1.814771412283)
  );
#820 = CARTESIAN_POINT('',(0.274910015837,0.175584738623,1.818840798145)
  );
#821 = CARTESIAN_POINT('',(0.263293080159,0.163669381843,1.820787771474)
  );
#822 = CARTESIAN_POINT('',(0.252422619066,0.151759451501,1.821004004895)
  );
#823 = CARTESIAN_POINT('',(0.242213580548,0.139921417292,1.819855513126)
  );
#824 = CARTESIAN_POINT('',(0.23259585458,0.128164571924,1.817548969937)
  );
#825 = CARTESIAN_POINT('',(0.223486772809,0.1164651137,1.814245747813));
#826 = CARTESIAN_POINT('',(0.20488986602,9.138315207386E-02,
    1.805184241801));
#827 = CARTESIAN_POINT('',(0.195598952917,7.808906170067E-02,
    1.799178782121));
#828 = CARTESIAN_POINT('',(0.186868249586,6.487082819071E-02,
    1.792169953268));
#829 = CARTESIAN_POINT('',(0.178663000692,5.173108947742E-02,
    1.784267640052));
#830 = CARTESIAN_POINT('',(0.170959848647,3.867252726864E-02,
    1.775552432031));
#831 = CARTESIAN_POINT('',(0.163742386445,2.569717297907E-02,
    1.766085410303));
#832 = CARTESIAN_POINT('',(0.157001171468,1.280624391788E-02,
    1.755908602047));
#833 = CARTESIAN_POINT('',(0.150731935253,2.22044604925E-16,
    1.745049966396));
#834 = ORIENTED_EDGE('',*,*,#835,.F.);
#835 = EDGE_CURVE('',#752,#780,#836,.T.);
#836 = CIRCLE('',#837,2.5);
#837 = AXIS2_PLACEMENT_3D('',#838,#839,#840);
#838 = CARTESIAN_POINT('',(2.5,2.22044604925E-16,2.6));
#839 = DIRECTION('',(0.,-1.,0.));
#840 = DIRECTION('',(-1.,0.,0.));
#841 = SPHERICAL_SURFACE('',#842,3.125);
#842 = AXIS2_PLACEMENT_3D('',#843,#844,#845);
#843 = CARTESIAN_POINT('',(2.5,-1.875,2.6));
#844 = DIRECTION('',(0.,-1.,0.));
#845 = DIRECTION('',(-1.,0.,0.));
#846 = ADVANCED_FACE('',(#847),#923,.T.);
#847 = FACE_BOUND('',#848,.T.);
#848 = EDGE_LOOP('',(#849,#858,#859,#896,#919,#920,#921,#922));
#849 = ORIENTED_EDGE('',*,*,#850,.F.);
#850 = EDGE_CURVE('',#752,#851,#853,.T.);
#851 = VERTEX_POINT('',#852);
#852 = CARTESIAN_POINT('',(2.5,-1.25,2.6));
#853 = CIRCLE('',#854,3.125);
#854 = AXIS2_PLACEMENT_3D('',#855,#856,#857);
#855 = CARTESIAN_POINT('',(2.5,1.875,2.6));
#856 = DIRECTION('',(0.,0.,1.));
#857 = DIRECTION('',(-0.8,-0.6,0.));
#858 = ORIENTED_EDGE('',*,*,#835,.T.);
#859 = ORIENTED_EDGE('',*,*,#860,.T.);
#860 = EDGE_CURVE('',#780,#861,#863,.T.);
#861 = VERTEX_POINT('',#862);
#862 = CARTESIAN_POINT('',(0.401665123652,-0.25,1.67967899801));
#863 = B_SPLINE_CURVE_WITH_KNOTS('',7,(#864,#865,#866,#867,#868,#869,
    #870,#871,#872,#873,#874,#875,#876,#877,#878,#879,#880,#881,#882,
    #883,#884,#885,#886,#887,#888,#889,#890,#891,#892,#893,#894,#895),
  .UNSPECIFIED.,.F.,.F.,(8,6,6,6,6,8),(0.,0.241763709606,0.410219394067,
    0.536520901234,0.746819928873,1.),.UNSPECIFIED.);
#864 = CARTESIAN_POINT('',(0.150731935253,1.942890293094E-16,
    1.745049966396));
#865 = CARTESIAN_POINT('',(0.155635998502,-1.00175887458E-02,
    1.753544053108));
#866 = CARTESIAN_POINT('',(0.160949457952,-2.032222277588E-02,
    1.761810882375));
#867 = CARTESIAN_POINT('',(0.166717880356,-3.095532345321E-02,
    1.769830860093));
#868 = CARTESIAN_POINT('',(0.172992191722,-4.195336368249E-02,
    1.777563706467));
#869 = CARTESIAN_POINT('',(0.179843130112,-5.335972239521E-02,
    1.784937757424));
#870 = CARTESIAN_POINT('',(0.187345554972,-6.52134448979E-02,
    1.791860790373));
#871 = CARTESIAN_POINT('',(0.20145834458,-8.626048624403E-02,
    1.8025564966));
#872 = CARTESIAN_POINT('',(0.207497241755,-9.494432076174E-02,
    1.806533844359));
#873 = CARTESIAN_POINT('',(0.213785315184,-0.103658414054,1.810054547961
    ));
#874 = CARTESIAN_POINT('',(0.220323451176,-0.112384519971,1.813070715722
    ));
#875 = CARTESIAN_POINT('',(0.227107757509,-0.121096801103,1.815528388151
    ));
#876 = CARTESIAN_POINT('',(0.234129563435,-0.129761828779,1.817367537946
    ));
#877 = CARTESIAN_POINT('',(0.246808080298,-0.14476909918,1.819387693132)
  );
#878 = CARTESIAN_POINT('',(0.252366857324,-0.151151003546,1.819870466346
    ));
#879 = CARTESIAN_POINT('',(0.258042695449,-0.157462287585,1.819940124931
    ));
#880 = CARTESIAN_POINT('',(0.263822792127,-0.16367854908,1.819570425239)
  );
#881 = CARTESIAN_POINT('',(0.269690597568,-0.169772992178,1.818739144678
    ));
#882 = CARTESIAN_POINT('',(0.275625814735,-0.175716427386,1.817428081711
    ));
#883 = CARTESIAN_POINT('',(0.291559074948,-0.191069397273,1.812617587517
    ));
#884 = CARTESIAN_POINT('',(0.301657748239,-0.200179567672,1.808239048518
    ));
#885 = CARTESIAN_POINT('',(0.311723931989,-0.208600246808,1.802446960471
    ));
#886 = CARTESIAN_POINT('',(0.321617553155,-0.216203663218,1.795293526394
    ));
#887 = CARTESIAN_POINT('',(0.331219427242,-0.222911046085,1.786901062705
    ));
#888 = CARTESIAN_POINT('',(0.340423932952,-0.228682208446,1.777454057668
    ));
#889 = CARTESIAN_POINT('',(0.359633068796,-0.239356313731,1.754867994488
    ));
#890 = CARTESIAN_POINT('',(0.368576432509,-0.24337539305,1.74236045183)
  );
#891 = CARTESIAN_POINT('',(0.376555095958,-0.246276217548,1.729806365287
    ));
#892 = CARTESIAN_POINT('',(0.383702851552,-0.248221538981,1.717250157529
    ));
#893 = CARTESIAN_POINT('',(0.39021384515,-0.249434404961,1.70471887316)
  );
#894 = CARTESIAN_POINT('',(0.396171348711,-0.249999998934,1.692204820721
    ));
#895 = CARTESIAN_POINT('',(0.401665123652,-0.25,1.67967899801));
#896 = ORIENTED_EDGE('',*,*,#897,.T.);
#897 = EDGE_CURVE('',#861,#771,#898,.T.);
#898 = B_SPLINE_CURVE_WITH_KNOTS('',7,(#899,#900,#901,#902,#903,#904,
    #905,#906,#907,#908,#909,#910,#911,#912,#913,#914,#915,#916,#917,
    #918),.UNSPECIFIED.,.F.,.F.,(8,6,6,8),(0.,0.281994812224,
    0.607907449014,1.),.UNSPECIFIED.);
#899 = CARTESIAN_POINT('',(0.401665123652,-0.25,1.67967899801));
#900 = CARTESIAN_POINT('',(0.40859683775,-0.249999998655,1.663874664792)
  );
#901 = CARTESIAN_POINT('',(0.415220680581,-0.249097702928,1.647066430357
    ));
#902 = CARTESIAN_POINT('',(0.42151202078,-0.247237965056,1.629245900852)
  );
#903 = CARTESIAN_POINT('',(0.427432583132,-0.244351132051,1.610414633263
    ));
#904 = CARTESIAN_POINT('',(0.432930863285,-0.240354966676,1.590588712835
    ));
#905 = CARTESIAN_POINT('',(0.437943940976,-0.235162078934,1.569806567481
    ));
#906 = CARTESIAN_POINT('',(0.447534815778,-0.221156737985,1.523036611146
    ));
#907 = CARTESIAN_POINT('',(0.451982021773,-0.211820586954,1.496455272772
    ));
#908 = CARTESIAN_POINT('',(0.455500478753,-0.200538253601,1.468779146538
    ));
#909 = CARTESIAN_POINT('',(0.457877435607,-0.187310533225,1.440582892477
    ));
#910 = CARTESIAN_POINT('',(0.458959554352,-0.172323535551,1.412599353835
    ));
#911 = CARTESIAN_POINT('',(0.458686080298,-0.15601775272,1.385700124245)
  );
#912 = CARTESIAN_POINT('',(0.45561238085,-0.119293483311,1.331066240954)
  );
#913 = CARTESIAN_POINT('',(0.452307627967,-9.868060220835E-02,
    1.304224275266));
#914 = CARTESIAN_POINT('',(0.44767989276,-7.804002354262E-02,
    1.280481999297));
#915 = CARTESIAN_POINT('',(0.442009635296,-5.773102402739E-02,
    1.25968628812));
#916 = CARTESIAN_POINT('',(0.435515175078,-3.79453522272E-02,
    1.241582242933));
#917 = CARTESIAN_POINT('',(0.42833527157,-1.872686925325E-02,
    1.225873049248));
#918 = CARTESIAN_POINT('',(0.420502910737,1.942890293094E-16,
    1.212307002343));
#919 = ORIENTED_EDGE('',*,*,#770,.T.);
#920 = ORIENTED_EDGE('',*,*,#660,.T.);
#921 = ORIENTED_EDGE('',*,*,#761,.T.);
#922 = ORIENTED_EDGE('',*,*,#850,.T.);
#923 = SPHERICAL_SURFACE('',#924,3.125);
#924 = AXIS2_PLACEMENT_3D('',#925,#926,#927);
#925 = CARTESIAN_POINT('',(2.5,1.875,2.6));
#926 = DIRECTION('',(0.,-1.,0.));
#927 = DIRECTION('',(-1.,0.,0.));
#928 = ADVANCED_FACE('',(#929),#950,.T.);
#929 = FACE_BOUND('',#930,.T.);
#930 = EDGE_LOOP('',(#931,#939,#940,#941,#942,#943));
#931 = ORIENTED_EDGE('',*,*,#932,.T.);
#932 = EDGE_CURVE('',#933,#861,#935,.T.);
#933 = VERTEX_POINT('',#934);
#934 = CARTESIAN_POINT('',(6.698729810778E-02,-0.25,1.1));
#935 = LINE('',#936,#937);
#936 = CARTESIAN_POINT('',(6.698729810778E-02,-0.25,1.1));
#937 = VECTOR('',#938,1.);
#938 = DIRECTION('',(0.5,5.551115123128E-17,0.866025403784));
#939 = ORIENTED_EDGE('',*,*,#860,.F.);
#940 = ORIENTED_EDGE('',*,*,#779,.F.);
#941 = ORIENTED_EDGE('',*,*,#897,.F.);
#942 = ORIENTED_EDGE('',*,*,#932,.F.);
#943 = ORIENTED_EDGE('',*,*,#944,.T.);
#944 = EDGE_CURVE('',#933,#933,#945,.T.);
#945 = CIRCLE('',#946,0.25);
#946 = AXIS2_PLACEMENT_3D('',#947,#948,#949);
#947 = CARTESIAN_POINT('',(6.698729810778E-02,5.337293624795E-33,1.1));
#948 = DIRECTION('',(0.5,5.551115123128E-17,0.866025403784));
#949 = DIRECTION('',(1.110223024625E-16,-1.,8.646655078321E-30));
#950 = CYLINDRICAL_SURFACE('',#951,0.25);
#951 = AXIS2_PLACEMENT_3D('',#952,#953,#954);
#952 = CARTESIAN_POINT('',(6.698729810778E-02,0.,1.1));
#953 = DIRECTION('',(-0.5,-5.551115123128E-17,-0.866025403784));
#954 = DIRECTION('',(1.110223024625E-16,-1.,8.646655078321E-30));
#955 = ADVANCED_FACE('',(#956),#976,.F.);
#956 = FACE_BOUND('',#957,.F.);
#957 = EDGE_LOOP('',(#958,#967,#974,#975));
#958 = ORIENTED_EDGE('',*,*,#959,.F.);
#959 = EDGE_CURVE('',#960,#933,#962,.T.);
#960 = VERTEX_POINT('',#961);
#961 = CARTESIAN_POINT('',(1.942890293094E-16,-0.25,0.85));
#962 = CIRCLE('',#963,0.5);
#963 = AXIS2_PLACEMENT_3D('',#964,#965,#966);
#964 = CARTESIAN_POINT('',(0.5,-0.25,0.85));
#965 = DIRECTION('',(-1.110223024625E-16,1.,0.));
#966 = DIRECTION('',(-1.,-1.110223024625E-16,0.));
#967 = ORIENTED_EDGE('',*,*,#968,.F.);
#968 = EDGE_CURVE('',#960,#960,#969,.T.);
#969 = CIRCLE('',#970,0.25);
#970 = AXIS2_PLACEMENT_3D('',#971,#972,#973);
#971 = CARTESIAN_POINT('',(1.665334536938E-16,0.,0.85));
#972 = DIRECTION('',(-0.,0.,1.));
#973 = DIRECTION('',(1.110223024625E-16,-1.,0.));
#974 = ORIENTED_EDGE('',*,*,#959,.T.);
#975 = ORIENTED_EDGE('',*,*,#944,.T.);
#976 = SURFACE_OF_REVOLUTION('',#977,#982);
#977 = CIRCLE('',#978,0.25);
#978 = AXIS2_PLACEMENT_3D('',#979,#980,#981);
#979 = CARTESIAN_POINT('',(1.665334536938E-16,0.,0.85));
#980 = DIRECTION('',(-0.,0.,1.));
#981 = DIRECTION('',(1.110223024625E-16,-1.,0.));
#982 = AXIS1_PLACEMENT('',#983,#984);
#983 = CARTESIAN_POINT('',(0.5,4.,0.85));
#984 = DIRECTION('',(-1.110223024625E-16,1.,0.));
#985 = ADVANCED_FACE('',(#986),#1005,.T.);
#986 = FACE_BOUND('',#987,.T.);
#987 = EDGE_LOOP('',(#988,#996,#997,#998));
#988 = ORIENTED_EDGE('',*,*,#989,.T.);
#989 = EDGE_CURVE('',#990,#960,#992,.T.);
#990 = VERTEX_POINT('',#991);
#991 = CARTESIAN_POINT('',(1.942890293094E-16,-0.25,-2.));
#992 = LINE('',#993,#994);
#993 = CARTESIAN_POINT('',(1.942890293094E-16,-0.25,-2.));
#994 = VECTOR('',#995,1.);
#995 = DIRECTION('',(0.,0.,1.));
#996 = ORIENTED_EDGE('',*,*,#968,.F.);
#997 = ORIENTED_EDGE('',*,*,#989,.F.);
#998 = ORIENTED_EDGE('',*,*,#999,.T.);
#999 = EDGE_CURVE('',#990,#990,#1000,.T.);
#1000 = CIRCLE('',#1001,0.25);
#1001 = AXIS2_PLACEMENT_3D('',#1002,#1003,#1004);
#1002 = CARTESIAN_POINT('',(1.665334536938E-16,0.,-2.));
#1003 = DIRECTION('',(-0.,0.,1.));
#1004 = DIRECTION('',(1.110223024625E-16,-1.,0.));
#1005 = CYLINDRICAL_SURFACE('',#1006,0.25);
#1006 = AXIS2_PLACEMENT_3D('',#1007,#1008,#1009);
#1007 = CARTESIAN_POINT('',(1.665334536938E-16,0.,-2.));
#1008 = DIRECTION('',(-0.,0.,-1.));
#1009 = DIRECTION('',(1.110223024625E-16,-1.,-0.));
#1010 = ADVANCED_FACE('',(#1011),#1014,.T.);
#1011 = FACE_BOUND('',#1012,.F.);
#1012 = EDGE_LOOP('',(#1013));
#1013 = ORIENTED_EDGE('',*,*,#999,.T.);
#1014 = PLANE('',#1015);
#1015 = AXIS2_PLACEMENT_3D('',#1016,#1017,#1018);
#1016 = CARTESIAN_POINT('',(1.942890293094E-16,-0.25,-2.));
#1017 = DIRECTION('',(0.,0.,-1.));
#1018 = DIRECTION('',(-1.110223024625E-16,1.,0.));
#1019 = ( GEOMETRIC_REPRESENTATION_CONTEXT(3) 
GLOBAL_UNCERTAINTY_ASSIGNED_CONTEXT((#1023)) 
GLOBAL_UNIT_ASSIGNED_CONTEXT((#1020,#1021,#1022)) REPRESENTATION_CONTEXT
('Context #1','3D Context with UNIT and UNCERTAINTY') );
#1020 = ( LENGTH_UNIT() NAMED_UNIT(*) SI_UNIT(.MILLI.,.METRE.) );
#1021 = ( NAMED_UNIT(*) PLANE_ANGLE_UNIT() SI_UNIT($,.RADIAN.) );
#1022 = ( NAMED_UNIT(*) SI_UNIT($,.STERADIAN.) SOLID_ANGLE_UNIT() );
#1023 = UNCERTAINTY_MEASURE_WITH_UNIT(LENGTH_MEASURE(2.E-07),#1020,
  'distance_accuracy_value','confusion accuracy');
#1024 = CONTEXT_DEPENDENT_SHAPE_REPRESENTATION(#1025,#1027);
#1025 = ( REPRESENTATION_RELATIONSHIP('','',#536,#513) 
REPRESENTATION_RELATIONSHIP_WITH_TRANSFORMATION(#1026) 
SHAPE_REPRESENTATION_RELATIONSHIP() );
#1026 = ITEM_DEFINED_TRANSFORMATION('','',#11,#514);
#1027 = PRODUCT_DEFINITION_SHAPE('Placement','Placement of an item',
  #1028);
#1028 = NEXT_ASSEMBLY_USAGE_OCCURRENCE('3','=>[0:1:1:5]','',#508,#531,$
  );
#1029 = PRODUCT_RELATED_PRODUCT_CATEGORY('part',$,(#533));
#1030 = SHAPE_DEFINITION_REPRESENTATION(#1031,#1037);
#1031 = PRODUCT_DEFINITION_SHAPE('','',#1032);
#1032 = PRODUCT_DEFINITION('design','',#1033,#1036);
#1033 = PRODUCT_DEFINITION_FORMATION('','',#1034);
#1034 = PRODUCT('PinHeader_1x02_P2.54mm_Vertical',
  'PinHeader_1x02_P2.54mm_Vertical','',(#1035));
#1035 = PRODUCT_CONTEXT('',#2,'mechanical');
#1036 = PRODUCT_DEFINITION_CONTEXT('part definition',#2,'design');
#1037 = SHAPE_REPRESENTATION('',(#11,#1038),#1042);
#1038 = AXIS2_PLACEMENT_3D('',#1039,#1040,#1041);
#1039 = CARTESIAN_POINT('',(0.,0.,0.));
#1040 = DIRECTION('',(0.,0.,1.));
#1041 = DIRECTION('',(1.,0.,-0.));
#1042 = ( GEOMETRIC_REPRESENTATION_CONTEXT(3) 
GLOBAL_UNCERTAINTY_ASSIGNED_CONTEXT((#1046)) 
GLOBAL_UNIT_ASSIGNED_CONTEXT((#1043,#1044,#1045)) REPRESENTATION_CONTEXT
('Context #1','3D Context with UNIT and UNCERTAINTY') );
#1043 = ( LENGTH_UNIT() NAMED_UNIT(*) SI_UNIT(.MILLI.,.METRE.) );
#1044 = ( NAMED_UNIT(*) PLANE_ANGLE_UNIT() SI_UNIT($,.RADIAN.) );
#1045 = ( NAMED_UNIT(*) SI_UNIT($,.STERADIAN.) SOLID_ANGLE_UNIT() );
#1046 = UNCERTAINTY_MEASURE_WITH_UNIT(LENGTH_MEASURE(1.E-07),#1043,
  'distance_accuracy_value','confusion accuracy');
#1047 = CONTEXT_DEPENDENT_SHAPE_REPRESENTATION(#1048,#1050);
#1048 = ( REPRESENTATION_RELATIONSHIP('','',#1037,#10) 
REPRESENTATION_RELATIONSHIP_WITH_TRANSFORMATION(#1049) 
SHAPE_REPRESENTATION_RELATIONSHIP() );
#1049 = ITEM_DEFINED_TRANSFORMATION('','',#11,#23);
#1050 = PRODUCT_DEFINITION_SHAPE('Placement','Placement of an item',
  #1051);
#1051 = NEXT_ASSEMBLY_USAGE_OCCURRENCE('6','SW2','',#5,#1032,$);
#1052 = PRODUCT_RELATED_PRODUCT_CATEGORY('part',$,(#1034));
#1053 = SHAPE_DEFINITION_REPRESENTATION(#1054,#1060);
#1054 = PRODUCT_DEFINITION_SHAPE('','',#1055);
#1055 = PRODUCT_DEFINITION('design','',#1056,#1059);
#1056 = PRODUCT_DEFINITION_FORMATION('','',#1057);
#1057 = PRODUCT('PinHeader_1x02_P254mm_Vertical',
  'PinHeader_1x02_P254mm_Vertical','',(#1058));
#1058 = PRODUCT_CONTEXT('',#2,'mechanical');
#1059 = PRODUCT_DEFINITION_CONTEXT('part definition',#2,'design');
#1060 = ADVANCED_BREP_SHAPE_REPRESENTATION('',(#11,#1061),#2493);
#1061 = MANIFOLD_SOLID_BREP('',#1062);
#1062 = CLOSED_SHELL('',(#1063,#1103,#1134,#1165,#1330,#1495,#1512,#1529
    ,#1546,#1563,#1580,#1597,#1614,#1631,#1648,#1665,#1677,#1708,#1732,
    #1756,#1773,#1804,#1828,#1852,#1869,#1900,#1924,#1948,#1965,#1996,
    #2020,#2044,#2061,#2092,#2116,#2140,#2157,#2188,#2212,#2236,#2253,
    #2284,#2308,#2332,#2349,#2380,#2404,#2428,#2445,#2457,#2469,#2481));
#1063 = ADVANCED_FACE('',(#1064),#1098,.F.);
#1064 = FACE_BOUND('',#1065,.F.);
#1065 = EDGE_LOOP('',(#1066,#1076,#1084,#1092));
#1066 = ORIENTED_EDGE('',*,*,#1067,.T.);
#1067 = EDGE_CURVE('',#1068,#1070,#1072,.T.);
#1068 = VERTEX_POINT('',#1069);
#1069 = CARTESIAN_POINT('',(-1.016,1.27,0.));
#1070 = VERTEX_POINT('',#1071);
#1071 = CARTESIAN_POINT('',(-1.016,1.27,2.54));
#1072 = LINE('',#1073,#1074);
#1073 = CARTESIAN_POINT('',(-1.016,1.27,0.));
#1074 = VECTOR('',#1075,1.);
#1075 = DIRECTION('',(0.,0.,1.));
#1076 = ORIENTED_EDGE('',*,*,#1077,.T.);
#1077 = EDGE_CURVE('',#1070,#1078,#1080,.T.);
#1078 = VERTEX_POINT('',#1079);
#1079 = CARTESIAN_POINT('',(-1.27,1.016,2.54));
#1080 = LINE('',#1081,#1082);
#1081 = CARTESIAN_POINT('',(-1.016,1.27,2.54));
#1082 = VECTOR('',#1083,1.);
#1083 = DIRECTION('',(-0.707106781187,-0.707106781187,0.));
#1084 = ORIENTED_EDGE('',*,*,#1085,.F.);
#1085 = EDGE_CURVE('',#1086,#1078,#1088,.T.);
#1086 = VERTEX_POINT('',#1087);
#1087 = CARTESIAN_POINT('',(-1.27,1.016,0.));
#1088 = LINE('',#1089,#1090);
#1089 = CARTESIAN_POINT('',(-1.27,1.016,0.));
#1090 = VECTOR('',#1091,1.);
#1091 = DIRECTION('',(0.,0.,1.));
#1092 = ORIENTED_EDGE('',*,*,#1093,.F.);
#1093 = EDGE_CURVE('',#1068,#1086,#1094,.T.);
#1094 = LINE('',#1095,#1096);
#1095 = CARTESIAN_POINT('',(-1.016,1.27,0.));
#1096 = VECTOR('',#1097,1.);
#1097 = DIRECTION('',(-0.707106781187,-0.707106781187,0.));
#1098 = PLANE('',#1099);
#1099 = AXIS2_PLACEMENT_3D('',#1100,#1101,#1102);
#1100 = CARTESIAN_POINT('',(-1.016,1.27,0.));
#1101 = DIRECTION('',(0.707106781187,-0.707106781187,0.));
#1102 = DIRECTION('',(-0.707106781187,-0.707106781187,0.));
#1103 = ADVANCED_FACE('',(#1104),#1129,.F.);
#1104 = FACE_BOUND('',#1105,.F.);
#1105 = EDGE_LOOP('',(#1106,#1116,#1122,#1123));
#1106 = ORIENTED_EDGE('',*,*,#1107,.T.);
#1107 = EDGE_CURVE('',#1108,#1110,#1112,.T.);
#1108 = VERTEX_POINT('',#1109);
#1109 = CARTESIAN_POINT('',(1.016,1.27,0.));
#1110 = VERTEX_POINT('',#1111);
#1111 = CARTESIAN_POINT('',(1.016,1.27,2.54));
#1112 = LINE('',#1113,#1114);
#1113 = CARTESIAN_POINT('',(1.016,1.27,0.));
#1114 = VECTOR('',#1115,1.);
#1115 = DIRECTION('',(0.,0.,1.));
#1116 = ORIENTED_EDGE('',*,*,#1117,.T.);
#1117 = EDGE_CURVE('',#1110,#1070,#1118,.T.);
#1118 = LINE('',#1119,#1120);
#1119 = CARTESIAN_POINT('',(1.016,1.27,2.54));
#1120 = VECTOR('',#1121,1.);
#1121 = DIRECTION('',(-1.,0.,0.));
#1122 = ORIENTED_EDGE('',*,*,#1067,.F.);
#1123 = ORIENTED_EDGE('',*,*,#1124,.F.);
#1124 = EDGE_CURVE('',#1108,#1068,#1125,.T.);
#1125 = LINE('',#1126,#1127);
#1126 = CARTESIAN_POINT('',(1.016,1.27,0.));
#1127 = VECTOR('',#1128,1.);
#1128 = DIRECTION('',(-1.,0.,0.));
#1129 = PLANE('',#1130);
#1130 = AXIS2_PLACEMENT_3D('',#1131,#1132,#1133);
#1131 = CARTESIAN_POINT('',(1.016,1.27,0.));
#1132 = DIRECTION('',(0.,-1.,0.));
#1133 = DIRECTION('',(-1.,0.,0.));
#1134 = ADVANCED_FACE('',(#1135),#1160,.F.);
#1135 = FACE_BOUND('',#1136,.F.);
#1136 = EDGE_LOOP('',(#1137,#1138,#1146,#1154));
#1137 = ORIENTED_EDGE('',*,*,#1085,.T.);
#1138 = ORIENTED_EDGE('',*,*,#1139,.T.);
#1139 = EDGE_CURVE('',#1078,#1140,#1142,.T.);
#1140 = VERTEX_POINT('',#1141);
#1141 = CARTESIAN_POINT('',(-1.27,-1.016,2.54));
#1142 = LINE('',#1143,#1144);
#1143 = CARTESIAN_POINT('',(-1.27,1.016,2.54));
#1144 = VECTOR('',#1145,1.);
#1145 = DIRECTION('',(0.,-1.,0.));
#1146 = ORIENTED_EDGE('',*,*,#1147,.F.);
#1147 = EDGE_CURVE('',#1148,#1140,#1150,.T.);
#1148 = VERTEX_POINT('',#1149);
#1149 = CARTESIAN_POINT('',(-1.27,-1.016,0.));
#1150 = LINE('',#1151,#1152);
#1151 = CARTESIAN_POINT('',(-1.27,-1.016,0.));
#1152 = VECTOR('',#1153,1.);
#1153 = DIRECTION('',(0.,0.,1.));
#1154 = ORIENTED_EDGE('',*,*,#1155,.F.);
#1155 = EDGE_CURVE('',#1086,#1148,#1156,.T.);
#1156 = LINE('',#1157,#1158);
#1157 = CARTESIAN_POINT('',(-1.27,1.016,0.));
#1158 = VECTOR('',#1159,1.);
#1159 = DIRECTION('',(0.,-1.,0.));
#1160 = PLANE('',#1161);
#1161 = AXIS2_PLACEMENT_3D('',#1162,#1163,#1164);
#1162 = CARTESIAN_POINT('',(-1.27,1.016,0.));
#1163 = DIRECTION('',(1.,0.,0.));
#1164 = DIRECTION('',(0.,-1.,0.));
#1165 = ADVANCED_FACE('',(#1166,#1257,#1291),#1325,.F.);
#1166 = FACE_BOUND('',#1167,.F.);
#1167 = EDGE_LOOP('',(#1168,#1169,#1170,#1178,#1186,#1194,#1202,#1210,
    #1218,#1226,#1234,#1242,#1250,#1256));
#1168 = ORIENTED_EDGE('',*,*,#1093,.T.);
#1169 = ORIENTED_EDGE('',*,*,#1155,.T.);
#1170 = ORIENTED_EDGE('',*,*,#1171,.T.);
#1171 = EDGE_CURVE('',#1148,#1172,#1174,.T.);
#1172 = VERTEX_POINT('',#1173);
#1173 = CARTESIAN_POINT('',(-1.016,-1.27,0.));
#1174 = LINE('',#1175,#1176);
#1175 = CARTESIAN_POINT('',(-1.27,-1.016,0.));
#1176 = VECTOR('',#1177,1.);
#1177 = DIRECTION('',(0.707106781187,-0.707106781187,0.));
#1178 = ORIENTED_EDGE('',*,*,#1179,.T.);
#1179 = EDGE_CURVE('',#1172,#1180,#1182,.T.);
#1180 = VERTEX_POINT('',#1181);
#1181 = CARTESIAN_POINT('',(-1.27,-1.524,0.));
#1182 = LINE('',#1183,#1184);
#1183 = CARTESIAN_POINT('',(-1.016,-1.27,0.));
#1184 = VECTOR('',#1185,1.);
#1185 = DIRECTION('',(-0.707106781187,-0.707106781187,0.));
#1186 = ORIENTED_EDGE('',*,*,#1187,.T.);
#1187 = EDGE_CURVE('',#1180,#1188,#1190,.T.);
#1188 = VERTEX_POINT('',#1189);
#1189 = CARTESIAN_POINT('',(-1.27,-3.556,0.));
#1190 = LINE('',#1191,#1192);
#1191 = CARTESIAN_POINT('',(-1.27,-1.524,0.));
#1192 = VECTOR('',#1193,1.);
#1193 = DIRECTION('',(0.,-1.,0.));
#1194 = ORIENTED_EDGE('',*,*,#1195,.T.);
#1195 = EDGE_CURVE('',#1188,#1196,#1198,.T.);
#1196 = VERTEX_POINT('',#1197);
#1197 = CARTESIAN_POINT('',(-1.016,-3.81,0.));
#1198 = LINE('',#1199,#1200);
#1199 = CARTESIAN_POINT('',(-1.27,-3.556,0.));
#1200 = VECTOR('',#1201,1.);
#1201 = DIRECTION('',(0.707106781187,-0.707106781187,0.));
#1202 = ORIENTED_EDGE('',*,*,#1203,.T.);
#1203 = EDGE_CURVE('',#1196,#1204,#1206,.T.);
#1204 = VERTEX_POINT('',#1205);
#1205 = CARTESIAN_POINT('',(1.016,-3.81,0.));
#1206 = LINE('',#1207,#1208);
#1207 = CARTESIAN_POINT('',(-1.016,-3.81,0.));
#1208 = VECTOR('',#1209,1.);
#1209 = DIRECTION('',(1.,0.,0.));
#1210 = ORIENTED_EDGE('',*,*,#1211,.T.);
#1211 = EDGE_CURVE('',#1204,#1212,#1214,.T.);
#1212 = VERTEX_POINT('',#1213);
#1213 = CARTESIAN_POINT('',(1.27,-3.556,0.));
#1214 = LINE('',#1215,#1216);
#1215 = CARTESIAN_POINT('',(1.016,-3.81,0.));
#1216 = VECTOR('',#1217,1.);
#1217 = DIRECTION('',(0.707106781187,0.707106781187,0.));
#1218 = ORIENTED_EDGE('',*,*,#1219,.T.);
#1219 = EDGE_CURVE('',#1212,#1220,#1222,.T.);
#1220 = VERTEX_POINT('',#1221);
#1221 = CARTESIAN_POINT('',(1.27,-1.524,0.));
#1222 = LINE('',#1223,#1224);
#1223 = CARTESIAN_POINT('',(1.27,-3.556,0.));
#1224 = VECTOR('',#1225,1.);
#1225 = DIRECTION('',(0.,1.,0.));
#1226 = ORIENTED_EDGE('',*,*,#1227,.T.);
#1227 = EDGE_CURVE('',#1220,#1228,#1230,.T.);
#1228 = VERTEX_POINT('',#1229);
#1229 = CARTESIAN_POINT('',(1.016,-1.27,0.));
#1230 = LINE('',#1231,#1232);
#1231 = CARTESIAN_POINT('',(1.27,-1.524,0.));
#1232 = VECTOR('',#1233,1.);
#1233 = DIRECTION('',(-0.707106781187,0.707106781187,0.));
#1234 = ORIENTED_EDGE('',*,*,#1235,.T.);
#1235 = EDGE_CURVE('',#1228,#1236,#1238,.T.);
#1236 = VERTEX_POINT('',#1237);
#1237 = CARTESIAN_POINT('',(1.27,-1.016,0.));
#1238 = LINE('',#1239,#1240);
#1239 = CARTESIAN_POINT('',(1.016,-1.27,0.));
#1240 = VECTOR('',#1241,1.);
#1241 = DIRECTION('',(0.707106781187,0.707106781187,0.));
#1242 = ORIENTED_EDGE('',*,*,#1243,.T.);
#1243 = EDGE_CURVE('',#1236,#1244,#1246,.T.);
#1244 = VERTEX_POINT('',#1245);
#1245 = CARTESIAN_POINT('',(1.27,1.016,0.));
#1246 = LINE('',#1247,#1248);
#1247 = CARTESIAN_POINT('',(1.27,-1.016,0.));
#1248 = VECTOR('',#1249,1.);
#1249 = DIRECTION('',(0.,1.,0.));
#1250 = ORIENTED_EDGE('',*,*,#1251,.T.);
#1251 = EDGE_CURVE('',#1244,#1108,#1252,.T.);
#1252 = LINE('',#1253,#1254);
#1253 = CARTESIAN_POINT('',(1.27,1.016,0.));
#1254 = VECTOR('',#1255,1.);
#1255 = DIRECTION('',(-0.707106781187,0.707106781187,0.));
#1256 = ORIENTED_EDGE('',*,*,#1124,.T.);
#1257 = FACE_BOUND('',#1258,.F.);
#1258 = EDGE_LOOP('',(#1259,#1269,#1277,#1285));
#1259 = ORIENTED_EDGE('',*,*,#1260,.T.);
#1260 = EDGE_CURVE('',#1261,#1263,#1265,.T.);
#1261 = VERTEX_POINT('',#1262);
#1262 = CARTESIAN_POINT('',(0.32,-0.32,0.));
#1263 = VERTEX_POINT('',#1264);
#1264 = CARTESIAN_POINT('',(-0.32,-0.32,0.));
#1265 = LINE('',#1266,#1267);
#1266 = CARTESIAN_POINT('',(-0.16,-0.32,0.));
#1267 = VECTOR('',#1268,1.);
#1268 = DIRECTION('',(-1.,0.,0.));
#1269 = ORIENTED_EDGE('',*,*,#1270,.T.);
#1270 = EDGE_CURVE('',#1263,#1271,#1273,.T.);
#1271 = VERTEX_POINT('',#1272);
#1272 = CARTESIAN_POINT('',(-0.32,0.32,0.));
#1273 = LINE('',#1274,#1275);
#1274 = CARTESIAN_POINT('',(-0.32,-0.795,0.));
#1275 = VECTOR('',#1276,1.);
#1276 = DIRECTION('',(0.,1.,0.));
#1277 = ORIENTED_EDGE('',*,*,#1278,.F.);
#1278 = EDGE_CURVE('',#1279,#1271,#1281,.T.);
#1279 = VERTEX_POINT('',#1280);
#1280 = CARTESIAN_POINT('',(0.32,0.32,0.));
#1281 = LINE('',#1282,#1283);
#1282 = CARTESIAN_POINT('',(-0.16,0.32,0.));
#1283 = VECTOR('',#1284,1.);
#1284 = DIRECTION('',(-1.,0.,0.));
#1285 = ORIENTED_EDGE('',*,*,#1286,.F.);
#1286 = EDGE_CURVE('',#1261,#1279,#1287,.T.);
#1287 = LINE('',#1288,#1289);
#1288 = CARTESIAN_POINT('',(0.32,-0.795,0.));
#1289 = VECTOR('',#1290,1.);
#1290 = DIRECTION('',(0.,1.,0.));
#1291 = FACE_BOUND('',#1292,.F.);
#1292 = EDGE_LOOP('',(#1293,#1303,#1311,#1319));
#1293 = ORIENTED_EDGE('',*,*,#1294,.T.);
#1294 = EDGE_CURVE('',#1295,#1297,#1299,.T.);
#1295 = VERTEX_POINT('',#1296);
#1296 = CARTESIAN_POINT('',(0.32,-2.86,0.));
#1297 = VERTEX_POINT('',#1298);
#1298 = CARTESIAN_POINT('',(-0.32,-2.86,0.));
#1299 = LINE('',#1300,#1301);
#1300 = CARTESIAN_POINT('',(-0.16,-2.86,0.));
#1301 = VECTOR('',#1302,1.);
#1302 = DIRECTION('',(-1.,0.,0.));
#1303 = ORIENTED_EDGE('',*,*,#1304,.T.);
#1304 = EDGE_CURVE('',#1297,#1305,#1307,.T.);
#1305 = VERTEX_POINT('',#1306);
#1306 = CARTESIAN_POINT('',(-0.32,-2.22,0.));
#1307 = LINE('',#1308,#1309);
#1308 = CARTESIAN_POINT('',(-0.32,-2.065,0.));
#1309 = VECTOR('',#1310,1.);
#1310 = DIRECTION('',(0.,1.,0.));
#1311 = ORIENTED_EDGE('',*,*,#1312,.F.);
#1312 = EDGE_CURVE('',#1313,#1305,#1315,.T.);
#1313 = VERTEX_POINT('',#1314);
#1314 = CARTESIAN_POINT('',(0.32,-2.22,0.));
#1315 = LINE('',#1316,#1317);
#1316 = CARTESIAN_POINT('',(-0.16,-2.22,0.));
#1317 = VECTOR('',#1318,1.);
#1318 = DIRECTION('',(-1.,0.,0.));
#1319 = ORIENTED_EDGE('',*,*,#1320,.F.);
#1320 = EDGE_CURVE('',#1295,#1313,#1321,.T.);
#1321 = LINE('',#1322,#1323);
#1322 = CARTESIAN_POINT('',(0.32,-2.065,0.));
#1323 = VECTOR('',#1324,1.);
#1324 = DIRECTION('',(0.,1.,0.));
#1325 = PLANE('',#1326);
#1326 = AXIS2_PLACEMENT_3D('',#1327,#1328,#1329);
#1327 = CARTESIAN_POINT('',(1.473843703412E-17,-1.27,0.));
#1328 = DIRECTION('',(0.,0.,1.));
#1329 = DIRECTION('',(1.,0.,-0.));
#1330 = ADVANCED_FACE('',(#1331,#1422,#1456),#1490,.T.);
#1331 = FACE_BOUND('',#1332,.T.);
#1332 = EDGE_LOOP('',(#1333,#1334,#1335,#1343,#1351,#1359,#1367,#1375,
    #1383,#1391,#1399,#1407,#1415,#1421));
#1333 = ORIENTED_EDGE('',*,*,#1077,.T.);
#1334 = ORIENTED_EDGE('',*,*,#1139,.T.);
#1335 = ORIENTED_EDGE('',*,*,#1336,.T.);
#1336 = EDGE_CURVE('',#1140,#1337,#1339,.T.);
#1337 = VERTEX_POINT('',#1338);
#1338 = CARTESIAN_POINT('',(-1.016,-1.27,2.54));
#1339 = LINE('',#1340,#1341);
#1340 = CARTESIAN_POINT('',(-1.27,-1.016,2.54));
#1341 = VECTOR('',#1342,1.);
#1342 = DIRECTION('',(0.707106781187,-0.707106781187,0.));
#1343 = ORIENTED_EDGE('',*,*,#1344,.T.);
#1344 = EDGE_CURVE('',#1337,#1345,#1347,.T.);
#1345 = VERTEX_POINT('',#1346);
#1346 = CARTESIAN_POINT('',(-1.27,-1.524,2.54));
#1347 = LINE('',#1348,#1349);
#1348 = CARTESIAN_POINT('',(-1.016,-1.27,2.54));
#1349 = VECTOR('',#1350,1.);
#1350 = DIRECTION('',(-0.707106781187,-0.707106781187,0.));
#1351 = ORIENTED_EDGE('',*,*,#1352,.T.);
#1352 = EDGE_CURVE('',#1345,#1353,#1355,.T.);
#1353 = VERTEX_POINT('',#1354);
#1354 = CARTESIAN_POINT('',(-1.27,-3.556,2.54));
#1355 = LINE('',#1356,#1357);
#1356 = CARTESIAN_POINT('',(-1.27,-1.524,2.54));
#1357 = VECTOR('',#1358,1.);
#1358 = DIRECTION('',(0.,-1.,0.));
#1359 = ORIENTED_EDGE('',*,*,#1360,.T.);
#1360 = EDGE_CURVE('',#1353,#1361,#1363,.T.);
#1361 = VERTEX_POINT('',#1362);
#1362 = CARTESIAN_POINT('',(-1.016,-3.81,2.54));
#1363 = LINE('',#1364,#1365);
#1364 = CARTESIAN_POINT('',(-1.27,-3.556,2.54));
#1365 = VECTOR('',#1366,1.);
#1366 = DIRECTION('',(0.707106781187,-0.707106781187,0.));
#1367 = ORIENTED_EDGE('',*,*,#1368,.T.);
#1368 = EDGE_CURVE('',#1361,#1369,#1371,.T.);
#1369 = VERTEX_POINT('',#1370);
#1370 = CARTESIAN_POINT('',(1.016,-3.81,2.54));
#1371 = LINE('',#1372,#1373);
#1372 = CARTESIAN_POINT('',(-1.016,-3.81,2.54));
#1373 = VECTOR('',#1374,1.);
#1374 = DIRECTION('',(1.,0.,0.));
#1375 = ORIENTED_EDGE('',*,*,#1376,.T.);
#1376 = EDGE_CURVE('',#1369,#1377,#1379,.T.);
#1377 = VERTEX_POINT('',#1378);
#1378 = CARTESIAN_POINT('',(1.27,-3.556,2.54));
#1379 = LINE('',#1380,#1381);
#1380 = CARTESIAN_POINT('',(1.016,-3.81,2.54));
#1381 = VECTOR('',#1382,1.);
#1382 = DIRECTION('',(0.707106781187,0.707106781187,0.));
#1383 = ORIENTED_EDGE('',*,*,#1384,.T.);
#1384 = EDGE_CURVE('',#1377,#1385,#1387,.T.);
#1385 = VERTEX_POINT('',#1386);
#1386 = CARTESIAN_POINT('',(1.27,-1.524,2.54));
#1387 = LINE('',#1388,#1389);
#1388 = CARTESIAN_POINT('',(1.27,-3.556,2.54));
#1389 = VECTOR('',#1390,1.);
#1390 = DIRECTION('',(0.,1.,0.));
#1391 = ORIENTED_EDGE('',*,*,#1392,.T.);
#1392 = EDGE_CURVE('',#1385,#1393,#1395,.T.);
#1393 = VERTEX_POINT('',#1394);
#1394 = CARTESIAN_POINT('',(1.016,-1.27,2.54));
#1395 = LINE('',#1396,#1397);
#1396 = CARTESIAN_POINT('',(1.27,-1.524,2.54));
#1397 = VECTOR('',#1398,1.);
#1398 = DIRECTION('',(-0.707106781187,0.707106781187,0.));
#1399 = ORIENTED_EDGE('',*,*,#1400,.T.);
#1400 = EDGE_CURVE('',#1393,#1401,#1403,.T.);
#1401 = VERTEX_POINT('',#1402);
#1402 = CARTESIAN_POINT('',(1.27,-1.016,2.54));
#1403 = LINE('',#1404,#1405);
#1404 = CARTESIAN_POINT('',(1.016,-1.27,2.54));
#1405 = VECTOR('',#1406,1.);
#1406 = DIRECTION('',(0.707106781187,0.707106781187,0.));
#1407 = ORIENTED_EDGE('',*,*,#1408,.T.);
#1408 = EDGE_CURVE('',#1401,#1409,#1411,.T.);
#1409 = VERTEX_POINT('',#1410);
#1410 = CARTESIAN_POINT('',(1.27,1.016,2.54));
#1411 = LINE('',#1412,#1413);
#1412 = CARTESIAN_POINT('',(1.27,-1.016,2.54));
#1413 = VECTOR('',#1414,1.);
#1414 = DIRECTION('',(0.,1.,0.));
#1415 = ORIENTED_EDGE('',*,*,#1416,.T.);
#1416 = EDGE_CURVE('',#1409,#1110,#1417,.T.);
#1417 = LINE('',#1418,#1419);
#1418 = CARTESIAN_POINT('',(1.27,1.016,2.54));
#1419 = VECTOR('',#1420,1.);
#1420 = DIRECTION('',(-0.707106781187,0.707106781187,0.));
#1421 = ORIENTED_EDGE('',*,*,#1117,.T.);
#1422 = FACE_BOUND('',#1423,.T.);
#1423 = EDGE_LOOP('',(#1424,#1434,#1442,#1450));
#1424 = ORIENTED_EDGE('',*,*,#1425,.T.);
#1425 = EDGE_CURVE('',#1426,#1428,#1430,.T.);
#1426 = VERTEX_POINT('',#1427);
#1427 = CARTESIAN_POINT('',(0.32,-0.32,2.54));
#1428 = VERTEX_POINT('',#1429);
#1429 = CARTESIAN_POINT('',(-0.32,-0.32,2.54));
#1430 = LINE('',#1431,#1432);
#1431 = CARTESIAN_POINT('',(-0.16,-0.32,2.54));
#1432 = VECTOR('',#1433,1.);
#1433 = DIRECTION('',(-1.,0.,0.));
#1434 = ORIENTED_EDGE('',*,*,#1435,.T.);
#1435 = EDGE_CURVE('',#1428,#1436,#1438,.T.);
#1436 = VERTEX_POINT('',#1437);
#1437 = CARTESIAN_POINT('',(-0.32,0.32,2.54));
#1438 = LINE('',#1439,#1440);
#1439 = CARTESIAN_POINT('',(-0.32,-0.795,2.54));
#1440 = VECTOR('',#1441,1.);
#1441 = DIRECTION('',(0.,1.,0.));
#1442 = ORIENTED_EDGE('',*,*,#1443,.F.);
#1443 = EDGE_CURVE('',#1444,#1436,#1446,.T.);
#1444 = VERTEX_POINT('',#1445);
#1445 = CARTESIAN_POINT('',(0.32,0.32,2.54));
#1446 = LINE('',#1447,#1448);
#1447 = CARTESIAN_POINT('',(-0.16,0.32,2.54));
#1448 = VECTOR('',#1449,1.);
#1449 = DIRECTION('',(-1.,0.,0.));
#1450 = ORIENTED_EDGE('',*,*,#1451,.F.);
#1451 = EDGE_CURVE('',#1426,#1444,#1452,.T.);
#1452 = LINE('',#1453,#1454);
#1453 = CARTESIAN_POINT('',(0.32,-0.795,2.54));
#1454 = VECTOR('',#1455,1.);
#1455 = DIRECTION('',(0.,1.,0.));
#1456 = FACE_BOUND('',#1457,.T.);
#1457 = EDGE_LOOP('',(#1458,#1468,#1476,#1484));
#1458 = ORIENTED_EDGE('',*,*,#1459,.T.);
#1459 = EDGE_CURVE('',#1460,#1462,#1464,.T.);
#1460 = VERTEX_POINT('',#1461);
#1461 = CARTESIAN_POINT('',(0.32,-2.86,2.54));
#1462 = VERTEX_POINT('',#1463);
#1463 = CARTESIAN_POINT('',(-0.32,-2.86,2.54));
#1464 = LINE('',#1465,#1466);
#1465 = CARTESIAN_POINT('',(-0.16,-2.86,2.54));
#1466 = VECTOR('',#1467,1.);
#1467 = DIRECTION('',(-1.,0.,0.));
#1468 = ORIENTED_EDGE('',*,*,#1469,.T.);
#1469 = EDGE_CURVE('',#1462,#1470,#1472,.T.);
#1470 = VERTEX_POINT('',#1471);
#1471 = CARTESIAN_POINT('',(-0.32,-2.22,2.54));
#1472 = LINE('',#1473,#1474);
#1473 = CARTESIAN_POINT('',(-0.32,-2.065,2.54));
#1474 = VECTOR('',#1475,1.);
#1475 = DIRECTION('',(0.,1.,0.));
#1476 = ORIENTED_EDGE('',*,*,#1477,.F.);
#1477 = EDGE_CURVE('',#1478,#1470,#1480,.T.);
#1478 = VERTEX_POINT('',#1479);
#1479 = CARTESIAN_POINT('',(0.32,-2.22,2.54));
#1480 = LINE('',#1481,#1482);
#1481 = CARTESIAN_POINT('',(-0.16,-2.22,2.54));
#1482 = VECTOR('',#1483,1.);
#1483 = DIRECTION('',(-1.,0.,0.));
#1484 = ORIENTED_EDGE('',*,*,#1485,.F.);
#1485 = EDGE_CURVE('',#1460,#1478,#1486,.T.);
#1486 = LINE('',#1487,#1488);
#1487 = CARTESIAN_POINT('',(0.32,-2.065,2.54));
#1488 = VECTOR('',#1489,1.);
#1489 = DIRECTION('',(0.,1.,0.));
#1490 = PLANE('',#1491);
#1491 = AXIS2_PLACEMENT_3D('',#1492,#1493,#1494);
#1492 = CARTESIAN_POINT('',(1.473843703412E-17,-1.27,2.54));
#1493 = DIRECTION('',(0.,0.,1.));
#1494 = DIRECTION('',(1.,0.,-0.));
#1495 = ADVANCED_FACE('',(#1496),#1507,.F.);
#1496 = FACE_BOUND('',#1497,.F.);
#1497 = EDGE_LOOP('',(#1498,#1504,#1505,#1506));
#1498 = ORIENTED_EDGE('',*,*,#1499,.T.);
#1499 = EDGE_CURVE('',#1244,#1409,#1500,.T.);
#1500 = LINE('',#1501,#1502);
#1501 = CARTESIAN_POINT('',(1.27,1.016,0.));
#1502 = VECTOR('',#1503,1.);
#1503 = DIRECTION('',(0.,0.,1.));
#1504 = ORIENTED_EDGE('',*,*,#1416,.T.);
#1505 = ORIENTED_EDGE('',*,*,#1107,.F.);
#1506 = ORIENTED_EDGE('',*,*,#1251,.F.);
#1507 = PLANE('',#1508);
#1508 = AXIS2_PLACEMENT_3D('',#1509,#1510,#1511);
#1509 = CARTESIAN_POINT('',(1.27,1.016,0.));
#1510 = DIRECTION('',(-0.707106781187,-0.707106781187,0.));
#1511 = DIRECTION('',(-0.707106781187,0.707106781187,0.));
#1512 = ADVANCED_FACE('',(#1513),#1524,.F.);
#1513 = FACE_BOUND('',#1514,.F.);
#1514 = EDGE_LOOP('',(#1515,#1516,#1517,#1523));
#1515 = ORIENTED_EDGE('',*,*,#1147,.T.);
#1516 = ORIENTED_EDGE('',*,*,#1336,.T.);
#1517 = ORIENTED_EDGE('',*,*,#1518,.F.);
#1518 = EDGE_CURVE('',#1172,#1337,#1519,.T.);
#1519 = LINE('',#1520,#1521);
#1520 = CARTESIAN_POINT('',(-1.016,-1.27,0.));
#1521 = VECTOR('',#1522,1.);
#1522 = DIRECTION('',(0.,0.,1.));
#1523 = ORIENTED_EDGE('',*,*,#1171,.F.);
#1524 = PLANE('',#1525);
#1525 = AXIS2_PLACEMENT_3D('',#1526,#1527,#1528);
#1526 = CARTESIAN_POINT('',(-1.27,-1.016,0.));
#1527 = DIRECTION('',(0.707106781187,0.707106781187,0.));
#1528 = DIRECTION('',(0.707106781187,-0.707106781187,0.));
#1529 = ADVANCED_FACE('',(#1530),#1541,.F.);
#1530 = FACE_BOUND('',#1531,.F.);
#1531 = EDGE_LOOP('',(#1532,#1538,#1539,#1540));
#1532 = ORIENTED_EDGE('',*,*,#1533,.T.);
#1533 = EDGE_CURVE('',#1236,#1401,#1534,.T.);
#1534 = LINE('',#1535,#1536);
#1535 = CARTESIAN_POINT('',(1.27,-1.016,0.));
#1536 = VECTOR('',#1537,1.);
#1537 = DIRECTION('',(0.,0.,1.));
#1538 = ORIENTED_EDGE('',*,*,#1408,.T.);
#1539 = ORIENTED_EDGE('',*,*,#1499,.F.);
#1540 = ORIENTED_EDGE('',*,*,#1243,.F.);
#1541 = PLANE('',#1542);
#1542 = AXIS2_PLACEMENT_3D('',#1543,#1544,#1545);
#1543 = CARTESIAN_POINT('',(1.27,-1.016,0.));
#1544 = DIRECTION('',(-1.,0.,0.));
#1545 = DIRECTION('',(0.,1.,0.));
#1546 = ADVANCED_FACE('',(#1547),#1558,.F.);
#1547 = FACE_BOUND('',#1548,.F.);
#1548 = EDGE_LOOP('',(#1549,#1550,#1551,#1557));
#1549 = ORIENTED_EDGE('',*,*,#1518,.T.);
#1550 = ORIENTED_EDGE('',*,*,#1344,.T.);
#1551 = ORIENTED_EDGE('',*,*,#1552,.F.);
#1552 = EDGE_CURVE('',#1180,#1345,#1553,.T.);
#1553 = LINE('',#1554,#1555);
#1554 = CARTESIAN_POINT('',(-1.27,-1.524,0.));
#1555 = VECTOR('',#1556,1.);
#1556 = DIRECTION('',(0.,0.,1.));
#1557 = ORIENTED_EDGE('',*,*,#1179,.F.);
#1558 = PLANE('',#1559);
#1559 = AXIS2_PLACEMENT_3D('',#1560,#1561,#1562);
#1560 = CARTESIAN_POINT('',(-1.016,-1.27,0.));
#1561 = DIRECTION('',(0.707106781187,-0.707106781187,0.));
#1562 = DIRECTION('',(-0.707106781187,-0.707106781187,0.));
#1563 = ADVANCED_FACE('',(#1564),#1575,.F.);
#1564 = FACE_BOUND('',#1565,.F.);
#1565 = EDGE_LOOP('',(#1566,#1572,#1573,#1574));
#1566 = ORIENTED_EDGE('',*,*,#1567,.T.);
#1567 = EDGE_CURVE('',#1228,#1393,#1568,.T.);
#1568 = LINE('',#1569,#1570);
#1569 = CARTESIAN_POINT('',(1.016,-1.27,0.));
#1570 = VECTOR('',#1571,1.);
#1571 = DIRECTION('',(0.,0.,1.));
#1572 = ORIENTED_EDGE('',*,*,#1400,.T.);
#1573 = ORIENTED_EDGE('',*,*,#1533,.F.);
#1574 = ORIENTED_EDGE('',*,*,#1235,.F.);
#1575 = PLANE('',#1576);
#1576 = AXIS2_PLACEMENT_3D('',#1577,#1578,#1579);
#1577 = CARTESIAN_POINT('',(1.016,-1.27,0.));
#1578 = DIRECTION('',(-0.707106781187,0.707106781187,0.));
#1579 = DIRECTION('',(0.707106781187,0.707106781187,0.));
#1580 = ADVANCED_FACE('',(#1581),#1592,.F.);
#1581 = FACE_BOUND('',#1582,.F.);
#1582 = EDGE_LOOP('',(#1583,#1584,#1585,#1591));
#1583 = ORIENTED_EDGE('',*,*,#1552,.T.);
#1584 = ORIENTED_EDGE('',*,*,#1352,.T.);
#1585 = ORIENTED_EDGE('',*,*,#1586,.F.);
#1586 = EDGE_CURVE('',#1188,#1353,#1587,.T.);
#1587 = LINE('',#1588,#1589);
#1588 = CARTESIAN_POINT('',(-1.27,-3.556,0.));
#1589 = VECTOR('',#1590,1.);
#1590 = DIRECTION('',(0.,0.,1.));
#1591 = ORIENTED_EDGE('',*,*,#1187,.F.);
#1592 = PLANE('',#1593);
#1593 = AXIS2_PLACEMENT_3D('',#1594,#1595,#1596);
#1594 = CARTESIAN_POINT('',(-1.27,-1.524,0.));
#1595 = DIRECTION('',(1.,0.,0.));
#1596 = DIRECTION('',(0.,-1.,0.));
#1597 = ADVANCED_FACE('',(#1598),#1609,.F.);
#1598 = FACE_BOUND('',#1599,.F.);
#1599 = EDGE_LOOP('',(#1600,#1606,#1607,#1608));
#1600 = ORIENTED_EDGE('',*,*,#1601,.T.);
#1601 = EDGE_CURVE('',#1220,#1385,#1602,.T.);
#1602 = LINE('',#1603,#1604);
#1603 = CARTESIAN_POINT('',(1.27,-1.524,0.));
#1604 = VECTOR('',#1605,1.);
#1605 = DIRECTION('',(0.,0.,1.));
#1606 = ORIENTED_EDGE('',*,*,#1392,.T.);
#1607 = ORIENTED_EDGE('',*,*,#1567,.F.);
#1608 = ORIENTED_EDGE('',*,*,#1227,.F.);
#1609 = PLANE('',#1610);
#1610 = AXIS2_PLACEMENT_3D('',#1611,#1612,#1613);
#1611 = CARTESIAN_POINT('',(1.27,-1.524,0.));
#1612 = DIRECTION('',(-0.707106781187,-0.707106781187,0.));
#1613 = DIRECTION('',(-0.707106781187,0.707106781187,0.));
#1614 = ADVANCED_FACE('',(#1615),#1626,.F.);
#1615 = FACE_BOUND('',#1616,.F.);
#1616 = EDGE_LOOP('',(#1617,#1618,#1619,#1625));
#1617 = ORIENTED_EDGE('',*,*,#1586,.T.);
#1618 = ORIENTED_EDGE('',*,*,#1360,.T.);
#1619 = ORIENTED_EDGE('',*,*,#1620,.F.);
#1620 = EDGE_CURVE('',#1196,#1361,#1621,.T.);
#1621 = LINE('',#1622,#1623);
#1622 = CARTESIAN_POINT('',(-1.016,-3.81,0.));
#1623 = VECTOR('',#1624,1.);
#1624 = DIRECTION('',(0.,0.,1.));
#1625 = ORIENTED_EDGE('',*,*,#1195,.F.);
#1626 = PLANE('',#1627);
#1627 = AXIS2_PLACEMENT_3D('',#1628,#1629,#1630);
#1628 = CARTESIAN_POINT('',(-1.27,-3.556,0.));
#1629 = DIRECTION('',(0.707106781187,0.707106781187,0.));
#1630 = DIRECTION('',(0.707106781187,-0.707106781187,0.));
#1631 = ADVANCED_FACE('',(#1632),#1643,.F.);
#1632 = FACE_BOUND('',#1633,.F.);
#1633 = EDGE_LOOP('',(#1634,#1640,#1641,#1642));
#1634 = ORIENTED_EDGE('',*,*,#1635,.T.);
#1635 = EDGE_CURVE('',#1212,#1377,#1636,.T.);
#1636 = LINE('',#1637,#1638);
#1637 = CARTESIAN_POINT('',(1.27,-3.556,0.));
#1638 = VECTOR('',#1639,1.);
#1639 = DIRECTION('',(0.,0.,1.));
#1640 = ORIENTED_EDGE('',*,*,#1384,.T.);
#1641 = ORIENTED_EDGE('',*,*,#1601,.F.);
#1642 = ORIENTED_EDGE('',*,*,#1219,.F.);
#1643 = PLANE('',#1644);
#1644 = AXIS2_PLACEMENT_3D('',#1645,#1646,#1647);
#1645 = CARTESIAN_POINT('',(1.27,-3.556,0.));
#1646 = DIRECTION('',(-1.,0.,0.));
#1647 = DIRECTION('',(0.,1.,0.));
#1648 = ADVANCED_FACE('',(#1649),#1660,.F.);
#1649 = FACE_BOUND('',#1650,.F.);
#1650 = EDGE_LOOP('',(#1651,#1652,#1653,#1659));
#1651 = ORIENTED_EDGE('',*,*,#1620,.T.);
#1652 = ORIENTED_EDGE('',*,*,#1368,.T.);
#1653 = ORIENTED_EDGE('',*,*,#1654,.F.);
#1654 = EDGE_CURVE('',#1204,#1369,#1655,.T.);
#1655 = LINE('',#1656,#1657);
#1656 = CARTESIAN_POINT('',(1.016,-3.81,0.));
#1657 = VECTOR('',#1658,1.);
#1658 = DIRECTION('',(0.,0.,1.));
#1659 = ORIENTED_EDGE('',*,*,#1203,.F.);
#1660 = PLANE('',#1661);
#1661 = AXIS2_PLACEMENT_3D('',#1662,#1663,#1664);
#1662 = CARTESIAN_POINT('',(-1.016,-3.81,0.));
#1663 = DIRECTION('',(0.,1.,0.));
#1664 = DIRECTION('',(1.,0.,0.));
#1665 = ADVANCED_FACE('',(#1666),#1672,.F.);
#1666 = FACE_BOUND('',#1667,.F.);
#1667 = EDGE_LOOP('',(#1668,#1669,#1670,#1671));
#1668 = ORIENTED_EDGE('',*,*,#1654,.T.);
#1669 = ORIENTED_EDGE('',*,*,#1376,.T.);
#1670 = ORIENTED_EDGE('',*,*,#1635,.F.);
#1671 = ORIENTED_EDGE('',*,*,#1211,.F.);
#1672 = PLANE('',#1673);
#1673 = AXIS2_PLACEMENT_3D('',#1674,#1675,#1676);
#1674 = CARTESIAN_POINT('',(1.016,-3.81,0.));
#1675 = DIRECTION('',(-0.707106781187,0.707106781187,0.));
#1676 = DIRECTION('',(0.707106781187,0.707106781187,0.));
#1677 = ADVANCED_FACE('',(#1678),#1703,.F.);
#1678 = FACE_BOUND('',#1679,.F.);
#1679 = EDGE_LOOP('',(#1680,#1688,#1696,#1702));
#1680 = ORIENTED_EDGE('',*,*,#1681,.F.);
#1681 = EDGE_CURVE('',#1682,#1261,#1684,.T.);
#1682 = VERTEX_POINT('',#1683);
#1683 = CARTESIAN_POINT('',(0.32,-0.32,-2.84));
#1684 = LINE('',#1685,#1686);
#1685 = CARTESIAN_POINT('',(0.32,-0.32,-3.));
#1686 = VECTOR('',#1687,1.);
#1687 = DIRECTION('',(0.,0.,1.));
#1688 = ORIENTED_EDGE('',*,*,#1689,.F.);
#1689 = EDGE_CURVE('',#1690,#1682,#1692,.T.);
#1690 = VERTEX_POINT('',#1691);
#1691 = CARTESIAN_POINT('',(-0.32,-0.32,-2.84));
#1692 = LINE('',#1693,#1694);
#1693 = CARTESIAN_POINT('',(-0.32,-0.32,-2.84));
#1694 = VECTOR('',#1695,1.);
#1695 = DIRECTION('',(1.,0.,0.));
#1696 = ORIENTED_EDGE('',*,*,#1697,.T.);
#1697 = EDGE_CURVE('',#1690,#1263,#1698,.T.);
#1698 = LINE('',#1699,#1700);
#1699 = CARTESIAN_POINT('',(-0.32,-0.32,-3.));
#1700 = VECTOR('',#1701,1.);
#1701 = DIRECTION('',(0.,0.,1.));
#1702 = ORIENTED_EDGE('',*,*,#1260,.F.);
#1703 = PLANE('',#1704);
#1704 = AXIS2_PLACEMENT_3D('',#1705,#1706,#1707);
#1705 = CARTESIAN_POINT('',(-0.32,-0.32,-3.));
#1706 = DIRECTION('',(0.,1.,0.));
#1707 = DIRECTION('',(0.,-0.,1.));
#1708 = ADVANCED_FACE('',(#1709),#1727,.T.);
#1709 = FACE_BOUND('',#1710,.T.);
#1710 = EDGE_LOOP('',(#1711,#1712,#1720,#1726));
#1711 = ORIENTED_EDGE('',*,*,#1681,.F.);
#1712 = ORIENTED_EDGE('',*,*,#1713,.T.);
#1713 = EDGE_CURVE('',#1682,#1714,#1716,.T.);
#1714 = VERTEX_POINT('',#1715);
#1715 = CARTESIAN_POINT('',(0.32,0.32,-2.84));
#1716 = LINE('',#1717,#1718);
#1717 = CARTESIAN_POINT('',(0.32,-0.32,-2.84));
#1718 = VECTOR('',#1719,1.);
#1719 = DIRECTION('',(0.,1.,0.));
#1720 = ORIENTED_EDGE('',*,*,#1721,.T.);
#1721 = EDGE_CURVE('',#1714,#1279,#1722,.T.);
#1722 = LINE('',#1723,#1724);
#1723 = CARTESIAN_POINT('',(0.32,0.32,-3.));
#1724 = VECTOR('',#1725,1.);
#1725 = DIRECTION('',(0.,0.,1.));
#1726 = ORIENTED_EDGE('',*,*,#1286,.F.);
#1727 = PLANE('',#1728);
#1728 = AXIS2_PLACEMENT_3D('',#1729,#1730,#1731);
#1729 = CARTESIAN_POINT('',(0.32,-0.32,-3.));
#1730 = DIRECTION('',(1.,0.,0.));
#1731 = DIRECTION('',(0.,0.,1.));
#1732 = ADVANCED_FACE('',(#1733),#1751,.T.);
#1733 = FACE_BOUND('',#1734,.T.);
#1734 = EDGE_LOOP('',(#1735,#1736,#1744,#1750));
#1735 = ORIENTED_EDGE('',*,*,#1721,.F.);
#1736 = ORIENTED_EDGE('',*,*,#1737,.F.);
#1737 = EDGE_CURVE('',#1738,#1714,#1740,.T.);
#1738 = VERTEX_POINT('',#1739);
#1739 = CARTESIAN_POINT('',(-0.32,0.32,-2.84));
#1740 = LINE('',#1741,#1742);
#1741 = CARTESIAN_POINT('',(-0.32,0.32,-2.84));
#1742 = VECTOR('',#1743,1.);
#1743 = DIRECTION('',(1.,0.,0.));
#1744 = ORIENTED_EDGE('',*,*,#1745,.T.);
#1745 = EDGE_CURVE('',#1738,#1271,#1746,.T.);
#1746 = LINE('',#1747,#1748);
#1747 = CARTESIAN_POINT('',(-0.32,0.32,-3.));
#1748 = VECTOR('',#1749,1.);
#1749 = DIRECTION('',(0.,0.,1.));
#1750 = ORIENTED_EDGE('',*,*,#1278,.F.);
#1751 = PLANE('',#1752);
#1752 = AXIS2_PLACEMENT_3D('',#1753,#1754,#1755);
#1753 = CARTESIAN_POINT('',(-0.32,0.32,-3.));
#1754 = DIRECTION('',(0.,1.,0.));
#1755 = DIRECTION('',(0.,-0.,1.));
#1756 = ADVANCED_FACE('',(#1757),#1768,.F.);
#1757 = FACE_BOUND('',#1758,.F.);
#1758 = EDGE_LOOP('',(#1759,#1760,#1766,#1767));
#1759 = ORIENTED_EDGE('',*,*,#1697,.F.);
#1760 = ORIENTED_EDGE('',*,*,#1761,.T.);
#1761 = EDGE_CURVE('',#1690,#1738,#1762,.T.);
#1762 = LINE('',#1763,#1764);
#1763 = CARTESIAN_POINT('',(-0.32,-0.32,-2.84));
#1764 = VECTOR('',#1765,1.);
#1765 = DIRECTION('',(0.,1.,0.));
#1766 = ORIENTED_EDGE('',*,*,#1745,.T.);
#1767 = ORIENTED_EDGE('',*,*,#1270,.F.);
#1768 = PLANE('',#1769);
#1769 = AXIS2_PLACEMENT_3D('',#1770,#1771,#1772);
#1770 = CARTESIAN_POINT('',(-0.32,-0.32,-3.));
#1771 = DIRECTION('',(1.,0.,0.));
#1772 = DIRECTION('',(0.,0.,1.));
#1773 = ADVANCED_FACE('',(#1774),#1799,.F.);
#1774 = FACE_BOUND('',#1775,.F.);
#1775 = EDGE_LOOP('',(#1776,#1784,#1792,#1798));
#1776 = ORIENTED_EDGE('',*,*,#1777,.F.);
#1777 = EDGE_CURVE('',#1778,#1295,#1780,.T.);
#1778 = VERTEX_POINT('',#1779);
#1779 = CARTESIAN_POINT('',(0.32,-2.86,-2.84));
#1780 = LINE('',#1781,#1782);
#1781 = CARTESIAN_POINT('',(0.32,-2.86,-3.));
#1782 = VECTOR('',#1783,1.);
#1783 = DIRECTION('',(0.,0.,1.));
#1784 = ORIENTED_EDGE('',*,*,#1785,.F.);
#1785 = EDGE_CURVE('',#1786,#1778,#1788,.T.);
#1786 = VERTEX_POINT('',#1787);
#1787 = CARTESIAN_POINT('',(-0.32,-2.86,-2.84));
#1788 = LINE('',#1789,#1790);
#1789 = CARTESIAN_POINT('',(-0.32,-2.86,-2.84));
#1790 = VECTOR('',#1791,1.);
#1791 = DIRECTION('',(1.,0.,0.));
#1792 = ORIENTED_EDGE('',*,*,#1793,.T.);
#1793 = EDGE_CURVE('',#1786,#1297,#1794,.T.);
#1794 = LINE('',#1795,#1796);
#1795 = CARTESIAN_POINT('',(-0.32,-2.86,-3.));
#1796 = VECTOR('',#1797,1.);
#1797 = DIRECTION('',(0.,0.,1.));
#1798 = ORIENTED_EDGE('',*,*,#1294,.F.);
#1799 = PLANE('',#1800);
#1800 = AXIS2_PLACEMENT_3D('',#1801,#1802,#1803);
#1801 = CARTESIAN_POINT('',(-0.32,-2.86,-3.));
#1802 = DIRECTION('',(0.,1.,0.));
#1803 = DIRECTION('',(0.,-0.,1.));
#1804 = ADVANCED_FACE('',(#1805),#1823,.T.);
#1805 = FACE_BOUND('',#1806,.T.);
#1806 = EDGE_LOOP('',(#1807,#1808,#1816,#1822));
#1807 = ORIENTED_EDGE('',*,*,#1777,.F.);
#1808 = ORIENTED_EDGE('',*,*,#1809,.T.);
#1809 = EDGE_CURVE('',#1778,#1810,#1812,.T.);
#1810 = VERTEX_POINT('',#1811);
#1811 = CARTESIAN_POINT('',(0.32,-2.22,-2.84));
#1812 = LINE('',#1813,#1814);
#1813 = CARTESIAN_POINT('',(0.32,-2.86,-2.84));
#1814 = VECTOR('',#1815,1.);
#1815 = DIRECTION('',(0.,1.,0.));
#1816 = ORIENTED_EDGE('',*,*,#1817,.T.);
#1817 = EDGE_CURVE('',#1810,#1313,#1818,.T.);
#1818 = LINE('',#1819,#1820);
#1819 = CARTESIAN_POINT('',(0.32,-2.22,-3.));
#1820 = VECTOR('',#1821,1.);
#1821 = DIRECTION('',(0.,0.,1.));
#1822 = ORIENTED_EDGE('',*,*,#1320,.F.);
#1823 = PLANE('',#1824);
#1824 = AXIS2_PLACEMENT_3D('',#1825,#1826,#1827);
#1825 = CARTESIAN_POINT('',(0.32,-2.86,-3.));
#1826 = DIRECTION('',(1.,0.,0.));
#1827 = DIRECTION('',(0.,0.,1.));
#1828 = ADVANCED_FACE('',(#1829),#1847,.T.);
#1829 = FACE_BOUND('',#1830,.T.);
#1830 = EDGE_LOOP('',(#1831,#1832,#1840,#1846));
#1831 = ORIENTED_EDGE('',*,*,#1817,.F.);
#1832 = ORIENTED_EDGE('',*,*,#1833,.F.);
#1833 = EDGE_CURVE('',#1834,#1810,#1836,.T.);
#1834 = VERTEX_POINT('',#1835);
#1835 = CARTESIAN_POINT('',(-0.32,-2.22,-2.84));
#1836 = LINE('',#1837,#1838);
#1837 = CARTESIAN_POINT('',(-0.32,-2.22,-2.84));
#1838 = VECTOR('',#1839,1.);
#1839 = DIRECTION('',(1.,0.,0.));
#1840 = ORIENTED_EDGE('',*,*,#1841,.T.);
#1841 = EDGE_CURVE('',#1834,#1305,#1842,.T.);
#1842 = LINE('',#1843,#1844);
#1843 = CARTESIAN_POINT('',(-0.32,-2.22,-3.));
#1844 = VECTOR('',#1845,1.);
#1845 = DIRECTION('',(0.,0.,1.));
#1846 = ORIENTED_EDGE('',*,*,#1312,.F.);
#1847 = PLANE('',#1848);
#1848 = AXIS2_PLACEMENT_3D('',#1849,#1850,#1851);
#1849 = CARTESIAN_POINT('',(-0.32,-2.22,-3.));
#1850 = DIRECTION('',(0.,1.,0.));
#1851 = DIRECTION('',(0.,-0.,1.));
#1852 = ADVANCED_FACE('',(#1853),#1864,.F.);
#1853 = FACE_BOUND('',#1854,.F.);
#1854 = EDGE_LOOP('',(#1855,#1856,#1862,#1863));
#1855 = ORIENTED_EDGE('',*,*,#1793,.F.);
#1856 = ORIENTED_EDGE('',*,*,#1857,.T.);
#1857 = EDGE_CURVE('',#1786,#1834,#1858,.T.);
#1858 = LINE('',#1859,#1860);
#1859 = CARTESIAN_POINT('',(-0.32,-2.86,-2.84));
#1860 = VECTOR('',#1861,1.);
#1861 = DIRECTION('',(0.,1.,0.));
#1862 = ORIENTED_EDGE('',*,*,#1841,.T.);
#1863 = ORIENTED_EDGE('',*,*,#1304,.F.);
#1864 = PLANE('',#1865);
#1865 = AXIS2_PLACEMENT_3D('',#1866,#1867,#1868);
#1866 = CARTESIAN_POINT('',(-0.32,-2.86,-3.));
#1867 = DIRECTION('',(1.,0.,0.));
#1868 = DIRECTION('',(0.,0.,1.));
#1869 = ADVANCED_FACE('',(#1870),#1895,.F.);
#1870 = FACE_BOUND('',#1871,.F.);
#1871 = EDGE_LOOP('',(#1872,#1880,#1881,#1889));
#1872 = ORIENTED_EDGE('',*,*,#1873,.F.);
#1873 = EDGE_CURVE('',#1426,#1874,#1876,.T.);
#1874 = VERTEX_POINT('',#1875);
#1875 = CARTESIAN_POINT('',(0.32,-0.32,8.38));
#1876 = LINE('',#1877,#1878);
#1877 = CARTESIAN_POINT('',(0.32,-0.32,-3.));
#1878 = VECTOR('',#1879,1.);
#1879 = DIRECTION('',(0.,0.,1.));
#1880 = ORIENTED_EDGE('',*,*,#1425,.T.);
#1881 = ORIENTED_EDGE('',*,*,#1882,.T.);
#1882 = EDGE_CURVE('',#1428,#1883,#1885,.T.);
#1883 = VERTEX_POINT('',#1884);
#1884 = CARTESIAN_POINT('',(-0.32,-0.32,8.38));
#1885 = LINE('',#1886,#1887);
#1886 = CARTESIAN_POINT('',(-0.32,-0.32,-3.));
#1887 = VECTOR('',#1888,1.);
#1888 = DIRECTION('',(0.,0.,1.));
#1889 = ORIENTED_EDGE('',*,*,#1890,.T.);
#1890 = EDGE_CURVE('',#1883,#1874,#1891,.T.);
#1891 = LINE('',#1892,#1893);
#1892 = CARTESIAN_POINT('',(-0.32,-0.32,8.38));
#1893 = VECTOR('',#1894,1.);
#1894 = DIRECTION('',(1.,0.,0.));
#1895 = PLANE('',#1896);
#1896 = AXIS2_PLACEMENT_3D('',#1897,#1898,#1899);
#1897 = CARTESIAN_POINT('',(-0.32,-0.32,-3.));
#1898 = DIRECTION('',(0.,1.,0.));
#1899 = DIRECTION('',(0.,-0.,1.));
#1900 = ADVANCED_FACE('',(#1901),#1919,.T.);
#1901 = FACE_BOUND('',#1902,.T.);
#1902 = EDGE_LOOP('',(#1903,#1904,#1905,#1913));
#1903 = ORIENTED_EDGE('',*,*,#1873,.F.);
#1904 = ORIENTED_EDGE('',*,*,#1451,.T.);
#1905 = ORIENTED_EDGE('',*,*,#1906,.T.);
#1906 = EDGE_CURVE('',#1444,#1907,#1909,.T.);
#1907 = VERTEX_POINT('',#1908);
#1908 = CARTESIAN_POINT('',(0.32,0.32,8.38));
#1909 = LINE('',#1910,#1911);
#1910 = CARTESIAN_POINT('',(0.32,0.32,-3.));
#1911 = VECTOR('',#1912,1.);
#1912 = DIRECTION('',(0.,0.,1.));
#1913 = ORIENTED_EDGE('',*,*,#1914,.F.);
#1914 = EDGE_CURVE('',#1874,#1907,#1915,.T.);
#1915 = LINE('',#1916,#1917);
#1916 = CARTESIAN_POINT('',(0.32,-0.32,8.38));
#1917 = VECTOR('',#1918,1.);
#1918 = DIRECTION('',(0.,1.,0.));
#1919 = PLANE('',#1920);
#1920 = AXIS2_PLACEMENT_3D('',#1921,#1922,#1923);
#1921 = CARTESIAN_POINT('',(0.32,-0.32,-3.));
#1922 = DIRECTION('',(1.,0.,0.));
#1923 = DIRECTION('',(0.,0.,1.));
#1924 = ADVANCED_FACE('',(#1925),#1943,.T.);
#1925 = FACE_BOUND('',#1926,.T.);
#1926 = EDGE_LOOP('',(#1927,#1928,#1929,#1937));
#1927 = ORIENTED_EDGE('',*,*,#1906,.F.);
#1928 = ORIENTED_EDGE('',*,*,#1443,.T.);
#1929 = ORIENTED_EDGE('',*,*,#1930,.T.);
#1930 = EDGE_CURVE('',#1436,#1931,#1933,.T.);
#1931 = VERTEX_POINT('',#1932);
#1932 = CARTESIAN_POINT('',(-0.32,0.32,8.38));
#1933 = LINE('',#1934,#1935);
#1934 = CARTESIAN_POINT('',(-0.32,0.32,-3.));
#1935 = VECTOR('',#1936,1.);
#1936 = DIRECTION('',(0.,0.,1.));
#1937 = ORIENTED_EDGE('',*,*,#1938,.T.);
#1938 = EDGE_CURVE('',#1931,#1907,#1939,.T.);
#1939 = LINE('',#1940,#1941);
#1940 = CARTESIAN_POINT('',(-0.32,0.32,8.38));
#1941 = VECTOR('',#1942,1.);
#1942 = DIRECTION('',(1.,0.,0.));
#1943 = PLANE('',#1944);
#1944 = AXIS2_PLACEMENT_3D('',#1945,#1946,#1947);
#1945 = CARTESIAN_POINT('',(-0.32,0.32,-3.));
#1946 = DIRECTION('',(0.,1.,0.));
#1947 = DIRECTION('',(0.,-0.,1.));
#1948 = ADVANCED_FACE('',(#1949),#1960,.F.);
#1949 = FACE_BOUND('',#1950,.F.);
#1950 = EDGE_LOOP('',(#1951,#1952,#1953,#1954));
#1951 = ORIENTED_EDGE('',*,*,#1882,.F.);
#1952 = ORIENTED_EDGE('',*,*,#1435,.T.);
#1953 = ORIENTED_EDGE('',*,*,#1930,.T.);
#1954 = ORIENTED_EDGE('',*,*,#1955,.F.);
#1955 = EDGE_CURVE('',#1883,#1931,#1956,.T.);
#1956 = LINE('',#1957,#1958);
#1957 = CARTESIAN_POINT('',(-0.32,-0.32,8.38));
#1958 = VECTOR('',#1959,1.);
#1959 = DIRECTION('',(0.,1.,0.));
#1960 = PLANE('',#1961);
#1961 = AXIS2_PLACEMENT_3D('',#1962,#1963,#1964);
#1962 = CARTESIAN_POINT('',(-0.32,-0.32,-3.));
#1963 = DIRECTION('',(1.,0.,0.));
#1964 = DIRECTION('',(0.,0.,1.));
#1965 = ADVANCED_FACE('',(#1966),#1991,.F.);
#1966 = FACE_BOUND('',#1967,.F.);
#1967 = EDGE_LOOP('',(#1968,#1976,#1977,#1985));
#1968 = ORIENTED_EDGE('',*,*,#1969,.F.);
#1969 = EDGE_CURVE('',#1460,#1970,#1972,.T.);
#1970 = VERTEX_POINT('',#1971);
#1971 = CARTESIAN_POINT('',(0.32,-2.86,8.38));
#1972 = LINE('',#1973,#1974);
#1973 = CARTESIAN_POINT('',(0.32,-2.86,-3.));
#1974 = VECTOR('',#1975,1.);
#1975 = DIRECTION('',(0.,0.,1.));
#1976 = ORIENTED_EDGE('',*,*,#1459,.T.);
#1977 = ORIENTED_EDGE('',*,*,#1978,.T.);
#1978 = EDGE_CURVE('',#1462,#1979,#1981,.T.);
#1979 = VERTEX_POINT('',#1980);
#1980 = CARTESIAN_POINT('',(-0.32,-2.86,8.38));
#1981 = LINE('',#1982,#1983);
#1982 = CARTESIAN_POINT('',(-0.32,-2.86,-3.));
#1983 = VECTOR('',#1984,1.);
#1984 = DIRECTION('',(0.,0.,1.));
#1985 = ORIENTED_EDGE('',*,*,#1986,.T.);
#1986 = EDGE_CURVE('',#1979,#1970,#1987,.T.);
#1987 = LINE('',#1988,#1989);
#1988 = CARTESIAN_POINT('',(-0.32,-2.86,8.38));
#1989 = VECTOR('',#1990,1.);
#1990 = DIRECTION('',(1.,0.,0.));
#1991 = PLANE('',#1992);
#1992 = AXIS2_PLACEMENT_3D('',#1993,#1994,#1995);
#1993 = CARTESIAN_POINT('',(-0.32,-2.86,-3.));
#1994 = DIRECTION('',(0.,1.,0.));
#1995 = DIRECTION('',(0.,-0.,1.));
#1996 = ADVANCED_FACE('',(#1997),#2015,.T.);
#1997 = FACE_BOUND('',#1998,.T.);
#1998 = EDGE_LOOP('',(#1999,#2000,#2001,#2009));
#1999 = ORIENTED_EDGE('',*,*,#1969,.F.);
#2000 = ORIENTED_EDGE('',*,*,#1485,.T.);
#2001 = ORIENTED_EDGE('',*,*,#2002,.T.);
#2002 = EDGE_CURVE('',#1478,#2003,#2005,.T.);
#2003 = VERTEX_POINT('',#2004);
#2004 = CARTESIAN_POINT('',(0.32,-2.22,8.38));
#2005 = LINE('',#2006,#2007);
#2006 = CARTESIAN_POINT('',(0.32,-2.22,-3.));
#2007 = VECTOR('',#2008,1.);
#2008 = DIRECTION('',(0.,0.,1.));
#2009 = ORIENTED_EDGE('',*,*,#2010,.F.);
#2010 = EDGE_CURVE('',#1970,#2003,#2011,.T.);
#2011 = LINE('',#2012,#2013);
#2012 = CARTESIAN_POINT('',(0.32,-2.86,8.38));
#2013 = VECTOR('',#2014,1.);
#2014 = DIRECTION('',(0.,1.,0.));
#2015 = PLANE('',#2016);
#2016 = AXIS2_PLACEMENT_3D('',#2017,#2018,#2019);
#2017 = CARTESIAN_POINT('',(0.32,-2.86,-3.));
#2018 = DIRECTION('',(1.,0.,0.));
#2019 = DIRECTION('',(0.,0.,1.));
#2020 = ADVANCED_FACE('',(#2021),#2039,.T.);
#2021 = FACE_BOUND('',#2022,.T.);
#2022 = EDGE_LOOP('',(#2023,#2024,#2025,#2033));
#2023 = ORIENTED_EDGE('',*,*,#2002,.F.);
#2024 = ORIENTED_EDGE('',*,*,#1477,.T.);
#2025 = ORIENTED_EDGE('',*,*,#2026,.T.);
#2026 = EDGE_CURVE('',#1470,#2027,#2029,.T.);
#2027 = VERTEX_POINT('',#2028);
#2028 = CARTESIAN_POINT('',(-0.32,-2.22,8.38));
#2029 = LINE('',#2030,#2031);
#2030 = CARTESIAN_POINT('',(-0.32,-2.22,-3.));
#2031 = VECTOR('',#2032,1.);
#2032 = DIRECTION('',(0.,0.,1.));
#2033 = ORIENTED_EDGE('',*,*,#2034,.T.);
#2034 = EDGE_CURVE('',#2027,#2003,#2035,.T.);
#2035 = LINE('',#2036,#2037);
#2036 = CARTESIAN_POINT('',(-0.32,-2.22,8.38));
#2037 = VECTOR('',#2038,1.);
#2038 = DIRECTION('',(1.,0.,0.));
#2039 = PLANE('',#2040);
#2040 = AXIS2_PLACEMENT_3D('',#2041,#2042,#2043);
#2041 = CARTESIAN_POINT('',(-0.32,-2.22,-3.));
#2042 = DIRECTION('',(0.,1.,0.));
#2043 = DIRECTION('',(0.,-0.,1.));
#2044 = ADVANCED_FACE('',(#2045),#2056,.F.);
#2045 = FACE_BOUND('',#2046,.F.);
#2046 = EDGE_LOOP('',(#2047,#2048,#2049,#2050));
#2047 = ORIENTED_EDGE('',*,*,#1978,.F.);
#2048 = ORIENTED_EDGE('',*,*,#1469,.T.);
#2049 = ORIENTED_EDGE('',*,*,#2026,.T.);
#2050 = ORIENTED_EDGE('',*,*,#2051,.F.);
#2051 = EDGE_CURVE('',#1979,#2027,#2052,.T.);
#2052 = LINE('',#2053,#2054);
#2053 = CARTESIAN_POINT('',(-0.32,-2.86,8.38));
#2054 = VECTOR('',#2055,1.);
#2055 = DIRECTION('',(0.,1.,0.));
#2056 = PLANE('',#2057);
#2057 = AXIS2_PLACEMENT_3D('',#2058,#2059,#2060);
#2058 = CARTESIAN_POINT('',(-0.32,-2.86,-3.));
#2059 = DIRECTION('',(1.,0.,0.));
#2060 = DIRECTION('',(0.,0.,1.));
#2061 = ADVANCED_FACE('',(#2062),#2087,.T.);
#2062 = FACE_BOUND('',#2063,.F.);
#2063 = EDGE_LOOP('',(#2064,#2072,#2073,#2081));
#2064 = ORIENTED_EDGE('',*,*,#2065,.F.);
#2065 = EDGE_CURVE('',#1690,#2066,#2068,.T.);
#2066 = VERTEX_POINT('',#2067);
#2067 = CARTESIAN_POINT('',(-0.16,-0.16,-3.));
#2068 = LINE('',#2069,#2070);
#2069 = CARTESIAN_POINT('',(-0.266666666667,-0.266666666667,
    -2.893333333333));
#2070 = VECTOR('',#2071,1.);
#2071 = DIRECTION('',(0.57735026919,0.57735026919,-0.57735026919));
#2072 = ORIENTED_EDGE('',*,*,#1689,.T.);
#2073 = ORIENTED_EDGE('',*,*,#2074,.T.);
#2074 = EDGE_CURVE('',#1682,#2075,#2077,.T.);
#2075 = VERTEX_POINT('',#2076);
#2076 = CARTESIAN_POINT('',(0.16,-0.16,-3.));
#2077 = LINE('',#2078,#2079);
#2078 = CARTESIAN_POINT('',(0.16,-0.16,-3.));
#2079 = VECTOR('',#2080,1.);
#2080 = DIRECTION('',(-0.57735026919,0.57735026919,-0.57735026919));
#2081 = ORIENTED_EDGE('',*,*,#2082,.F.);
#2082 = EDGE_CURVE('',#2066,#2075,#2083,.T.);
#2083 = LINE('',#2084,#2085);
#2084 = CARTESIAN_POINT('',(-0.32,-0.16,-3.));
#2085 = VECTOR('',#2086,1.);
#2086 = DIRECTION('',(1.,0.,0.));
#2087 = PLANE('',#2088);
#2088 = AXIS2_PLACEMENT_3D('',#2089,#2090,#2091);
#2089 = CARTESIAN_POINT('',(-0.32,-0.24,-2.92));
#2090 = DIRECTION('',(1.735167508357E-18,-0.707106781187,-0.707106781187
    ));
#2091 = DIRECTION('',(-1.,-1.226948711654E-18,-1.226948711654E-18));
#2092 = ADVANCED_FACE('',(#2093),#2111,.F.);
#2093 = FACE_BOUND('',#2094,.F.);
#2094 = EDGE_LOOP('',(#2095,#2096,#2097,#2105));
#2095 = ORIENTED_EDGE('',*,*,#2074,.F.);
#2096 = ORIENTED_EDGE('',*,*,#1713,.T.);
#2097 = ORIENTED_EDGE('',*,*,#2098,.T.);
#2098 = EDGE_CURVE('',#1714,#2099,#2101,.T.);
#2099 = VERTEX_POINT('',#2100);
#2100 = CARTESIAN_POINT('',(0.16,0.16,-3.));
#2101 = LINE('',#2102,#2103);
#2102 = CARTESIAN_POINT('',(5.333333333333E-02,5.333333333333E-02,
    -3.106666666667));
#2103 = VECTOR('',#2104,1.);
#2104 = DIRECTION('',(-0.57735026919,-0.57735026919,-0.57735026919));
#2105 = ORIENTED_EDGE('',*,*,#2106,.F.);
#2106 = EDGE_CURVE('',#2075,#2099,#2107,.T.);
#2107 = LINE('',#2108,#2109);
#2108 = CARTESIAN_POINT('',(0.16,-0.32,-3.));
#2109 = VECTOR('',#2110,1.);
#2110 = DIRECTION('',(0.,1.,0.));
#2111 = PLANE('',#2112);
#2112 = AXIS2_PLACEMENT_3D('',#2113,#2114,#2115);
#2113 = CARTESIAN_POINT('',(0.24,-0.32,-2.92));
#2114 = DIRECTION('',(-0.707106781187,1.735167508357E-18,0.707106781187)
  );
#2115 = DIRECTION('',(1.226948711654E-18,1.,-1.226948711654E-18));
#2116 = ADVANCED_FACE('',(#2117),#2135,.F.);
#2117 = FACE_BOUND('',#2118,.T.);
#2118 = EDGE_LOOP('',(#2119,#2127,#2128,#2129));
#2119 = ORIENTED_EDGE('',*,*,#2120,.F.);
#2120 = EDGE_CURVE('',#1738,#2121,#2123,.T.);
#2121 = VERTEX_POINT('',#2122);
#2122 = CARTESIAN_POINT('',(-0.16,0.16,-3.));
#2123 = LINE('',#2124,#2125);
#2124 = CARTESIAN_POINT('',(-0.16,0.16,-3.));
#2125 = VECTOR('',#2126,1.);
#2126 = DIRECTION('',(0.57735026919,-0.57735026919,-0.57735026919));
#2127 = ORIENTED_EDGE('',*,*,#1737,.T.);
#2128 = ORIENTED_EDGE('',*,*,#2098,.T.);
#2129 = ORIENTED_EDGE('',*,*,#2130,.F.);
#2130 = EDGE_CURVE('',#2121,#2099,#2131,.T.);
#2131 = LINE('',#2132,#2133);
#2132 = CARTESIAN_POINT('',(-0.32,0.16,-3.));
#2133 = VECTOR('',#2134,1.);
#2134 = DIRECTION('',(1.,0.,0.));
#2135 = PLANE('',#2136);
#2136 = AXIS2_PLACEMENT_3D('',#2137,#2138,#2139);
#2137 = CARTESIAN_POINT('',(-0.32,0.24,-2.92));
#2138 = DIRECTION('',(-1.735167508357E-18,-0.707106781187,0.707106781187
    ));
#2139 = DIRECTION('',(-1.,1.226948711654E-18,-1.226948711654E-18));
#2140 = ADVANCED_FACE('',(#2141),#2152,.T.);
#2141 = FACE_BOUND('',#2142,.T.);
#2142 = EDGE_LOOP('',(#2143,#2144,#2145,#2146));
#2143 = ORIENTED_EDGE('',*,*,#2065,.F.);
#2144 = ORIENTED_EDGE('',*,*,#1761,.T.);
#2145 = ORIENTED_EDGE('',*,*,#2120,.T.);
#2146 = ORIENTED_EDGE('',*,*,#2147,.F.);
#2147 = EDGE_CURVE('',#2066,#2121,#2148,.T.);
#2148 = LINE('',#2149,#2150);
#2149 = CARTESIAN_POINT('',(-0.16,-0.32,-3.));
#2150 = VECTOR('',#2151,1.);
#2151 = DIRECTION('',(0.,1.,0.));
#2152 = PLANE('',#2153);
#2153 = AXIS2_PLACEMENT_3D('',#2154,#2155,#2156);
#2154 = CARTESIAN_POINT('',(-0.24,-0.32,-2.92));
#2155 = DIRECTION('',(-0.707106781187,-1.735167508357E-18,
    -0.707106781187));
#2156 = DIRECTION('',(-1.226948711654E-18,1.,-1.226948711654E-18));
#2157 = ADVANCED_FACE('',(#2158),#2183,.T.);
#2158 = FACE_BOUND('',#2159,.F.);
#2159 = EDGE_LOOP('',(#2160,#2168,#2169,#2177));
#2160 = ORIENTED_EDGE('',*,*,#2161,.F.);
#2161 = EDGE_CURVE('',#1786,#2162,#2164,.T.);
#2162 = VERTEX_POINT('',#2163);
#2163 = CARTESIAN_POINT('',(-0.16,-2.7,-3.));
#2164 = LINE('',#2165,#2166);
#2165 = CARTESIAN_POINT('',(-0.266666666667,-2.806666666667,
    -2.893333333333));
#2166 = VECTOR('',#2167,1.);
#2167 = DIRECTION('',(0.57735026919,0.57735026919,-0.57735026919));
#2168 = ORIENTED_EDGE('',*,*,#1785,.T.);
#2169 = ORIENTED_EDGE('',*,*,#2170,.T.);
#2170 = EDGE_CURVE('',#1778,#2171,#2173,.T.);
#2171 = VERTEX_POINT('',#2172);
#2172 = CARTESIAN_POINT('',(0.16,-2.7,-3.));
#2173 = LINE('',#2174,#2175);
#2174 = CARTESIAN_POINT('',(0.16,-2.7,-3.));
#2175 = VECTOR('',#2176,1.);
#2176 = DIRECTION('',(-0.57735026919,0.57735026919,-0.57735026919));
#2177 = ORIENTED_EDGE('',*,*,#2178,.F.);
#2178 = EDGE_CURVE('',#2162,#2171,#2179,.T.);
#2179 = LINE('',#2180,#2181);
#2180 = CARTESIAN_POINT('',(-0.32,-2.7,-3.));
#2181 = VECTOR('',#2182,1.);
#2182 = DIRECTION('',(1.,0.,0.));
#2183 = PLANE('',#2184);
#2184 = AXIS2_PLACEMENT_3D('',#2185,#2186,#2187);
#2185 = CARTESIAN_POINT('',(-0.32,-2.78,-2.92));
#2186 = DIRECTION('',(1.735167508357E-18,-0.707106781187,-0.707106781187
    ));
#2187 = DIRECTION('',(-1.,-1.226948711654E-18,-1.226948711654E-18));
#2188 = ADVANCED_FACE('',(#2189),#2207,.F.);
#2189 = FACE_BOUND('',#2190,.F.);
#2190 = EDGE_LOOP('',(#2191,#2192,#2193,#2201));
#2191 = ORIENTED_EDGE('',*,*,#2170,.F.);
#2192 = ORIENTED_EDGE('',*,*,#1809,.T.);
#2193 = ORIENTED_EDGE('',*,*,#2194,.T.);
#2194 = EDGE_CURVE('',#1810,#2195,#2197,.T.);
#2195 = VERTEX_POINT('',#2196);
#2196 = CARTESIAN_POINT('',(0.16,-2.38,-3.));
#2197 = LINE('',#2198,#2199);
#2198 = CARTESIAN_POINT('',(5.333333333333E-02,-2.486666666667,
    -3.106666666667));
#2199 = VECTOR('',#2200,1.);
#2200 = DIRECTION('',(-0.57735026919,-0.57735026919,-0.57735026919));
#2201 = ORIENTED_EDGE('',*,*,#2202,.F.);
#2202 = EDGE_CURVE('',#2171,#2195,#2203,.T.);
#2203 = LINE('',#2204,#2205);
#2204 = CARTESIAN_POINT('',(0.16,-2.86,-3.));
#2205 = VECTOR('',#2206,1.);
#2206 = DIRECTION('',(0.,1.,0.));
#2207 = PLANE('',#2208);
#2208 = AXIS2_PLACEMENT_3D('',#2209,#2210,#2211);
#2209 = CARTESIAN_POINT('',(0.24,-2.86,-2.92));
#2210 = DIRECTION('',(-0.707106781187,1.735167508357E-18,0.707106781187)
  );
#2211 = DIRECTION('',(1.226948711654E-18,1.,-1.226948711654E-18));
#2212 = ADVANCED_FACE('',(#2213),#2231,.F.);
#2213 = FACE_BOUND('',#2214,.T.);
#2214 = EDGE_LOOP('',(#2215,#2223,#2224,#2225));
#2215 = ORIENTED_EDGE('',*,*,#2216,.F.);
#2216 = EDGE_CURVE('',#1834,#2217,#2219,.T.);
#2217 = VERTEX_POINT('',#2218);
#2218 = CARTESIAN_POINT('',(-0.16,-2.38,-3.));
#2219 = LINE('',#2220,#2221);
#2220 = CARTESIAN_POINT('',(-0.16,-2.38,-3.));
#2221 = VECTOR('',#2222,1.);
#2222 = DIRECTION('',(0.57735026919,-0.57735026919,-0.57735026919));
#2223 = ORIENTED_EDGE('',*,*,#1833,.T.);
#2224 = ORIENTED_EDGE('',*,*,#2194,.T.);
#2225 = ORIENTED_EDGE('',*,*,#2226,.F.);
#2226 = EDGE_CURVE('',#2217,#2195,#2227,.T.);
#2227 = LINE('',#2228,#2229);
#2228 = CARTESIAN_POINT('',(-0.32,-2.38,-3.));
#2229 = VECTOR('',#2230,1.);
#2230 = DIRECTION('',(1.,0.,0.));
#2231 = PLANE('',#2232);
#2232 = AXIS2_PLACEMENT_3D('',#2233,#2234,#2235);
#2233 = CARTESIAN_POINT('',(-0.32,-2.3,-2.92));
#2234 = DIRECTION('',(-1.735167508357E-18,-0.707106781187,0.707106781187
    ));
#2235 = DIRECTION('',(-1.,1.226948711654E-18,-1.226948711654E-18));
#2236 = ADVANCED_FACE('',(#2237),#2248,.T.);
#2237 = FACE_BOUND('',#2238,.T.);
#2238 = EDGE_LOOP('',(#2239,#2240,#2241,#2242));
#2239 = ORIENTED_EDGE('',*,*,#2161,.F.);
#2240 = ORIENTED_EDGE('',*,*,#1857,.T.);
#2241 = ORIENTED_EDGE('',*,*,#2216,.T.);
#2242 = ORIENTED_EDGE('',*,*,#2243,.F.);
#2243 = EDGE_CURVE('',#2162,#2217,#2244,.T.);
#2244 = LINE('',#2245,#2246);
#2245 = CARTESIAN_POINT('',(-0.16,-2.86,-3.));
#2246 = VECTOR('',#2247,1.);
#2247 = DIRECTION('',(0.,1.,0.));
#2248 = PLANE('',#2249);
#2249 = AXIS2_PLACEMENT_3D('',#2250,#2251,#2252);
#2250 = CARTESIAN_POINT('',(-0.24,-2.86,-2.92));
#2251 = DIRECTION('',(-0.707106781187,-1.735167508357E-18,
    -0.707106781187));
#2252 = DIRECTION('',(-1.226948711654E-18,1.,-1.226948711654E-18));
#2253 = ADVANCED_FACE('',(#2254),#2279,.F.);
#2254 = FACE_BOUND('',#2255,.T.);
#2255 = EDGE_LOOP('',(#2256,#2264,#2265,#2273));
#2256 = ORIENTED_EDGE('',*,*,#2257,.F.);
#2257 = EDGE_CURVE('',#1883,#2258,#2260,.T.);
#2258 = VERTEX_POINT('',#2259);
#2259 = CARTESIAN_POINT('',(-0.16,-0.16,8.54));
#2260 = LINE('',#2261,#2262);
#2261 = CARTESIAN_POINT('',(-0.266666666667,-0.266666666667,
    8.433333333333));
#2262 = VECTOR('',#2263,1.);
#2263 = DIRECTION('',(0.57735026919,0.57735026919,0.57735026919));
#2264 = ORIENTED_EDGE('',*,*,#1890,.T.);
#2265 = ORIENTED_EDGE('',*,*,#2266,.T.);
#2266 = EDGE_CURVE('',#1874,#2267,#2269,.T.);
#2267 = VERTEX_POINT('',#2268);
#2268 = CARTESIAN_POINT('',(0.16,-0.16,8.54));
#2269 = LINE('',#2270,#2271);
#2270 = CARTESIAN_POINT('',(0.16,-0.16,8.54));
#2271 = VECTOR('',#2272,1.);
#2272 = DIRECTION('',(-0.57735026919,0.57735026919,0.57735026919));
#2273 = ORIENTED_EDGE('',*,*,#2274,.F.);
#2274 = EDGE_CURVE('',#2258,#2267,#2275,.T.);
#2275 = LINE('',#2276,#2277);
#2276 = CARTESIAN_POINT('',(-0.32,-0.16,8.54));
#2277 = VECTOR('',#2278,1.);
#2278 = DIRECTION('',(1.,0.,0.));
#2279 = PLANE('',#2280);
#2280 = AXIS2_PLACEMENT_3D('',#2281,#2282,#2283);
#2281 = CARTESIAN_POINT('',(-0.32,-0.24,8.46));
#2282 = DIRECTION('',(-1.735167508357E-18,0.707106781187,-0.707106781187
    ));
#2283 = DIRECTION('',(-1.,-1.226948711654E-18,1.226948711654E-18));
#2284 = ADVANCED_FACE('',(#2285),#2303,.T.);
#2285 = FACE_BOUND('',#2286,.T.);
#2286 = EDGE_LOOP('',(#2287,#2288,#2289,#2297));
#2287 = ORIENTED_EDGE('',*,*,#2266,.F.);
#2288 = ORIENTED_EDGE('',*,*,#1914,.T.);
#2289 = ORIENTED_EDGE('',*,*,#2290,.T.);
#2290 = EDGE_CURVE('',#1907,#2291,#2293,.T.);
#2291 = VERTEX_POINT('',#2292);
#2292 = CARTESIAN_POINT('',(0.16,0.16,8.54));
#2293 = LINE('',#2294,#2295);
#2294 = CARTESIAN_POINT('',(5.333333333333E-02,5.333333333333E-02,
    8.646666666667));
#2295 = VECTOR('',#2296,1.);
#2296 = DIRECTION('',(-0.57735026919,-0.57735026919,0.57735026919));
#2297 = ORIENTED_EDGE('',*,*,#2298,.F.);
#2298 = EDGE_CURVE('',#2267,#2291,#2299,.T.);
#2299 = LINE('',#2300,#2301);
#2300 = CARTESIAN_POINT('',(0.16,-0.32,8.54));
#2301 = VECTOR('',#2302,1.);
#2302 = DIRECTION('',(0.,1.,0.));
#2303 = PLANE('',#2304);
#2304 = AXIS2_PLACEMENT_3D('',#2305,#2306,#2307);
#2305 = CARTESIAN_POINT('',(0.24,-0.32,8.46));
#2306 = DIRECTION('',(0.707106781187,-1.735167508357E-18,0.707106781187)
  );
#2307 = DIRECTION('',(1.226948711654E-18,1.,1.226948711654E-18));
#2308 = ADVANCED_FACE('',(#2309),#2327,.T.);
#2309 = FACE_BOUND('',#2310,.F.);
#2310 = EDGE_LOOP('',(#2311,#2319,#2320,#2321));
#2311 = ORIENTED_EDGE('',*,*,#2312,.F.);
#2312 = EDGE_CURVE('',#1931,#2313,#2315,.T.);
#2313 = VERTEX_POINT('',#2314);
#2314 = CARTESIAN_POINT('',(-0.16,0.16,8.54));
#2315 = LINE('',#2316,#2317);
#2316 = CARTESIAN_POINT('',(-0.16,0.16,8.54));
#2317 = VECTOR('',#2318,1.);
#2318 = DIRECTION('',(0.57735026919,-0.57735026919,0.57735026919));
#2319 = ORIENTED_EDGE('',*,*,#1938,.T.);
#2320 = ORIENTED_EDGE('',*,*,#2290,.T.);
#2321 = ORIENTED_EDGE('',*,*,#2322,.F.);
#2322 = EDGE_CURVE('',#2313,#2291,#2323,.T.);
#2323 = LINE('',#2324,#2325);
#2324 = CARTESIAN_POINT('',(-0.32,0.16,8.54));
#2325 = VECTOR('',#2326,1.);
#2326 = DIRECTION('',(1.,0.,0.));
#2327 = PLANE('',#2328);
#2328 = AXIS2_PLACEMENT_3D('',#2329,#2330,#2331);
#2329 = CARTESIAN_POINT('',(-0.32,0.24,8.46));
#2330 = DIRECTION('',(1.735167508357E-18,0.707106781187,0.707106781187)
  );
#2331 = DIRECTION('',(-1.,1.226948711654E-18,1.226948711654E-18));
#2332 = ADVANCED_FACE('',(#2333),#2344,.F.);
#2333 = FACE_BOUND('',#2334,.F.);
#2334 = EDGE_LOOP('',(#2335,#2336,#2337,#2338));
#2335 = ORIENTED_EDGE('',*,*,#2257,.F.);
#2336 = ORIENTED_EDGE('',*,*,#1955,.T.);
#2337 = ORIENTED_EDGE('',*,*,#2312,.T.);
#2338 = ORIENTED_EDGE('',*,*,#2339,.F.);
#2339 = EDGE_CURVE('',#2258,#2313,#2340,.T.);
#2340 = LINE('',#2341,#2342);
#2341 = CARTESIAN_POINT('',(-0.16,-0.32,8.54));
#2342 = VECTOR('',#2343,1.);
#2343 = DIRECTION('',(0.,1.,0.));
#2344 = PLANE('',#2345);
#2345 = AXIS2_PLACEMENT_3D('',#2346,#2347,#2348);
#2346 = CARTESIAN_POINT('',(-0.24,-0.32,8.46));
#2347 = DIRECTION('',(0.707106781187,1.735167508357E-18,-0.707106781187)
  );
#2348 = DIRECTION('',(-1.226948711654E-18,1.,1.226948711654E-18));
#2349 = ADVANCED_FACE('',(#2350),#2375,.F.);
#2350 = FACE_BOUND('',#2351,.T.);
#2351 = EDGE_LOOP('',(#2352,#2360,#2361,#2369));
#2352 = ORIENTED_EDGE('',*,*,#2353,.F.);
#2353 = EDGE_CURVE('',#1979,#2354,#2356,.T.);
#2354 = VERTEX_POINT('',#2355);
#2355 = CARTESIAN_POINT('',(-0.16,-2.7,8.54));
#2356 = LINE('',#2357,#2358);
#2357 = CARTESIAN_POINT('',(-0.266666666667,-2.806666666667,
    8.433333333333));
#2358 = VECTOR('',#2359,1.);
#2359 = DIRECTION('',(0.57735026919,0.57735026919,0.57735026919));
#2360 = ORIENTED_EDGE('',*,*,#1986,.T.);
#2361 = ORIENTED_EDGE('',*,*,#2362,.T.);
#2362 = EDGE_CURVE('',#1970,#2363,#2365,.T.);
#2363 = VERTEX_POINT('',#2364);
#2364 = CARTESIAN_POINT('',(0.16,-2.7,8.54));
#2365 = LINE('',#2366,#2367);
#2366 = CARTESIAN_POINT('',(0.16,-2.7,8.54));
#2367 = VECTOR('',#2368,1.);
#2368 = DIRECTION('',(-0.57735026919,0.57735026919,0.57735026919));
#2369 = ORIENTED_EDGE('',*,*,#2370,.F.);
#2370 = EDGE_CURVE('',#2354,#2363,#2371,.T.);
#2371 = LINE('',#2372,#2373);
#2372 = CARTESIAN_POINT('',(-0.32,-2.7,8.54));
#2373 = VECTOR('',#2374,1.);
#2374 = DIRECTION('',(1.,0.,0.));
#2375 = PLANE('',#2376);
#2376 = AXIS2_PLACEMENT_3D('',#2377,#2378,#2379);
#2377 = CARTESIAN_POINT('',(-0.32,-2.78,8.46));
#2378 = DIRECTION('',(-1.735167508357E-18,0.707106781187,-0.707106781187
    ));
#2379 = DIRECTION('',(-1.,-1.226948711654E-18,1.226948711654E-18));
#2380 = ADVANCED_FACE('',(#2381),#2399,.T.);
#2381 = FACE_BOUND('',#2382,.T.);
#2382 = EDGE_LOOP('',(#2383,#2384,#2385,#2393));
#2383 = ORIENTED_EDGE('',*,*,#2362,.F.);
#2384 = ORIENTED_EDGE('',*,*,#2010,.T.);
#2385 = ORIENTED_EDGE('',*,*,#2386,.T.);
#2386 = EDGE_CURVE('',#2003,#2387,#2389,.T.);
#2387 = VERTEX_POINT('',#2388);
#2388 = CARTESIAN_POINT('',(0.16,-2.38,8.54));
#2389 = LINE('',#2390,#2391);
#2390 = CARTESIAN_POINT('',(5.333333333333E-02,-2.486666666667,
    8.646666666667));
#2391 = VECTOR('',#2392,1.);
#2392 = DIRECTION('',(-0.57735026919,-0.57735026919,0.57735026919));
#2393 = ORIENTED_EDGE('',*,*,#2394,.F.);
#2394 = EDGE_CURVE('',#2363,#2387,#2395,.T.);
#2395 = LINE('',#2396,#2397);
#2396 = CARTESIAN_POINT('',(0.16,-2.86,8.54));
#2397 = VECTOR('',#2398,1.);
#2398 = DIRECTION('',(0.,1.,0.));
#2399 = PLANE('',#2400);
#2400 = AXIS2_PLACEMENT_3D('',#2401,#2402,#2403);
#2401 = CARTESIAN_POINT('',(0.24,-2.86,8.46));
#2402 = DIRECTION('',(0.707106781187,-1.735167508357E-18,0.707106781187)
  );
#2403 = DIRECTION('',(1.226948711654E-18,1.,1.226948711654E-18));
#2404 = ADVANCED_FACE('',(#2405),#2423,.T.);
#2405 = FACE_BOUND('',#2406,.F.);
#2406 = EDGE_LOOP('',(#2407,#2415,#2416,#2417));
#2407 = ORIENTED_EDGE('',*,*,#2408,.F.);
#2408 = EDGE_CURVE('',#2027,#2409,#2411,.T.);
#2409 = VERTEX_POINT('',#2410);
#2410 = CARTESIAN_POINT('',(-0.16,-2.38,8.54));
#2411 = LINE('',#2412,#2413);
#2412 = CARTESIAN_POINT('',(-0.16,-2.38,8.54));
#2413 = VECTOR('',#2414,1.);
#2414 = DIRECTION('',(0.57735026919,-0.57735026919,0.57735026919));
#2415 = ORIENTED_EDGE('',*,*,#2034,.T.);
#2416 = ORIENTED_EDGE('',*,*,#2386,.T.);
#2417 = ORIENTED_EDGE('',*,*,#2418,.F.);
#2418 = EDGE_CURVE('',#2409,#2387,#2419,.T.);
#2419 = LINE('',#2420,#2421);
#2420 = CARTESIAN_POINT('',(-0.32,-2.38,8.54));
#2421 = VECTOR('',#2422,1.);
#2422 = DIRECTION('',(1.,0.,0.));
#2423 = PLANE('',#2424);
#2424 = AXIS2_PLACEMENT_3D('',#2425,#2426,#2427);
#2425 = CARTESIAN_POINT('',(-0.32,-2.3,8.46));
#2426 = DIRECTION('',(1.735167508357E-18,0.707106781187,0.707106781187)
  );
#2427 = DIRECTION('',(-1.,1.226948711654E-18,1.226948711654E-18));
#2428 = ADVANCED_FACE('',(#2429),#2440,.F.);
#2429 = FACE_BOUND('',#2430,.F.);
#2430 = EDGE_LOOP('',(#2431,#2432,#2433,#2434));
#2431 = ORIENTED_EDGE('',*,*,#2353,.F.);
#2432 = ORIENTED_EDGE('',*,*,#2051,.T.);
#2433 = ORIENTED_EDGE('',*,*,#2408,.T.);
#2434 = ORIENTED_EDGE('',*,*,#2435,.F.);
#2435 = EDGE_CURVE('',#2354,#2409,#2436,.T.);
#2436 = LINE('',#2437,#2438);
#2437 = CARTESIAN_POINT('',(-0.16,-2.86,8.54));
#2438 = VECTOR('',#2439,1.);
#2439 = DIRECTION('',(0.,1.,0.));
#2440 = PLANE('',#2441);
#2441 = AXIS2_PLACEMENT_3D('',#2442,#2443,#2444);
#2442 = CARTESIAN_POINT('',(-0.24,-2.86,8.46));
#2443 = DIRECTION('',(0.707106781187,1.735167508357E-18,-0.707106781187)
  );
#2444 = DIRECTION('',(-1.226948711654E-18,1.,1.226948711654E-18));
#2445 = ADVANCED_FACE('',(#2446),#2452,.F.);
#2446 = FACE_BOUND('',#2447,.F.);
#2447 = EDGE_LOOP('',(#2448,#2449,#2450,#2451));
#2448 = ORIENTED_EDGE('',*,*,#2147,.F.);
#2449 = ORIENTED_EDGE('',*,*,#2082,.T.);
#2450 = ORIENTED_EDGE('',*,*,#2106,.T.);
#2451 = ORIENTED_EDGE('',*,*,#2130,.F.);
#2452 = PLANE('',#2453);
#2453 = AXIS2_PLACEMENT_3D('',#2454,#2455,#2456);
#2454 = CARTESIAN_POINT('',(-0.32,-0.32,-3.));
#2455 = DIRECTION('',(0.,0.,1.));
#2456 = DIRECTION('',(1.,0.,-0.));
#2457 = ADVANCED_FACE('',(#2458),#2464,.F.);
#2458 = FACE_BOUND('',#2459,.F.);
#2459 = EDGE_LOOP('',(#2460,#2461,#2462,#2463));
#2460 = ORIENTED_EDGE('',*,*,#2243,.F.);
#2461 = ORIENTED_EDGE('',*,*,#2178,.T.);
#2462 = ORIENTED_EDGE('',*,*,#2202,.T.);
#2463 = ORIENTED_EDGE('',*,*,#2226,.F.);
#2464 = PLANE('',#2465);
#2465 = AXIS2_PLACEMENT_3D('',#2466,#2467,#2468);
#2466 = CARTESIAN_POINT('',(-0.32,-2.86,-3.));
#2467 = DIRECTION('',(0.,0.,1.));
#2468 = DIRECTION('',(1.,0.,-0.));
#2469 = ADVANCED_FACE('',(#2470),#2476,.T.);
#2470 = FACE_BOUND('',#2471,.T.);
#2471 = EDGE_LOOP('',(#2472,#2473,#2474,#2475));
#2472 = ORIENTED_EDGE('',*,*,#2322,.F.);
#2473 = ORIENTED_EDGE('',*,*,#2339,.F.);
#2474 = ORIENTED_EDGE('',*,*,#2274,.T.);
#2475 = ORIENTED_EDGE('',*,*,#2298,.T.);
#2476 = PLANE('',#2477);
#2477 = AXIS2_PLACEMENT_3D('',#2478,#2479,#2480);
#2478 = CARTESIAN_POINT('',(-0.32,-0.32,8.54));
#2479 = DIRECTION('',(0.,0.,1.));
#2480 = DIRECTION('',(1.,0.,-0.));
#2481 = ADVANCED_FACE('',(#2482),#2488,.T.);
#2482 = FACE_BOUND('',#2483,.T.);
#2483 = EDGE_LOOP('',(#2484,#2485,#2486,#2487));
#2484 = ORIENTED_EDGE('',*,*,#2418,.F.);
#2485 = ORIENTED_EDGE('',*,*,#2435,.F.);
#2486 = ORIENTED_EDGE('',*,*,#2370,.T.);
#2487 = ORIENTED_EDGE('',*,*,#2394,.T.);
#2488 = PLANE('',#2489);
#2489 = AXIS2_PLACEMENT_3D('',#2490,#2491,#2492);
#2490 = CARTESIAN_POINT('',(-0.32,-2.86,8.54));
#2491 = DIRECTION('',(0.,0.,1.));
#2492 = DIRECTION('',(1.,0.,-0.));
#2493 = ( GEOMETRIC_REPRESENTATION_CONTEXT(3) 
GLOBAL_UNCERTAINTY_ASSIGNED_CONTEXT((#2497)) 
GLOBAL_UNIT_ASSIGNED_CONTEXT((#2494,#2495,#2496)) REPRESENTATION_CONTEXT
('Context #1','3D Context with UNIT and UNCERTAINTY') );
#2494 = ( LENGTH_UNIT() NAMED_UNIT(*) SI_UNIT(.MILLI.,.METRE.) );
#2495 = ( NAMED_UNIT(*) PLANE_ANGLE_UNIT() SI_UNIT($,.RADIAN.) );
#2496 = ( NAMED_UNIT(*) SI_UNIT($,.STERADIAN.) SOLID_ANGLE_UNIT() );
#2497 = UNCERTAINTY_MEASURE_WITH_UNIT(LENGTH_MEASURE(1.E-07),#2494,
  'distance_accuracy_value','confusion accuracy');
#2498 = CONTEXT_DEPENDENT_SHAPE_REPRESENTATION(#2499,#2501);
#2499 = ( REPRESENTATION_RELATIONSHIP('','',#1060,#1037) 
REPRESENTATION_RELATIONSHIP_WITH_TRANSFORMATION(#2500) 
SHAPE_REPRESENTATION_RELATIONSHIP() );
#2500 = ITEM_DEFINED_TRANSFORMATION('','',#11,#1038);
#2501 = PRODUCT_DEFINITION_SHAPE('Placement','Placement of an item',
  #2502);
#2502 = NEXT_ASSEMBLY_USAGE_OCCURRENCE('5','=>[0:1:1:7]','',#1032,#1055,
  $);
#2503 = PRODUCT_RELATED_PRODUCT_CATEGORY('part',$,(#1057));
#2504 = CONTEXT_DEPENDENT_SHAPE_REPRESENTATION(#2505,#2507);
#2505 = ( REPRESENTATION_RELATIONSHIP('','',#1037,#10) 
REPRESENTATION_RELATIONSHIP_WITH_TRANSFORMATION(#2506) 
SHAPE_REPRESENTATION_RELATIONSHIP() );
#2506 = ITEM_DEFINED_TRANSFORMATION('','',#11,#27);
#2507 = PRODUCT_DEFINITION_SHAPE('Placement','Placement of an item',
  #2508);
#2508 = NEXT_ASSEMBLY_USAGE_OCCURRENCE('7','BT1','',#5,#1032,$);
#2509 = CONTEXT_DEPENDENT_SHAPE_REPRESENTATION(#2510,#2512);
#2510 = ( REPRESENTATION_RELATIONSHIP('','',#84,#10) 
REPRESENTATION_RELATIONSHIP_WITH_TRANSFORMATION(#2511) 
SHAPE_REPRESENTATION_RELATIONSHIP() );
#2511 = ITEM_DEFINED_TRANSFORMATION('','',#11,#31);
#2512 = PRODUCT_DEFINITION_SHAPE('Placement','Placement of an item',
  #2513);
#2513 = NEXT_ASSEMBLY_USAGE_OCCURRENCE('8','R3','',#5,#79,$);
#2514 = CONTEXT_DEPENDENT_SHAPE_REPRESENTATION(#2515,#2517);
#2515 = ( REPRESENTATION_RELATIONSHIP('','',#513,#10) 
REPRESENTATION_RELATIONSHIP_WITH_TRANSFORMATION(#2516) 
SHAPE_REPRESENTATION_RELATIONSHIP() );
#2516 = ITEM_DEFINED_TRANSFORMATION('','',#11,#35);
#2517 = PRODUCT_DEFINITION_SHAPE('Placement','Placement of an item',
  #2518);
#2518 = NEXT_ASSEMBLY_USAGE_OCCURRENCE('9','C1','',#5,#508,$);
#2519 = SHAPE_DEFINITION_REPRESENTATION(#2520,#2526);
#2520 = PRODUCT_DEFINITION_SHAPE('','',#2521);
#2521 = PRODUCT_DEFINITION('design','',#2522,#2525);
#2522 = PRODUCT_DEFINITION_FORMATION('','',#2523);
#2523 = PRODUCT('CP_Radial_D8.0mm_P3.50mm','CP_Radial_D8.0mm_P3.50mm',''
  ,(#2524));
#2524 = PRODUCT_CONTEXT('',#2,'mechanical');
#2525 = PRODUCT_DEFINITION_CONTEXT('part definition',#2,'design');
#2526 = SHAPE_REPRESENTATION('',(#11,#2527),#2531);
#2527 = AXIS2_PLACEMENT_3D('',#2528,#2529,#2530);
#2528 = CARTESIAN_POINT('',(0.,0.,0.));
#2529 = DIRECTION('',(0.,0.,1.));
#2530 = DIRECTION('',(1.,0.,-0.));
#2531 = ( GEOMETRIC_REPRESENTATION_CONTEXT(3) 
GLOBAL_UNCERTAINTY_ASSIGNED_CONTEXT((#2535)) 
GLOBAL_UNIT_ASSIGNED_CONTEXT((#2532,#2533,#2534)) REPRESENTATION_CONTEXT
('Context #1','3D Context with UNIT and UNCERTAINTY') );
#2532 = ( LENGTH_UNIT() NAMED_UNIT(*) SI_UNIT(.MILLI.,.METRE.) );
#2533 = ( NAMED_UNIT(*) PLANE_ANGLE_UNIT() SI_UNIT($,.RADIAN.) );
#2534 = ( NAMED_UNIT(*) SI_UNIT($,.STERADIAN.) SOLID_ANGLE_UNIT() );
#2535 = UNCERTAINTY_MEASURE_WITH_UNIT(LENGTH_MEASURE(2.E-06),#2532,
  'distance_accuracy_value','confusion accuracy');
#2536 = CONTEXT_DEPENDENT_SHAPE_REPRESENTATION(#2537,#2539);
#2537 = ( REPRESENTATION_RELATIONSHIP('','',#2526,#10) 
REPRESENTATION_RELATIONSHIP_WITH_TRANSFORMATION(#2538) 
SHAPE_REPRESENTATION_RELATIONSHIP() );
#2538 = ITEM_DEFINED_TRANSFORMATION('','',#11,#39);
#2539 = PRODUCT_DEFINITION_SHAPE('Placement','Placement of an item',
  #2540);
#2540 = NEXT_ASSEMBLY_USAGE_OCCURRENCE('11','C3','',#5,#2521,$);
#2541 = PRODUCT_RELATED_PRODUCT_CATEGORY('part',$,(#2523));
#2542 = SHAPE_DEFINITION_REPRESENTATION(#2543,#2549);
#2543 = PRODUCT_DEFINITION_SHAPE('','',#2544);
#2544 = PRODUCT_DEFINITION('design','',#2545,#2548);
#2545 = PRODUCT_DEFINITION_FORMATION('','',#2546);
#2546 = PRODUCT('CP_Radial_D80mm_P350mm','CP_Radial_D80mm_P350mm','',(
    #2547));
#2547 = PRODUCT_CONTEXT('',#2,'mechanical');
#2548 = PRODUCT_DEFINITION_CONTEXT('part definition',#2,'design');
#2549 = ADVANCED_BREP_SHAPE_REPRESENTATION('',(#11,#2550),#4994);
#2550 = BREP_WITH_VOIDS('',#2551,(#4872));
#2551 = CLOSED_SHELL('',(#2552,#2569,#2594,#2643,#2676,#2694,#2719,#2751
    ,#2769,#2778,#2816,#2838,#2901,#2981,#3155,#3249,#3277,#3371,#3440,
    #3508,#3562,#3616,#3790,#3822,#3902,#3982,#4014,#4080,#4263,#4297,
    #4312,#4330,#4348,#4380,#4398,#4541,#4593,#4617,#4641,#4665,#4727,
    #4744,#4768,#4784,#4808,#4820,#4836,#4848,#4860));
#2552 = ADVANCED_FACE('',(#2553),#2564,.F.);
#2553 = FACE_BOUND('',#2554,.F.);
#2554 = EDGE_LOOP('',(#2555));
#2555 = ORIENTED_EDGE('',*,*,#2556,.T.);
#2556 = EDGE_CURVE('',#2557,#2557,#2559,.T.);
#2557 = VERTEX_POINT('',#2558);
#2558 = CARTESIAN_POINT('',(3.25,-1.836970198721E-16,-1.9));
#2559 = CIRCLE('',#2560,0.25);
#2560 = AXIS2_PLACEMENT_3D('',#2561,#2562,#2563);
#2561 = CARTESIAN_POINT('',(3.5,-2.143131898508E-16,-1.9));
#2562 = DIRECTION('',(0.,0.,1.));
#2563 = DIRECTION('',(-1.,1.224646799147E-16,0.));
#2564 = PLANE('',#2565);
#2565 = AXIS2_PLACEMENT_3D('',#2566,#2567,#2568);
#2566 = CARTESIAN_POINT('',(3.5,-2.361571779643E-16,-1.9));
#2567 = DIRECTION('',(-1.889979252092E-31,4.08046586736E-33,1.));
#2568 = DIRECTION('',(-1.,1.224646799147E-16,-1.889979252092E-31));
#2569 = ADVANCED_FACE('',(#2570),#2589,.T.);
#2570 = FACE_BOUND('',#2571,.T.);
#2571 = EDGE_LOOP('',(#2572,#2581,#2587,#2588));
#2572 = ORIENTED_EDGE('',*,*,#2573,.F.);
#2573 = EDGE_CURVE('',#2574,#2574,#2576,.T.);
#2574 = VERTEX_POINT('',#2575);
#2575 = CARTESIAN_POINT('',(3.25,-1.836970198721E-16,0.2));
#2576 = CIRCLE('',#2577,0.25);
#2577 = AXIS2_PLACEMENT_3D('',#2578,#2579,#2580);
#2578 = CARTESIAN_POINT('',(3.5,-2.143131898508E-16,0.2));
#2579 = DIRECTION('',(0.,0.,1.));
#2580 = DIRECTION('',(-1.,1.224646799147E-16,0.));
#2581 = ORIENTED_EDGE('',*,*,#2582,.T.);
#2582 = EDGE_CURVE('',#2574,#2557,#2583,.T.);
#2583 = LINE('',#2584,#2585);
#2584 = CARTESIAN_POINT('',(3.25,-1.836970198721E-16,0.3));
#2585 = VECTOR('',#2586,1.);
#2586 = DIRECTION('',(0.,0.,-1.));
#2587 = ORIENTED_EDGE('',*,*,#2556,.T.);
#2588 = ORIENTED_EDGE('',*,*,#2582,.F.);
#2589 = CYLINDRICAL_SURFACE('',#2590,0.25);
#2590 = AXIS2_PLACEMENT_3D('',#2591,#2592,#2593);
#2591 = CARTESIAN_POINT('',(3.5,-2.143131898508E-16,0.3));
#2592 = DIRECTION('',(0.,0.,1.));
#2593 = DIRECTION('',(-1.,1.224646799147E-16,0.));
#2594 = ADVANCED_FACE('',(#2595,#2624,#2627),#2638,.F.);
#2595 = FACE_BOUND('',#2596,.F.);
#2596 = EDGE_LOOP('',(#2597,#2608,#2617));
#2597 = ORIENTED_EDGE('',*,*,#2598,.T.);
#2598 = EDGE_CURVE('',#2599,#2601,#2603,.T.);
#2599 = VERTEX_POINT('',#2600);
#2600 = CARTESIAN_POINT('',(-1.05,3.429011037613E-16,0.2));
#2601 = VERTEX_POINT('',#2602);
#2602 = CARTESIAN_POINT('',(4.336862691032,-1.071513610622,0.2));
#2603 = CIRCLE('',#2604,2.8);
#2604 = AXIS2_PLACEMENT_3D('',#2605,#2606,#2607);
#2605 = CARTESIAN_POINT('',(1.75,0.,0.2));
#2606 = DIRECTION('',(0.,0.,1.));
#2607 = DIRECTION('',(-1.,1.224646799147E-16,0.));
#2608 = ORIENTED_EDGE('',*,*,#2609,.T.);
#2609 = EDGE_CURVE('',#2601,#2610,#2612,.T.);
#2610 = VERTEX_POINT('',#2611);
#2611 = CARTESIAN_POINT('',(4.336862691032,1.071513610622,0.2));
#2612 = CIRCLE('',#2613,2.8);
#2613 = AXIS2_PLACEMENT_3D('',#2614,#2615,#2616);
#2614 = CARTESIAN_POINT('',(1.75,0.,0.2));
#2615 = DIRECTION('',(0.,0.,1.));
#2616 = DIRECTION('',(-1.,1.224646799147E-16,0.));
#2617 = ORIENTED_EDGE('',*,*,#2618,.T.);
#2618 = EDGE_CURVE('',#2610,#2599,#2619,.T.);
#2619 = CIRCLE('',#2620,2.8);
#2620 = AXIS2_PLACEMENT_3D('',#2621,#2622,#2623);
#2621 = CARTESIAN_POINT('',(1.75,0.,0.2));
#2622 = DIRECTION('',(0.,0.,1.));
#2623 = DIRECTION('',(-1.,1.224646799147E-16,0.));
#2624 = FACE_BOUND('',#2625,.F.);
#2625 = EDGE_LOOP('',(#2626));
#2626 = ORIENTED_EDGE('',*,*,#2573,.F.);
#2627 = FACE_BOUND('',#2628,.F.);
#2628 = EDGE_LOOP('',(#2629));
#2629 = ORIENTED_EDGE('',*,*,#2630,.F.);
#2630 = EDGE_CURVE('',#2631,#2631,#2633,.T.);
#2631 = VERTEX_POINT('',#2632);
#2632 = CARTESIAN_POINT('',(-0.25,2.449293598295E-16,0.2));
#2633 = CIRCLE('',#2634,0.25);
#2634 = AXIS2_PLACEMENT_3D('',#2635,#2636,#2637);
#2635 = CARTESIAN_POINT('',(0.,2.143131898508E-16,0.2));
#2636 = DIRECTION('',(0.,0.,1.));
#2637 = DIRECTION('',(-1.,1.224646799147E-16,0.));
#2638 = PLANE('',#2639);
#2639 = AXIS2_PLACEMENT_3D('',#2640,#2641,#2642);
#2640 = CARTESIAN_POINT('',(1.75,-1.29885370033E-16,0.2));
#2641 = DIRECTION('',(5.240625699013E-34,-8.554528276292E-35,1.));
#2642 = DIRECTION('',(-1.,1.224646799147E-16,5.240625699013E-34));
#2643 = ADVANCED_FACE('',(#2644),#2671,.F.);
#2644 = FACE_BOUND('',#2645,.F.);
#2645 = EDGE_LOOP('',(#2646,#2654,#2655,#2656,#2664));
#2646 = ORIENTED_EDGE('',*,*,#2647,.F.);
#2647 = EDGE_CURVE('',#2601,#2648,#2650,.T.);
#2648 = VERTEX_POINT('',#2649);
#2649 = CARTESIAN_POINT('',(4.336862691032,-1.071513610622,0.));
#2650 = LINE('',#2651,#2652);
#2651 = CARTESIAN_POINT('',(4.336862691032,-1.071513610622,0.3));
#2652 = VECTOR('',#2653,1.);
#2653 = DIRECTION('',(0.,0.,-1.));
#2654 = ORIENTED_EDGE('',*,*,#2598,.F.);
#2655 = ORIENTED_EDGE('',*,*,#2618,.F.);
#2656 = ORIENTED_EDGE('',*,*,#2657,.T.);
#2657 = EDGE_CURVE('',#2610,#2658,#2660,.T.);
#2658 = VERTEX_POINT('',#2659);
#2659 = CARTESIAN_POINT('',(4.336862691032,1.071513610622,0.));
#2660 = LINE('',#2661,#2662);
#2661 = CARTESIAN_POINT('',(4.336862691032,1.071513610622,0.3));
#2662 = VECTOR('',#2663,1.);
#2663 = DIRECTION('',(0.,0.,-1.));
#2664 = ORIENTED_EDGE('',*,*,#2665,.F.);
#2665 = EDGE_CURVE('',#2648,#2658,#2666,.T.);
#2666 = CIRCLE('',#2667,2.8);
#2667 = AXIS2_PLACEMENT_3D('',#2668,#2669,#2670);
#2668 = CARTESIAN_POINT('',(1.75,0.,0.));
#2669 = DIRECTION('',(0.,-0.,-1.));
#2670 = DIRECTION('',(0.923879532511,-0.382683432365,0.));
#2671 = CYLINDRICAL_SURFACE('',#2672,2.8);
#2672 = AXIS2_PLACEMENT_3D('',#2673,#2674,#2675);
#2673 = CARTESIAN_POINT('',(1.75,0.,0.3));
#2674 = DIRECTION('',(0.,0.,-1.));
#2675 = DIRECTION('',(0.923879532511,-0.382683432365,0.));
#2676 = ADVANCED_FACE('',(#2677),#2689,.F.);
#2677 = FACE_BOUND('',#2678,.F.);
#2678 = EDGE_LOOP('',(#2679,#2680,#2681,#2682));
#2679 = ORIENTED_EDGE('',*,*,#2657,.F.);
#2680 = ORIENTED_EDGE('',*,*,#2609,.F.);
#2681 = ORIENTED_EDGE('',*,*,#2647,.T.);
#2682 = ORIENTED_EDGE('',*,*,#2683,.F.);
#2683 = EDGE_CURVE('',#2658,#2648,#2684,.T.);
#2684 = CIRCLE('',#2685,2.8);
#2685 = AXIS2_PLACEMENT_3D('',#2686,#2687,#2688);
#2686 = CARTESIAN_POINT('',(1.75,0.,0.));
#2687 = DIRECTION('',(0.,0.,-1.));
#2688 = DIRECTION('',(0.923879532511,0.382683432365,0.));
#2689 = CYLINDRICAL_SURFACE('',#2690,2.8);
#2690 = AXIS2_PLACEMENT_3D('',#2691,#2692,#2693);
#2691 = CARTESIAN_POINT('',(1.75,0.,0.3));
#2692 = DIRECTION('',(0.,0.,-1.));
#2693 = DIRECTION('',(0.923879532511,0.382683432365,0.));
#2694 = ADVANCED_FACE('',(#2695),#2714,.T.);
#2695 = FACE_BOUND('',#2696,.T.);
#2696 = EDGE_LOOP('',(#2697,#2698,#2706,#2713));
#2697 = ORIENTED_EDGE('',*,*,#2630,.F.);
#2698 = ORIENTED_EDGE('',*,*,#2699,.T.);
#2699 = EDGE_CURVE('',#2631,#2700,#2702,.T.);
#2700 = VERTEX_POINT('',#2701);
#2701 = CARTESIAN_POINT('',(-0.25,2.449293598295E-16,-2.));
#2702 = LINE('',#2703,#2704);
#2703 = CARTESIAN_POINT('',(-0.25,2.449293598295E-16,0.3));
#2704 = VECTOR('',#2705,1.);
#2705 = DIRECTION('',(0.,0.,-1.));
#2706 = ORIENTED_EDGE('',*,*,#2707,.T.);
#2707 = EDGE_CURVE('',#2700,#2700,#2708,.T.);
#2708 = CIRCLE('',#2709,0.25);
#2709 = AXIS2_PLACEMENT_3D('',#2710,#2711,#2712);
#2710 = CARTESIAN_POINT('',(0.,2.143131898508E-16,-2.));
#2711 = DIRECTION('',(0.,0.,1.));
#2712 = DIRECTION('',(-1.,1.224646799147E-16,0.));
#2713 = ORIENTED_EDGE('',*,*,#2699,.F.);
#2714 = CYLINDRICAL_SURFACE('',#2715,0.25);
#2715 = AXIS2_PLACEMENT_3D('',#2716,#2717,#2718);
#2716 = CARTESIAN_POINT('',(0.,2.143131898508E-16,0.3));
#2717 = DIRECTION('',(0.,0.,1.));
#2718 = DIRECTION('',(-1.,1.224646799147E-16,0.));
#2719 = ADVANCED_FACE('',(#2720),#2746,.T.);
#2720 = FACE_BOUND('',#2721,.F.);
#2721 = EDGE_LOOP('',(#2722,#2723,#2731,#2740));
#2722 = ORIENTED_EDGE('',*,*,#2665,.T.);
#2723 = ORIENTED_EDGE('',*,*,#2724,.T.);
#2724 = EDGE_CURVE('',#2658,#2725,#2727,.T.);
#2725 = VERTEX_POINT('',#2726);
#2726 = CARTESIAN_POINT('',(5.260742223543,1.454197042987,
    1.387778780781E-17));
#2727 = LINE('',#2728,#2729);
#2728 = CARTESIAN_POINT('',(4.336862691032,1.071513610622,0.));
#2729 = VECTOR('',#2730,1.);
#2730 = DIRECTION('',(0.923879532511,0.382683432365,0.));
#2731 = ORIENTED_EDGE('',*,*,#2732,.F.);
#2732 = EDGE_CURVE('',#2733,#2725,#2735,.T.);
#2733 = VERTEX_POINT('',#2734);
#2734 = CARTESIAN_POINT('',(5.260742223543,-1.454197042987,
    1.387778780781E-17));
#2735 = CIRCLE('',#2736,3.8);
#2736 = AXIS2_PLACEMENT_3D('',#2737,#2738,#2739);
#2737 = CARTESIAN_POINT('',(1.75,0.,1.387778780781E-17));
#2738 = DIRECTION('',(0.,-0.,-1.));
#2739 = DIRECTION('',(0.923879532511,-0.382683432365,0.));
#2740 = ORIENTED_EDGE('',*,*,#2741,.F.);
#2741 = EDGE_CURVE('',#2648,#2733,#2742,.T.);
#2742 = LINE('',#2743,#2744);
#2743 = CARTESIAN_POINT('',(4.336862691032,-1.071513610622,0.));
#2744 = VECTOR('',#2745,1.);
#2745 = DIRECTION('',(0.923879532511,-0.382683432365,0.));
#2746 = PLANE('',#2747);
#2747 = AXIS2_PLACEMENT_3D('',#2748,#2749,#2750);
#2748 = CARTESIAN_POINT('',(1.75,0.,0.));
#2749 = DIRECTION('',(0.,0.,-1.));
#2750 = DIRECTION('',(0.923879532511,-0.382683432365,0.));
#2751 = ADVANCED_FACE('',(#2752),#2764,.T.);
#2752 = FACE_BOUND('',#2753,.F.);
#2753 = EDGE_LOOP('',(#2754,#2755,#2756,#2763));
#2754 = ORIENTED_EDGE('',*,*,#2683,.T.);
#2755 = ORIENTED_EDGE('',*,*,#2741,.T.);
#2756 = ORIENTED_EDGE('',*,*,#2757,.F.);
#2757 = EDGE_CURVE('',#2725,#2733,#2758,.T.);
#2758 = CIRCLE('',#2759,3.8);
#2759 = AXIS2_PLACEMENT_3D('',#2760,#2761,#2762);
#2760 = CARTESIAN_POINT('',(1.75,0.,1.387778780781E-17));
#2761 = DIRECTION('',(0.,0.,-1.));
#2762 = DIRECTION('',(0.923879532511,0.382683432365,0.));
#2763 = ORIENTED_EDGE('',*,*,#2724,.F.);
#2764 = PLANE('',#2765);
#2765 = AXIS2_PLACEMENT_3D('',#2766,#2767,#2768);
#2766 = CARTESIAN_POINT('',(1.75,0.,0.));
#2767 = DIRECTION('',(0.,0.,-1.));
#2768 = DIRECTION('',(0.923879532511,0.382683432365,0.));
#2769 = ADVANCED_FACE('',(#2770),#2773,.F.);
#2770 = FACE_BOUND('',#2771,.F.);
#2771 = EDGE_LOOP('',(#2772));
#2772 = ORIENTED_EDGE('',*,*,#2707,.T.);
#2773 = PLANE('',#2774);
#2774 = AXIS2_PLACEMENT_3D('',#2775,#2776,#2777);
#2775 = CARTESIAN_POINT('',(-2.22044604925E-16,1.924692017373E-16,-2.));
#2776 = DIRECTION('',(2.013238768533E-31,4.08046586736E-33,1.));
#2777 = DIRECTION('',(-1.,1.224646799147E-16,2.013238768533E-31));
#2778 = ADVANCED_FACE('',(#2779),#2807,.F.);
#2779 = FACE_BOUND('',#2780,.F.);
#2780 = EDGE_LOOP('',(#2781,#2782,#2791,#2800));
#2781 = ORIENTED_EDGE('',*,*,#2732,.T.);
#2782 = ORIENTED_EDGE('',*,*,#2783,.T.);
#2783 = EDGE_CURVE('',#2725,#2784,#2786,.T.);
#2784 = VERTEX_POINT('',#2785);
#2785 = CARTESIAN_POINT('',(5.445518130045,1.53073372946,0.2));
#2786 = CIRCLE('',#2787,0.2);
#2787 = AXIS2_PLACEMENT_3D('',#2788,#2789,#2790);
#2788 = CARTESIAN_POINT('',(5.260742223543,1.454197042987,0.2));
#2789 = DIRECTION('',(0.382683432365,-0.923879532511,0.));
#2790 = DIRECTION('',(0.,0.,-1.));
#2791 = ORIENTED_EDGE('',*,*,#2792,.F.);
#2792 = EDGE_CURVE('',#2793,#2784,#2795,.T.);
#2793 = VERTEX_POINT('',#2794);
#2794 = CARTESIAN_POINT('',(5.445518130045,-1.53073372946,0.2));
#2795 = CIRCLE('',#2796,4.);
#2796 = AXIS2_PLACEMENT_3D('',#2797,#2798,#2799);
#2797 = CARTESIAN_POINT('',(1.75,0.,0.2));
#2798 = DIRECTION('',(0.,-0.,-1.));
#2799 = DIRECTION('',(0.923879532511,-0.382683432365,0.));
#2800 = ORIENTED_EDGE('',*,*,#2801,.F.);
#2801 = EDGE_CURVE('',#2733,#2793,#2802,.T.);
#2802 = CIRCLE('',#2803,0.2);
#2803 = AXIS2_PLACEMENT_3D('',#2804,#2805,#2806);
#2804 = CARTESIAN_POINT('',(5.260742223543,-1.454197042987,0.2));
#2805 = DIRECTION('',(-0.382683432365,-0.923879532511,-0.));
#2806 = DIRECTION('',(0.,0.,-1.));
#2807 = SURFACE_OF_REVOLUTION('',#2808,#2813);
#2808 = CIRCLE('',#2809,0.2);
#2809 = AXIS2_PLACEMENT_3D('',#2810,#2811,#2812);
#2810 = CARTESIAN_POINT('',(5.260742223543,-1.454197042987,0.2));
#2811 = DIRECTION('',(-0.382683432365,-0.923879532511,-0.));
#2812 = DIRECTION('',(0.,0.,-1.));
#2813 = AXIS1_PLACEMENT('',#2814,#2815);
#2814 = CARTESIAN_POINT('',(1.75,0.,0.));
#2815 = DIRECTION('',(0.,0.,-1.));
#2816 = ADVANCED_FACE('',(#2817),#2829,.F.);
#2817 = FACE_BOUND('',#2818,.F.);
#2818 = EDGE_LOOP('',(#2819,#2820,#2821,#2828));
#2819 = ORIENTED_EDGE('',*,*,#2757,.T.);
#2820 = ORIENTED_EDGE('',*,*,#2801,.T.);
#2821 = ORIENTED_EDGE('',*,*,#2822,.F.);
#2822 = EDGE_CURVE('',#2784,#2793,#2823,.T.);
#2823 = CIRCLE('',#2824,4.);
#2824 = AXIS2_PLACEMENT_3D('',#2825,#2826,#2827);
#2825 = CARTESIAN_POINT('',(1.75,0.,0.2));
#2826 = DIRECTION('',(0.,0.,-1.));
#2827 = DIRECTION('',(0.923879532511,0.382683432365,0.));
#2828 = ORIENTED_EDGE('',*,*,#2783,.F.);
#2829 = SURFACE_OF_REVOLUTION('',#2830,#2835);
#2830 = CIRCLE('',#2831,0.2);
#2831 = AXIS2_PLACEMENT_3D('',#2832,#2833,#2834);
#2832 = CARTESIAN_POINT('',(5.260742223543,1.454197042987,0.2));
#2833 = DIRECTION('',(0.382683432365,-0.923879532511,0.));
#2834 = DIRECTION('',(0.,0.,-1.));
#2835 = AXIS1_PLACEMENT('',#2836,#2837);
#2836 = CARTESIAN_POINT('',(1.75,0.,0.));
#2837 = DIRECTION('',(0.,0.,-1.));
#2838 = ADVANCED_FACE('',(#2839),#2896,.T.);
#2839 = FACE_BOUND('',#2840,.T.);
#2840 = EDGE_LOOP('',(#2841,#2883,#2889,#2890));
#2841 = ORIENTED_EDGE('',*,*,#2842,.T.);
#2842 = EDGE_CURVE('',#2843,#2845,#2847,.T.);
#2843 = VERTEX_POINT('',#2844);
#2844 = CARTESIAN_POINT('',(5.445518130045,-1.53073372946,1.064979142851
    ));
#2845 = VERTEX_POINT('',#2846);
#2846 = CARTESIAN_POINT('',(5.445518130045,1.53073372946,1.064979142851)
  );
#2847 = B_SPLINE_CURVE_WITH_KNOTS('',12,(#2848,#2849,#2850,#2851,#2852,
    #2853,#2854,#2855,#2856,#2857,#2858,#2859,#2860,#2861,#2862,#2863,
    #2864,#2865,#2866,#2867,#2868,#2869,#2870,#2871,#2872,#2873,#2874,
    #2875,#2876,#2877,#2878,#2879,#2880,#2881,#2882),.UNSPECIFIED.,.F.,
  .F.,(13,11,11,13),(-0.936985026533,-3.904377149141E-16,21.991148575128
    ,22.928133601661),.UNSPECIFIED.);
#2848 = CARTESIAN_POINT('',(5.804086776074,-0.665072441177,
    1.064979142851));
#2849 = CARTESIAN_POINT('',(5.773998981426,-0.737710803076,
    1.064979142851));
#2850 = CARTESIAN_POINT('',(5.743948836624,-0.81025827021,1.064979142851
    ));
#2851 = CARTESIAN_POINT('',(5.713936341665,-0.882714842579,
    1.064979142851));
#2852 = CARTESIAN_POINT('',(5.683961496552,-0.955080520182,
    1.064979142851));
#2853 = CARTESIAN_POINT('',(5.654024301283,-1.02735530302,1.064979142851
    ));
#2854 = CARTESIAN_POINT('',(5.624124755858,-1.099539191093,
    1.064979142851));
#2855 = CARTESIAN_POINT('',(5.594262860278,-1.171632184401,
    1.064979142851));
#2856 = CARTESIAN_POINT('',(5.564438614542,-1.243634282943,
    1.064979142851));
#2857 = CARTESIAN_POINT('',(5.534652018651,-1.31554548672,1.064979142851
    ));
#2858 = CARTESIAN_POINT('',(5.504903072605,-1.387365795732,
    1.064979142851));
#2859 = CARTESIAN_POINT('',(5.475191776403,-1.459095209979,
    1.064979142851));
#2860 = CARTESIAN_POINT('',(4.749074166337,-3.212098192077,
    1.064979142851));
#2861 = CARTESIAN_POINT('',(3.207109308849,-4.573423217124,1.06497918007
    ));
#2862 = CARTESIAN_POINT('',(0.981303951111,-5.112736414364,
    1.064978651647));
#2863 = CARTESIAN_POINT('',(-1.405436362495,-4.411191522451,
    1.064980771239));
#2864 = CARTESIAN_POINT('',(-3.182460530859,-2.66037689618,
    1.064976090786));
#2865 = CARTESIAN_POINT('',(-4.073138705167,6.707079336365E-12,
    1.064982859912));
#2866 = CARTESIAN_POINT('',(-3.182460530858,2.660376896167,
    1.064976090786));
#2867 = CARTESIAN_POINT('',(-1.405436362497,4.41119152246,1.064980771239
    ));
#2868 = CARTESIAN_POINT('',(0.981303951112,5.11273641436,1.064978651647)
  );
#2869 = CARTESIAN_POINT('',(3.207109308848,4.573423217126,1.06497918007)
  );
#2870 = CARTESIAN_POINT('',(4.749074166337,3.212098192077,1.064979142851
    ));
#2871 = CARTESIAN_POINT('',(5.475191776403,1.459095209979,1.064979142851
    ));
#2872 = CARTESIAN_POINT('',(5.504903072605,1.387365795732,1.064979142851
    ));
#2873 = CARTESIAN_POINT('',(5.534652018651,1.315545486721,1.064979142851
    ));
#2874 = CARTESIAN_POINT('',(5.564438614542,1.243634282943,1.064979142851
    ));
#2875 = CARTESIAN_POINT('',(5.594262860278,1.171632184401,1.064979142851
    ));
#2876 = CARTESIAN_POINT('',(5.624124755858,1.099539191093,1.064979142851
    ));
#2877 = CARTESIAN_POINT('',(5.654024301283,1.02735530302,1.064979142851)
  );
#2878 = CARTESIAN_POINT('',(5.683961496552,0.955080520182,1.064979142851
    ));
#2879 = CARTESIAN_POINT('',(5.713936341665,0.882714842579,1.064979142851
    ));
#2880 = CARTESIAN_POINT('',(5.743948836624,0.81025827021,1.064979142851)
  );
#2881 = CARTESIAN_POINT('',(5.773998981426,0.737710803076,1.064979142851
    ));
#2882 = CARTESIAN_POINT('',(5.804086776074,0.665072441177,1.064979142851
    ));
#2883 = ORIENTED_EDGE('',*,*,#2884,.F.);
#2884 = EDGE_CURVE('',#2784,#2845,#2885,.T.);
#2885 = LINE('',#2886,#2887);
#2886 = CARTESIAN_POINT('',(5.445518130045,1.53073372946,0.2));
#2887 = VECTOR('',#2888,1.);
#2888 = DIRECTION('',(0.,0.,1.));
#2889 = ORIENTED_EDGE('',*,*,#2792,.F.);
#2890 = ORIENTED_EDGE('',*,*,#2891,.T.);
#2891 = EDGE_CURVE('',#2793,#2843,#2892,.T.);
#2892 = LINE('',#2893,#2894);
#2893 = CARTESIAN_POINT('',(5.445518130045,-1.53073372946,0.2));
#2894 = VECTOR('',#2895,1.);
#2895 = DIRECTION('',(0.,0.,1.));
#2896 = CYLINDRICAL_SURFACE('',#2897,4.);
#2897 = AXIS2_PLACEMENT_3D('',#2898,#2899,#2900);
#2898 = CARTESIAN_POINT('',(1.75,0.,0.2));
#2899 = DIRECTION('',(0.,0.,1.));
#2900 = DIRECTION('',(0.923879532511,-0.382683432365,0.));
#2901 = ADVANCED_FACE('',(#2902),#2976,.T.);
#2902 = FACE_BOUND('',#2903,.T.);
#2903 = EDGE_LOOP('',(#2904,#2918,#2927,#2939,#2956,#2957,#2958,#2959));
#2904 = ORIENTED_EDGE('',*,*,#2905,.T.);
#2905 = EDGE_CURVE('',#2906,#2908,#2910,.T.);
#2906 = VERTEX_POINT('',#2907);
#2907 = CARTESIAN_POINT('',(5.746437542525,0.168741837757,1.064979142851
    ));
#2908 = VERTEX_POINT('',#2909);
#2909 = CARTESIAN_POINT('',(5.749999875,9.999999999996E-04,1.));
#2910 = B_SPLINE_CURVE_WITH_KNOTS('',6,(#2911,#2912,#2913,#2914,#2915,
    #2916,#2917),.UNSPECIFIED.,.F.,.F.,(7,7),(0.,1.),
  .PIECEWISE_BEZIER_KNOTS.);
#2911 = CARTESIAN_POINT('',(5.74643916131,0.168742495984,1.064979742851)
  );
#2912 = CARTESIAN_POINT('',(5.747350642525,0.14715527572,1.045302060359)
  );
#2913 = CARTESIAN_POINT('',(5.748260095407,0.122295604606,1.028204517398
    ));
#2914 = CARTESIAN_POINT('',(5.749072361264,9.453823229392E-02,
    1.014519755117));
#2915 = CARTESIAN_POINT('',(5.749676030959,6.452908274921E-02,
    1.004948515948));
#2916 = CARTESIAN_POINT('',(5.749991864662,3.304135249708E-02,1.));
#2917 = CARTESIAN_POINT('',(5.749999875,1.000000000001E-03,1.));
#2918 = ORIENTED_EDGE('',*,*,#2919,.F.);
#2919 = EDGE_CURVE('',#2920,#2908,#2922,.T.);
#2920 = VERTEX_POINT('',#2921);
#2921 = CARTESIAN_POINT('',(5.749999875,-1.000000000001E-03,1.));
#2922 = CIRCLE('',#2923,4.);
#2923 = AXIS2_PLACEMENT_3D('',#2924,#2925,#2926);
#2924 = CARTESIAN_POINT('',(1.75,0.,1.));
#2925 = DIRECTION('',(0.,-0.,1.));
#2926 = DIRECTION('',(0.923879532511,0.382683432365,0.));
#2927 = ORIENTED_EDGE('',*,*,#2928,.T.);
#2928 = EDGE_CURVE('',#2920,#2929,#2931,.T.);
#2929 = VERTEX_POINT('',#2930);
#2930 = CARTESIAN_POINT('',(5.74643757598,-0.168741837757,1.064979142851
    ));
#2931 = B_SPLINE_CURVE_WITH_KNOTS('',6,(#2932,#2933,#2934,#2935,#2936,
    #2937,#2938),.UNSPECIFIED.,.F.,.F.,(7,7),(0.,1.),
  .PIECEWISE_BEZIER_KNOTS.);
#2932 = CARTESIAN_POINT('',(5.749999875,-1.E-03,1.));
#2933 = CARTESIAN_POINT('',(5.749991863981,-3.304407367327E-02,1.));
#2934 = CARTESIAN_POINT('',(5.749675977445,-6.453168531922E-02,
    1.004949365322));
#2935 = CARTESIAN_POINT('',(5.749072310894,-9.453902836702E-02,
    1.014520596256));
#2936 = CARTESIAN_POINT('',(5.748260116753,-0.122294808858,1.02820432424
    ));
#2937 = CARTESIAN_POINT('',(5.74735068532,-0.147154262179,1.045301136472
    ));
#2938 = CARTESIAN_POINT('',(5.74643916131,-0.168742495984,1.064979742851
    ));
#2939 = ORIENTED_EDGE('',*,*,#2940,.T.);
#2940 = EDGE_CURVE('',#2929,#2843,#2941,.T.);
#2941 = B_SPLINE_CURVE_WITH_KNOTS('',5,(#2942,#2943,#2944,#2945,#2946,
    #2947,#2948,#2949,#2950,#2951,#2952,#2953,#2954,#2955),
  .UNSPECIFIED.,.F.,.F.,(6,4,4,6),(-0.191061550688,-2.151857301201E-07,
    3.141592868775,3.332653909447),.UNSPECIFIED.);
#2942 = CARTESIAN_POINT('',(5.372402121451,1.707251388763,1.064979142851
    ));
#2943 = CARTESIAN_POINT('',(5.387025327433,1.67194784661,1.064979142851)
  );
#2944 = CARTESIAN_POINT('',(5.4016485312,1.636644309805,1.064979142851)
  );
#2945 = CARTESIAN_POINT('',(5.416271732752,1.601340778348,1.064979142851
    ));
#2946 = CARTESIAN_POINT('',(5.430894932088,1.566037252239,1.064979142851
    ));
#2947 = CARTESIAN_POINT('',(5.68596518157,0.950243197532,1.064979142851)
  );
#2948 = CARTESIAN_POINT('',(5.812461993741,0.322546011727,1.064979142851
    ));
#2949 = CARTESIAN_POINT('',(5.812462866109,-0.322543928823,
    1.064979142851));
#2950 = CARTESIAN_POINT('',(5.685965625459,-0.950242125891,
    1.064979142851));
#2951 = CARTESIAN_POINT('',(5.430894927658,-1.566037262935,
    1.064979142851));
#2952 = CARTESIAN_POINT('',(5.416271726106,-1.601340794392,
    1.064979142851));
#2953 = CARTESIAN_POINT('',(5.401648524554,-1.636644325849,
    1.064979142851));
#2954 = CARTESIAN_POINT('',(5.387025323003,-1.671947857306,
    1.064979142851));
#2955 = CARTESIAN_POINT('',(5.372402121451,-1.707251388763,
    1.064979142851));
#2956 = ORIENTED_EDGE('',*,*,#2891,.F.);
#2957 = ORIENTED_EDGE('',*,*,#2822,.F.);
#2958 = ORIENTED_EDGE('',*,*,#2884,.T.);
#2959 = ORIENTED_EDGE('',*,*,#2960,.T.);
#2960 = EDGE_CURVE('',#2845,#2906,#2961,.T.);
#2961 = B_SPLINE_CURVE_WITH_KNOTS('',5,(#2962,#2963,#2964,#2965,#2966,
    #2967,#2968,#2969,#2970,#2971,#2972,#2973,#2974,#2975),
  .UNSPECIFIED.,.F.,.F.,(6,4,4,6),(-0.191061550688,-2.151857301201E-07,
    3.141592868775,3.332653909447),.UNSPECIFIED.);
#2962 = CARTESIAN_POINT('',(5.372402121451,1.707251388763,1.064979142851
    ));
#2963 = CARTESIAN_POINT('',(5.387025327433,1.67194784661,1.064979142851)
  );
#2964 = CARTESIAN_POINT('',(5.4016485312,1.636644309805,1.064979142851)
  );
#2965 = CARTESIAN_POINT('',(5.416271732752,1.601340778348,1.064979142851
    ));
#2966 = CARTESIAN_POINT('',(5.430894932088,1.566037252239,1.064979142851
    ));
#2967 = CARTESIAN_POINT('',(5.68596518157,0.950243197532,1.064979142851)
  );
#2968 = CARTESIAN_POINT('',(5.812461993741,0.322546011727,1.064979142851
    ));
#2969 = CARTESIAN_POINT('',(5.812462866109,-0.322543928823,
    1.064979142851));
#2970 = CARTESIAN_POINT('',(5.685965625459,-0.950242125891,
    1.064979142851));
#2971 = CARTESIAN_POINT('',(5.430894927658,-1.566037262935,
    1.064979142851));
#2972 = CARTESIAN_POINT('',(5.416271726106,-1.601340794392,
    1.064979142851));
#2973 = CARTESIAN_POINT('',(5.401648524554,-1.636644325849,
    1.064979142851));
#2974 = CARTESIAN_POINT('',(5.387025323003,-1.671947857306,
    1.064979142851));
#2975 = CARTESIAN_POINT('',(5.372402121451,-1.707251388763,
    1.064979142851));
#2976 = CYLINDRICAL_SURFACE('',#2977,4.);
#2977 = AXIS2_PLACEMENT_3D('',#2978,#2979,#2980);
#2978 = CARTESIAN_POINT('',(1.75,0.,0.2));
#2979 = DIRECTION('',(0.,0.,1.));
#2980 = DIRECTION('',(0.923879532511,0.382683432365,-0.));
#2981 = ADVANCED_FACE('',(#2982),#3049,.T.);
#2982 = FACE_BOUND('',#2983,.T.);
#2983 = EDGE_LOOP('',(#2984,#2997,#3037,#3048));
#2984 = ORIENTED_EDGE('',*,*,#2985,.T.);
#2985 = EDGE_CURVE('',#2843,#2986,#2988,.T.);
#2986 = VERTEX_POINT('',#2987);
#2987 = CARTESIAN_POINT('',(5.371265837206,-1.499977422729,
    1.269338405373));
#2988 = B_SPLINE_CURVE_WITH_KNOTS('',7,(#2989,#2990,#2991,#2992,#2993,
    #2994,#2995,#2996),.UNSPECIFIED.,.F.,.F.,(8,8),(0.,1.),
  .PIECEWISE_BEZIER_KNOTS.);
#2989 = CARTESIAN_POINT('',(5.445518130045,-1.53073372946,1.064979142851
    ));
#2990 = CARTESIAN_POINT('',(5.445518129949,-1.53073372942,1.096357367094
    ));
#2991 = CARTESIAN_POINT('',(5.441980241482,-1.529268288035,
    1.128453896145));
#2992 = CARTESIAN_POINT('',(5.434615698131,-1.526217794299,
    1.160460855173));
#2993 = CARTESIAN_POINT('',(5.423375057823,-1.521561768633,
    1.191397663663));
#2994 = CARTESIAN_POINT('',(5.408623234941,-1.515451363526,
    1.220259993923));
#2995 = CARTESIAN_POINT('',(5.391013548928,-1.50815719275,1.246366418068
    ));
#2996 = CARTESIAN_POINT('',(5.371265837206,-1.499977422729,
    1.269338405373));
#2997 = ORIENTED_EDGE('',*,*,#2998,.T.);
#2998 = EDGE_CURVE('',#2986,#2999,#3001,.T.);
#2999 = VERTEX_POINT('',#3000);
#3000 = CARTESIAN_POINT('',(5.371265837206,1.499977422729,1.269338405373
    ));
#3001 = B_SPLINE_CURVE_WITH_KNOTS('',12,(#3002,#3003,#3004,#3005,#3006,
    #3007,#3008,#3009,#3010,#3011,#3012,#3013,#3014,#3015,#3016,#3017,
    #3018,#3019,#3020,#3021,#3022,#3023,#3024,#3025,#3026,#3027,#3028,
    #3029,#3030,#3031,#3032,#3033,#3034,#3035,#3036),.UNSPECIFIED.,.F.,
  .F.,(13,11,11,13),(-0.936985026533,-3.904377149141E-16,21.991148575128
    ,22.928133601661),.UNSPECIFIED.);
#3002 = CARTESIAN_POINT('',(5.729834483234,-0.634316134445,
    1.269338405373));
#3003 = CARTESIAN_POINT('',(5.699150470086,-0.708393895135,
    1.269338405373));
#3004 = CARTESIAN_POINT('',(5.668612510146,-0.782119052189,
    1.269338405373));
#3005 = CARTESIAN_POINT('',(5.638220603415,-0.855491605606,
    1.269338405373));
#3006 = CARTESIAN_POINT('',(5.607974749892,-0.928511555387,
    1.269338405373));
#3007 = CARTESIAN_POINT('',(5.577874949577,-1.001178901532,
    1.269338405373));
#3008 = CARTESIAN_POINT('',(5.547921202471,-1.07349364404,1.269338405373
    ));
#3009 = CARTESIAN_POINT('',(5.518113508572,-1.145455782912,
    1.269338405373));
#3010 = CARTESIAN_POINT('',(5.488451867882,-1.217065318148,
    1.269338405373));
#3011 = CARTESIAN_POINT('',(5.458936280401,-1.288322249748,
    1.269338405373));
#3012 = CARTESIAN_POINT('',(5.429566746127,-1.359226577711,
    1.269338405373));
#3013 = CARTESIAN_POINT('',(5.400343265062,-1.429778302038,
    1.269338405373));
#3014 = CARTESIAN_POINT('',(4.688815191706,-3.147559026744,
    1.269338405373));
#3015 = CARTESIAN_POINT('',(3.177778655227,-4.481722499633,
    1.269338398608));
#3016 = CARTESIAN_POINT('',(0.996354239583,-5.009719374377,
    1.269338494648));
#3017 = CARTESIAN_POINT('',(-1.341072550608,-4.322549719935,
    1.269338109418));
#3018 = CARTESIAN_POINT('',(-3.084262379221,-2.607273302657,
    1.269338960076));
#3019 = CARTESIAN_POINT('',(-3.955418536059,7.918110611627E-13,
    1.269337729809));
#3020 = CARTESIAN_POINT('',(-3.084262379221,2.607273302655,
    1.269338960076));
#3021 = CARTESIAN_POINT('',(-1.341072550608,4.322549719936,
    1.269338109418));
#3022 = CARTESIAN_POINT('',(0.996354239582,5.009719374377,1.269338494648
    ));
#3023 = CARTESIAN_POINT('',(3.177778655227,4.481722499634,1.269338398608
    ));
#3024 = CARTESIAN_POINT('',(4.688815191706,3.147559026743,1.269338405373
    ));
#3025 = CARTESIAN_POINT('',(5.400343265062,1.429778302038,1.269338405373
    ));
#3026 = CARTESIAN_POINT('',(5.429566746127,1.359226577711,1.269338405373
    ));
#3027 = CARTESIAN_POINT('',(5.458936280401,1.288322249748,1.269338405373
    ));
#3028 = CARTESIAN_POINT('',(5.488451867882,1.217065318148,1.269338405373
    ));
#3029 = CARTESIAN_POINT('',(5.518113508572,1.145455782912,1.269338405373
    ));
#3030 = CARTESIAN_POINT('',(5.547921202471,1.07349364404,1.269338405373)
  );
#3031 = CARTESIAN_POINT('',(5.577874949577,1.001178901532,1.269338405373
    ));
#3032 = CARTESIAN_POINT('',(5.607974749892,0.928511555387,1.269338405373
    ));
#3033 = CARTESIAN_POINT('',(5.638220603415,0.855491605606,1.269338405373
    ));
#3034 = CARTESIAN_POINT('',(5.668612510146,0.782119052189,1.269338405373
    ));
#3035 = CARTESIAN_POINT('',(5.699150470086,0.708393895135,1.269338405373
    ));
#3036 = CARTESIAN_POINT('',(5.729834483234,0.634316134445,1.269338405373
    ));
#3037 = ORIENTED_EDGE('',*,*,#3038,.F.);
#3038 = EDGE_CURVE('',#2845,#2999,#3039,.T.);
#3039 = B_SPLINE_CURVE_WITH_KNOTS('',7,(#3040,#3041,#3042,#3043,#3044,
    #3045,#3046,#3047),.UNSPECIFIED.,.F.,.F.,(8,8),(0.,1.),
  .PIECEWISE_BEZIER_KNOTS.);
#3040 = CARTESIAN_POINT('',(5.445518130045,1.53073372946,1.064979142851)
  );
#3041 = CARTESIAN_POINT('',(5.445518129949,1.530733729421,1.096357367094
    ));
#3042 = CARTESIAN_POINT('',(5.441980241481,1.529268288035,1.128453896145
    ));
#3043 = CARTESIAN_POINT('',(5.434615698133,1.5262177943,1.160460855173)
  );
#3044 = CARTESIAN_POINT('',(5.423375057822,1.521561768633,1.191397663663
    ));
#3045 = CARTESIAN_POINT('',(5.408623234942,1.515451363526,1.220259993923
    ));
#3046 = CARTESIAN_POINT('',(5.391013548928,1.50815719275,1.246366418068)
  );
#3047 = CARTESIAN_POINT('',(5.371265837206,1.499977422729,1.269338405373
    ));
#3048 = ORIENTED_EDGE('',*,*,#2842,.F.);
#3049 = ( BOUNDED_SURFACE() B_SPLINE_SURFACE(2,12,(
    (#3050,#3051,#3052,#3053,#3054,#3055,#3056,#3057,#3058,#3059,#3060
      ,#3061,#3062,#3063,#3064,#3065,#3066,#3067,#3068,#3069,#3070,#3071
      ,#3072,#3073,#3074,#3075,#3076,#3077,#3078,#3079,#3080,#3081,#3082
      ,#3083,#3084)
    ,(#3085,#3086,#3087,#3088,#3089,#3090,#3091,#3092,#3093,#3094,#3095
      ,#3096,#3097,#3098,#3099,#3100,#3101,#3102,#3103,#3104,#3105,#3106
      ,#3107,#3108,#3109,#3110,#3111,#3112,#3113,#3114,#3115,#3116,#3117
      ,#3118,#3119)
    ,(#3120,#3121,#3122,#3123,#3124,#3125,#3126,#3127,#3128,#3129,#3130
      ,#3131,#3132,#3133,#3134,#3135,#3136,#3137,#3138,#3139,#3140,#3141
      ,#3142,#3143,#3144,#3145,#3146,#3147,#3148,#3149,#3150,#3151,#3152
      ,#3153,#3154
)),.UNSPECIFIED.,.F.,.F.,.F.) B_SPLINE_SURFACE_WITH_KNOTS((3,3),(13,11,
    11,13),(0.,21.991148575128),(-0.936985026533,-3.904377149141E-16,
    21.991148575128,22.928133601661),.UNSPECIFIED.) 
GEOMETRIC_REPRESENTATION_ITEM() RATIONAL_B_SPLINE_SURFACE((
    (1.,1.,1.,1.,1.,1.,1.,1.,1.,1.,1.,1.,1.,1.,1.,1.,1.,1.,1.,1.,1.,1.
      ,1.,1.,1.,1.,1.,1.,1.,1.,1.,1.,1.,1.,1.)
    ,(0.93061798229,0.93061798229,0.93061798229,0.93061798229
      ,0.93061798229,0.93061798229,0.93061798229,0.93061798229
      ,0.93061798229,0.93061798229,0.93061798229,0.93061798229
      ,0.93061798229,0.930618018937,0.930617498634,0.930619585654
      ,0.930614977125,0.930621642231,0.930614977125,0.930619585654
      ,0.930617498634,0.930618018937,0.93061798229,0.93061798229
      ,0.93061798229,0.93061798229,0.93061798229,0.93061798229
      ,0.93061798229,0.93061798229,0.93061798229,0.93061798229
      ,0.93061798229,0.93061798229,0.93061798229)
    ,(1.,1.,1.,1.,1.,1.,1.,1.,1.,1.,1.,1.,1.,1.,1.,1.,1.,1.,1.,1.,1.,1.
,1.,1.,1.,1.,1.,1.,1.,1.,1.,1.,1.,1.,1.
))) REPRESENTATION_ITEM('') SURFACE() );
#3050 = CARTESIAN_POINT('',(5.804086776074,-0.665072441177,
    1.064979142851));
#3051 = CARTESIAN_POINT('',(5.773998981426,-0.737710803076,
    1.064979142851));
#3052 = CARTESIAN_POINT('',(5.743948836624,-0.81025827021,1.064979142851
    ));
#3053 = CARTESIAN_POINT('',(5.713936341665,-0.882714842579,
    1.064979142851));
#3054 = CARTESIAN_POINT('',(5.683961496552,-0.955080520182,
    1.064979142851));
#3055 = CARTESIAN_POINT('',(5.654024301283,-1.02735530302,1.064979142851
    ));
#3056 = CARTESIAN_POINT('',(5.624124755858,-1.099539191093,
    1.064979142851));
#3057 = CARTESIAN_POINT('',(5.594262860278,-1.171632184401,
    1.064979142851));
#3058 = CARTESIAN_POINT('',(5.564438614542,-1.243634282943,
    1.064979142851));
#3059 = CARTESIAN_POINT('',(5.534652018651,-1.31554548672,1.064979142851
    ));
#3060 = CARTESIAN_POINT('',(5.504903072605,-1.387365795732,
    1.064979142851));
#3061 = CARTESIAN_POINT('',(5.475191776403,-1.459095209979,
    1.064979142851));
#3062 = CARTESIAN_POINT('',(4.749074166337,-3.212098192077,
    1.064979142851));
#3063 = CARTESIAN_POINT('',(3.207109308849,-4.573423217124,1.06497918007
    ));
#3064 = CARTESIAN_POINT('',(0.981303951111,-5.112736414364,
    1.064978651647));
#3065 = CARTESIAN_POINT('',(-1.405436362495,-4.411191522451,
    1.064980771239));
#3066 = CARTESIAN_POINT('',(-3.182460530859,-2.66037689618,
    1.064976090786));
#3067 = CARTESIAN_POINT('',(-4.073138705167,6.707079336365E-12,
    1.064982859912));
#3068 = CARTESIAN_POINT('',(-3.182460530858,2.660376896167,
    1.064976090786));
#3069 = CARTESIAN_POINT('',(-1.405436362497,4.41119152246,1.064980771239
    ));
#3070 = CARTESIAN_POINT('',(0.981303951112,5.11273641436,1.064978651647)
  );
#3071 = CARTESIAN_POINT('',(3.207109308848,4.573423217126,1.06497918007)
  );
#3072 = CARTESIAN_POINT('',(4.749074166337,3.212098192077,1.064979142851
    ));
#3073 = CARTESIAN_POINT('',(5.475191776403,1.459095209979,1.064979142851
    ));
#3074 = CARTESIAN_POINT('',(5.504903072605,1.387365795732,1.064979142851
    ));
#3075 = CARTESIAN_POINT('',(5.534652018651,1.315545486721,1.064979142851
    ));
#3076 = CARTESIAN_POINT('',(5.564438614542,1.243634282943,1.064979142851
    ));
#3077 = CARTESIAN_POINT('',(5.594262860278,1.171632184401,1.064979142851
    ));
#3078 = CARTESIAN_POINT('',(5.624124755858,1.099539191093,1.064979142851
    ));
#3079 = CARTESIAN_POINT('',(5.654024301283,1.02735530302,1.064979142851)
  );
#3080 = CARTESIAN_POINT('',(5.683961496552,0.955080520182,1.064979142851
    ));
#3081 = CARTESIAN_POINT('',(5.713936341665,0.882714842579,1.064979142851
    ));
#3082 = CARTESIAN_POINT('',(5.743948836624,0.81025827021,1.064979142851)
  );
#3083 = CARTESIAN_POINT('',(5.773998981426,0.737710803076,1.064979142851
    ));
#3084 = CARTESIAN_POINT('',(5.804086776074,0.665072441177,1.064979142851
    ));
#3085 = CARTESIAN_POINT('',(5.804086776074,-0.665072441177,
    1.182962690499));
#3086 = CARTESIAN_POINT('',(5.773998981426,-0.737710803076,
    1.182962690499));
#3087 = CARTESIAN_POINT('',(5.743948836624,-0.81025827021,1.182962690499
    ));
#3088 = CARTESIAN_POINT('',(5.713936341665,-0.882714842579,
    1.182962690499));
#3089 = CARTESIAN_POINT('',(5.683961496552,-0.955080520182,
    1.182962690499));
#3090 = CARTESIAN_POINT('',(5.654024301283,-1.02735530302,1.182962690499
    ));
#3091 = CARTESIAN_POINT('',(5.624124755858,-1.099539191093,
    1.182962690499));
#3092 = CARTESIAN_POINT('',(5.594262860278,-1.171632184401,
    1.182962690499));
#3093 = CARTESIAN_POINT('',(5.564438614542,-1.243634282943,
    1.182962690499));
#3094 = CARTESIAN_POINT('',(5.534652018651,-1.31554548672,1.182962690499
    ));
#3095 = CARTESIAN_POINT('',(5.504903072605,-1.387365795732,
    1.182962690499));
#3096 = CARTESIAN_POINT('',(5.475191776403,-1.459095209979,
    1.182962690499));
#3097 = CARTESIAN_POINT('',(4.749074166337,-3.212098192077,
    1.182962690499));
#3098 = CARTESIAN_POINT('',(3.207109093586,-4.573422979264,
    1.182962693033));
#3099 = CARTESIAN_POINT('',(0.98130387212,-5.112738672084,1.182962657061
    ));
#3100 = CARTESIAN_POINT('',(-1.405431412496,-4.411185089138,
    1.182962801351));
#3101 = CARTESIAN_POINT('',(-3.182475699115,-2.660384277889,
    1.18296248273));
#3102 = CARTESIAN_POINT('',(-4.073116699976,5.86419801607E-12,
    1.182962943537));
#3103 = CARTESIAN_POINT('',(-3.182475699115,2.660384277879,1.18296248273
    ));
#3104 = CARTESIAN_POINT('',(-1.405431412496,4.411185089144,
    1.182962801351));
#3105 = CARTESIAN_POINT('',(0.98130387212,5.112738672081,1.182962657061)
  );
#3106 = CARTESIAN_POINT('',(3.207109093585,4.573422979265,1.182962693033
    ));
#3107 = CARTESIAN_POINT('',(4.749074166337,3.212098192077,1.182962690499
    ));
#3108 = CARTESIAN_POINT('',(5.475191776403,1.459095209979,1.182962690499
    ));
#3109 = CARTESIAN_POINT('',(5.504903072605,1.387365795732,1.182962690499
    ));
#3110 = CARTESIAN_POINT('',(5.534652018651,1.315545486721,1.182962690499
    ));
#3111 = CARTESIAN_POINT('',(5.564438614542,1.243634282943,1.182962690499
    ));
#3112 = CARTESIAN_POINT('',(5.594262860278,1.171632184401,1.182962690499
    ));
#3113 = CARTESIAN_POINT('',(5.624124755858,1.099539191093,1.182962690499
    ));
#3114 = CARTESIAN_POINT('',(5.654024301283,1.02735530302,1.182962690499)
  );
#3115 = CARTESIAN_POINT('',(5.683961496552,0.955080520182,1.182962690499
    ));
#3116 = CARTESIAN_POINT('',(5.713936341665,0.882714842579,1.182962690499
    ));
#3117 = CARTESIAN_POINT('',(5.743948836624,0.81025827021,1.182962690499)
  );
#3118 = CARTESIAN_POINT('',(5.773998981426,0.737710803076,1.182962690499
    ));
#3119 = CARTESIAN_POINT('',(5.804086776074,0.665072441177,1.182962690499
    ));
#3120 = CARTESIAN_POINT('',(5.729834483234,-0.634316134445,
    1.269338405373));
#3121 = CARTESIAN_POINT('',(5.699150470086,-0.708393895135,
    1.269338405373));
#3122 = CARTESIAN_POINT('',(5.668612510146,-0.782119052189,
    1.269338405373));
#3123 = CARTESIAN_POINT('',(5.638220603415,-0.855491605606,
    1.269338405373));
#3124 = CARTESIAN_POINT('',(5.607974749892,-0.928511555387,
    1.269338405373));
#3125 = CARTESIAN_POINT('',(5.577874949577,-1.001178901532,
    1.269338405373));
#3126 = CARTESIAN_POINT('',(5.547921202471,-1.07349364404,1.269338405373
    ));
#3127 = CARTESIAN_POINT('',(5.518113508572,-1.145455782912,
    1.269338405373));
#3128 = CARTESIAN_POINT('',(5.488451867882,-1.217065318148,
    1.269338405373));
#3129 = CARTESIAN_POINT('',(5.458936280401,-1.288322249748,
    1.269338405373));
#3130 = CARTESIAN_POINT('',(5.429566746127,-1.359226577711,
    1.269338405373));
#3131 = CARTESIAN_POINT('',(5.400343265062,-1.429778302038,
    1.269338405373));
#3132 = CARTESIAN_POINT('',(4.688815191706,-3.147559026744,
    1.269338405373));
#3133 = CARTESIAN_POINT('',(3.177778655227,-4.481722499633,
    1.269338398608));
#3134 = CARTESIAN_POINT('',(0.996354239583,-5.009719374377,
    1.269338494648));
#3135 = CARTESIAN_POINT('',(-1.341072550608,-4.322549719935,
    1.269338109418));
#3136 = CARTESIAN_POINT('',(-3.084262379221,-2.607273302657,
    1.269338960076));
#3137 = CARTESIAN_POINT('',(-3.955418536059,7.918110611627E-13,
    1.269337729809));
#3138 = CARTESIAN_POINT('',(-3.084262379221,2.607273302655,
    1.269338960076));
#3139 = CARTESIAN_POINT('',(-1.341072550608,4.322549719936,
    1.269338109418));
#3140 = CARTESIAN_POINT('',(0.996354239582,5.009719374377,1.269338494648
    ));
#3141 = CARTESIAN_POINT('',(3.177778655227,4.481722499634,1.269338398608
    ));
#3142 = CARTESIAN_POINT('',(4.688815191706,3.147559026743,1.269338405373
    ));
#3143 = CARTESIAN_POINT('',(5.400343265062,1.429778302038,1.269338405373
    ));
#3144 = CARTESIAN_POINT('',(5.429566746127,1.359226577711,1.269338405373
    ));
#3145 = CARTESIAN_POINT('',(5.458936280401,1.288322249748,1.269338405373
    ));
#3146 = CARTESIAN_POINT('',(5.488451867882,1.217065318148,1.269338405373
    ));
#3147 = CARTESIAN_POINT('',(5.518113508572,1.145455782912,1.269338405373
    ));
#3148 = CARTESIAN_POINT('',(5.547921202471,1.07349364404,1.269338405373)
  );
#3149 = CARTESIAN_POINT('',(5.577874949577,1.001178901532,1.269338405373
    ));
#3150 = CARTESIAN_POINT('',(5.607974749892,0.928511555387,1.269338405373
    ));
#3151 = CARTESIAN_POINT('',(5.638220603415,0.855491605606,1.269338405373
    ));
#3152 = CARTESIAN_POINT('',(5.668612510146,0.782119052189,1.269338405373
    ));
#3153 = CARTESIAN_POINT('',(5.699150470086,0.708393895135,1.269338405373
    ));
#3154 = CARTESIAN_POINT('',(5.729834483234,0.634316134445,1.269338405373
    ));
#3155 = ADVANCED_FACE('',(#3156),#3206,.T.);
#3156 = FACE_BOUND('',#3157,.T.);
#3157 = EDGE_LOOP('',(#3158,#3159,#3160,#3179,#3189));
#3158 = ORIENTED_EDGE('',*,*,#2960,.F.);
#3159 = ORIENTED_EDGE('',*,*,#3038,.T.);
#3160 = ORIENTED_EDGE('',*,*,#3161,.T.);
#3161 = EDGE_CURVE('',#2999,#3162,#3164,.T.);
#3162 = VERTEX_POINT('',#3163);
#3163 = CARTESIAN_POINT('',(5.661647793677,0.25,1.269338405373));
#3164 = B_SPLINE_CURVE_WITH_KNOTS('',5,(#3165,#3166,#3167,#3168,#3169,
    #3170,#3171,#3172,#3173,#3174,#3175,#3176,#3177,#3178),
  .UNSPECIFIED.,.F.,.F.,(6,4,4,6),(-0.191061550688,-2.151857301201E-07,
    3.141592868775,3.332653909447),.UNSPECIFIED.);
#3165 = CARTESIAN_POINT('',(5.298149830458,1.676495078117,1.269338405373
    ));
#3166 = CARTESIAN_POINT('',(5.313066853612,1.640482198454,1.269338405373
    ));
#3167 = CARTESIAN_POINT('',(5.327836965945,1.604823992887,1.269338405373
    ));
#3168 = CARTESIAN_POINT('',(5.342460167458,1.569520461414,1.269338405373
    ));
#3169 = CARTESIAN_POINT('',(5.356936458151,1.534571604036,1.269338405373
    ));
#3170 = CARTESIAN_POINT('',(5.606881697134,0.931150417301,1.269338405373
    ));
#3171 = CARTESIAN_POINT('',(5.73083687571,0.316065314559,1.269338405373)
  );
#3172 = CARTESIAN_POINT('',(5.730837708841,-0.316063339932,
    1.269338405373));
#3173 = CARTESIAN_POINT('',(5.606882149941,-0.931149324128,
    1.269338405373));
#3174 = CARTESIAN_POINT('',(5.356936452725,-1.534571617136,
    1.269338405373));
#3175 = CARTESIAN_POINT('',(5.342460159319,-1.569520481064,
    1.269338405373));
#3176 = CARTESIAN_POINT('',(5.327836957806,-1.604824012537,
    1.269338405373));
#3177 = CARTESIAN_POINT('',(5.313066848185,-1.640482211555,
    1.269338405373));
#3178 = CARTESIAN_POINT('',(5.298149830458,-1.676495078117,
    1.269338405373));
#3179 = ORIENTED_EDGE('',*,*,#3180,.T.);
#3180 = EDGE_CURVE('',#3162,#3181,#3183,.T.);
#3181 = VERTEX_POINT('',#3182);
#3182 = CARTESIAN_POINT('',(5.678984083145,0.25,1.249));
#3183 = B_SPLINE_CURVE_WITH_KNOTS('',4,(#3184,#3185,#3186,#3187,#3188),
  .UNSPECIFIED.,.F.,.F.,(5,5),(0.,1.),.PIECEWISE_BEZIER_KNOTS.);
#3184 = CARTESIAN_POINT('',(5.661647793677,0.25,1.269338405373));
#3185 = CARTESIAN_POINT('',(5.666172943937,0.25,1.264485014872));
#3186 = CARTESIAN_POINT('',(5.67057841053,0.25,1.259473225497));
#3187 = CARTESIAN_POINT('',(5.674852442432,0.25,1.254308848028));
#3188 = CARTESIAN_POINT('',(5.678984083145,0.25,1.249));
#3189 = ORIENTED_EDGE('',*,*,#3190,.T.);
#3190 = EDGE_CURVE('',#3181,#2906,#3191,.T.);
#3191 = B_SPLINE_CURVE_WITH_KNOTS('',7,(#3192,#3193,#3194,#3195,#3196,
    #3197,#3198,#3199,#3200,#3201,#3202,#3203,#3204,#3205),
  .UNSPECIFIED.,.F.,.F.,(8,6,8),(0.,0.547373791486,1.),.UNSPECIFIED.);
#3192 = CARTESIAN_POINT('',(5.678984083145,0.25,1.249));
#3193 = CARTESIAN_POINT('',(5.68900704194,0.25,1.23612124925));
#3194 = CARTESIAN_POINT('',(5.698250429452,0.249222734344,1.222621692984
    ));
#3195 = CARTESIAN_POINT('',(5.706656967938,0.247534032705,1.20859168498)
  );
#3196 = CARTESIAN_POINT('',(5.714180415946,0.244805279194,1.194138019571
    ));
#3197 = CARTESIAN_POINT('',(5.72079118504,0.24092137658,1.179381114584)
  );
#3198 = CARTESIAN_POINT('',(5.72647986344,0.235774737481,1.16445008712)
  );
#3199 = CARTESIAN_POINT('',(5.735210246943,0.223846079091,1.1370933426)
  );
#3200 = CARTESIAN_POINT('',(5.738537836842,0.21750392477,1.124687078733)
  );
#3201 = CARTESIAN_POINT('',(5.741251085299,0.210148320624,1.112325730091
    ));
#3202 = CARTESIAN_POINT('',(5.743365382846,0.201708128923,1.100085787139
    ));
#3203 = CARTESIAN_POINT('',(5.744906371446,0.192085486888,1.088053352377
    ));
#3204 = CARTESIAN_POINT('',(5.745912395047,0.18118022123,1.076317191275)
  );
#3205 = CARTESIAN_POINT('',(5.746437542525,0.168741837757,1.064979142851
    ));
#3206 = ( BOUNDED_SURFACE() B_SPLINE_SURFACE(2,5,(
    (#3207,#3208,#3209,#3210,#3211,#3212,#3213,#3214,#3215,#3216,#3217
      ,#3218,#3219,#3220)
    ,(#3221,#3222,#3223,#3224,#3225,#3226,#3227,#3228,#3229,#3230,#3231
      ,#3232,#3233,#3234)
    ,(#3235,#3236,#3237,#3238,#3239,#3240,#3241,#3242,#3243,#3244,#3245
      ,#3246,#3247,#3248
)),.UNSPECIFIED.,.F.,.F.,.F.) B_SPLINE_SURFACE_WITH_KNOTS((3,3),(6,4,4,6
    ),(0.,3.141593083961),(-0.191061550688,-2.151857301201E-07,
    3.141592868775,3.332653909447),.UNSPECIFIED.) 
GEOMETRIC_REPRESENTATION_ITEM() RATIONAL_B_SPLINE_SURFACE((
    (1.,1.,1.,1.,1.,1.,1.,1.,1.,1.,1.,1.,1.,1.)
    ,(0.93061798229,0.93061798229,0.93061798229,0.93061798229
      ,0.93061798229,0.93061798229,0.93061798229,0.93061798229
      ,0.93061798229,0.93061798229,0.93061798229,0.93061798229
      ,0.93061798229,0.93061798229)
,(1.,1.,1.,1.,1.,1.,1.,1.,1.,1.,1.,1.,1.,1.
))) REPRESENTATION_ITEM('') SURFACE() );
#3207 = CARTESIAN_POINT('',(5.372402121451,1.707251388763,1.064979142851
    ));
#3208 = CARTESIAN_POINT('',(5.387025327433,1.67194784661,1.064979142851)
  );
#3209 = CARTESIAN_POINT('',(5.4016485312,1.636644309805,1.064979142851)
  );
#3210 = CARTESIAN_POINT('',(5.416271732752,1.601340778348,1.064979142851
    ));
#3211 = CARTESIAN_POINT('',(5.430894932088,1.566037252239,1.064979142851
    ));
#3212 = CARTESIAN_POINT('',(5.68596518157,0.950243197532,1.064979142851)
  );
#3213 = CARTESIAN_POINT('',(5.812461993741,0.322546011727,1.064979142851
    ));
#3214 = CARTESIAN_POINT('',(5.812462866109,-0.322543928823,
    1.064979142851));
#3215 = CARTESIAN_POINT('',(5.685965625459,-0.950242125891,
    1.064979142851));
#3216 = CARTESIAN_POINT('',(5.430894927658,-1.566037262935,
    1.064979142851));
#3217 = CARTESIAN_POINT('',(5.416271726106,-1.601340794392,
    1.064979142851));
#3218 = CARTESIAN_POINT('',(5.401648524554,-1.636644325849,
    1.064979142851));
#3219 = CARTESIAN_POINT('',(5.387025323003,-1.671947857306,
    1.064979142851));
#3220 = CARTESIAN_POINT('',(5.372402121451,-1.707251388763,
    1.064979142851));
#3221 = CARTESIAN_POINT('',(5.372402121451,1.707251388763,1.182962690499
    ));
#3222 = CARTESIAN_POINT('',(5.387025327433,1.67194784661,1.182962690499)
  );
#3223 = CARTESIAN_POINT('',(5.4016485312,1.636644309805,1.182962690499)
  );
#3224 = CARTESIAN_POINT('',(5.416271732752,1.601340778348,1.182962690499
    ));
#3225 = CARTESIAN_POINT('',(5.430894932088,1.566037252239,1.182962690499
    ));
#3226 = CARTESIAN_POINT('',(5.68596518157,0.950243197532,1.182962690499)
  );
#3227 = CARTESIAN_POINT('',(5.812461993741,0.322546011727,1.182962690499
    ));
#3228 = CARTESIAN_POINT('',(5.812462866109,-0.322543928823,
    1.182962690499));
#3229 = CARTESIAN_POINT('',(5.685965625459,-0.950242125891,
    1.182962690499));
#3230 = CARTESIAN_POINT('',(5.430894927658,-1.566037262935,
    1.182962690499));
#3231 = CARTESIAN_POINT('',(5.416271726106,-1.601340794392,
    1.182962690499));
#3232 = CARTESIAN_POINT('',(5.401648524554,-1.636644325849,
    1.182962690499));
#3233 = CARTESIAN_POINT('',(5.387025323003,-1.671947857306,
    1.182962690499));
#3234 = CARTESIAN_POINT('',(5.372402121451,-1.707251388763,
    1.182962690499));
#3235 = CARTESIAN_POINT('',(5.298149830458,1.676495078117,1.269338405373
    ));
#3236 = CARTESIAN_POINT('',(5.313066853612,1.640482198454,1.269338405373
    ));
#3237 = CARTESIAN_POINT('',(5.327836965945,1.604823992887,1.269338405373
    ));
#3238 = CARTESIAN_POINT('',(5.342460167458,1.569520461414,1.269338405373
    ));
#3239 = CARTESIAN_POINT('',(5.356936458151,1.534571604036,1.269338405373
    ));
#3240 = CARTESIAN_POINT('',(5.606881697134,0.931150417301,1.269338405373
    ));
#3241 = CARTESIAN_POINT('',(5.73083687571,0.316065314559,1.269338405373)
  );
#3242 = CARTESIAN_POINT('',(5.730837708841,-0.316063339932,
    1.269338405373));
#3243 = CARTESIAN_POINT('',(5.606882149941,-0.931149324128,
    1.269338405373));
#3244 = CARTESIAN_POINT('',(5.356936452725,-1.534571617136,
    1.269338405373));
#3245 = CARTESIAN_POINT('',(5.342460159319,-1.569520481064,
    1.269338405373));
#3246 = CARTESIAN_POINT('',(5.327836957806,-1.604824012537,
    1.269338405373));
#3247 = CARTESIAN_POINT('',(5.313066848185,-1.640482211555,
    1.269338405373));
#3248 = CARTESIAN_POINT('',(5.298149830458,-1.676495078117,
    1.269338405373));
#3249 = ADVANCED_FACE('',(#3250),#3272,.T.);
#3250 = FACE_BOUND('',#3251,.T.);
#3251 = EDGE_LOOP('',(#3252,#3253,#3254,#3255));
#3252 = ORIENTED_EDGE('',*,*,#2928,.F.);
#3253 = ORIENTED_EDGE('',*,*,#2919,.T.);
#3254 = ORIENTED_EDGE('',*,*,#2905,.F.);
#3255 = ORIENTED_EDGE('',*,*,#3256,.T.);
#3256 = EDGE_CURVE('',#2906,#2929,#3257,.T.);
#3257 = B_SPLINE_CURVE_WITH_KNOTS('',5,(#3258,#3259,#3260,#3261,#3262,
    #3263,#3264,#3265,#3266,#3267,#3268,#3269,#3270,#3271),
  .UNSPECIFIED.,.F.,.F.,(6,4,4,6),(-0.191061550688,-2.151857301201E-07,
    3.141592868775,3.332653909447),.UNSPECIFIED.);
#3258 = CARTESIAN_POINT('',(5.372402121451,1.707251388763,1.064979142851
    ));
#3259 = CARTESIAN_POINT('',(5.387025327433,1.67194784661,1.064979142851)
  );
#3260 = CARTESIAN_POINT('',(5.4016485312,1.636644309805,1.064979142851)
  );
#3261 = CARTESIAN_POINT('',(5.416271732752,1.601340778348,1.064979142851
    ));
#3262 = CARTESIAN_POINT('',(5.430894932088,1.566037252239,1.064979142851
    ));
#3263 = CARTESIAN_POINT('',(5.68596518157,0.950243197532,1.064979142851)
  );
#3264 = CARTESIAN_POINT('',(5.812461993741,0.322546011727,1.064979142851
    ));
#3265 = CARTESIAN_POINT('',(5.812462866109,-0.322543928823,
    1.064979142851));
#3266 = CARTESIAN_POINT('',(5.685965625459,-0.950242125891,
    1.064979142851));
#3267 = CARTESIAN_POINT('',(5.430894927658,-1.566037262935,
    1.064979142851));
#3268 = CARTESIAN_POINT('',(5.416271726106,-1.601340794392,
    1.064979142851));
#3269 = CARTESIAN_POINT('',(5.401648524554,-1.636644325849,
    1.064979142851));
#3270 = CARTESIAN_POINT('',(5.387025323003,-1.671947857306,
    1.064979142851));
#3271 = CARTESIAN_POINT('',(5.372402121451,-1.707251388763,
    1.064979142851));
#3272 = CYLINDRICAL_SURFACE('',#3273,4.);
#3273 = AXIS2_PLACEMENT_3D('',#3274,#3275,#3276);
#3274 = CARTESIAN_POINT('',(1.75,0.,0.2));
#3275 = DIRECTION('',(0.,0.,1.));
#3276 = DIRECTION('',(0.923879532511,0.382683432365,-0.));
#3277 = ADVANCED_FACE('',(#3278),#3328,.T.);
#3278 = FACE_BOUND('',#3279,.T.);
#3279 = EDGE_LOOP('',(#3280,#3281,#3300,#3310,#3327));
#3280 = ORIENTED_EDGE('',*,*,#2940,.F.);
#3281 = ORIENTED_EDGE('',*,*,#3282,.F.);
#3282 = EDGE_CURVE('',#3283,#2929,#3285,.T.);
#3283 = VERTEX_POINT('',#3284);
#3284 = CARTESIAN_POINT('',(5.678984132973,-0.25,1.249));
#3285 = B_SPLINE_CURVE_WITH_KNOTS('',7,(#3286,#3287,#3288,#3289,#3290,
    #3291,#3292,#3293,#3294,#3295,#3296,#3297,#3298,#3299),
  .UNSPECIFIED.,.F.,.F.,(8,6,8),(0.,0.547393516269,1.),.UNSPECIFIED.);
#3286 = CARTESIAN_POINT('',(5.678984132973,-0.25,1.249));
#3287 = CARTESIAN_POINT('',(5.689007452725,-0.250000000009,
    1.236120785147));
#3288 = CARTESIAN_POINT('',(5.698251143811,-0.249222678341,
    1.222620721418));
#3289 = CARTESIAN_POINT('',(5.706657925033,-0.247533850285,
    1.208590168931));
#3290 = CARTESIAN_POINT('',(5.714181548253,-0.244804886091,
    1.194135936751));
#3291 = CARTESIAN_POINT('',(5.720792422554,-0.240920677046,
    1.179378457191));
#3292 = CARTESIAN_POINT('',(5.726481139052,-0.23577362511,1.164446860005
    ));
#3293 = CARTESIAN_POINT('',(5.735211160733,-0.223844421,1.137090099129)
  );
#3294 = CARTESIAN_POINT('',(5.738538470523,-0.217502322352,
    1.124684385606));
#3295 = CARTESIAN_POINT('',(5.741251494922,-0.2101468495,1.11232359712)
  );
#3296 = CARTESIAN_POINT('',(5.743365623852,-0.201706871525,
    1.100084214723));
#3297 = CARTESIAN_POINT('',(5.744906496957,-0.1920845368,1.088052329877)
  );
#3298 = CARTESIAN_POINT('',(5.745912453738,-0.181179679181,
    1.076316697177));
#3299 = CARTESIAN_POINT('',(5.74643757598,-0.168741837757,1.064979142851
    ));
#3300 = ORIENTED_EDGE('',*,*,#3301,.F.);
#3301 = EDGE_CURVE('',#3302,#3283,#3304,.T.);
#3302 = VERTEX_POINT('',#3303);
#3303 = CARTESIAN_POINT('',(5.66164784396,-0.25,1.269338405373));
#3304 = B_SPLINE_CURVE_WITH_KNOTS('',4,(#3305,#3306,#3307,#3308,#3309),
  .UNSPECIFIED.,.F.,.F.,(5,5),(0.,1.),.PIECEWISE_BEZIER_KNOTS.);
#3305 = CARTESIAN_POINT('',(5.66164784396,-0.25,1.269338405373));
#3306 = CARTESIAN_POINT('',(5.666172994101,-0.25,1.264485014872));
#3307 = CARTESIAN_POINT('',(5.670578460579,-0.25,1.259473225496));
#3308 = CARTESIAN_POINT('',(5.674852492368,-0.25,1.254308848027));
#3309 = CARTESIAN_POINT('',(5.678984132973,-0.25,1.249));
#3310 = ORIENTED_EDGE('',*,*,#3311,.T.);
#3311 = EDGE_CURVE('',#3302,#2986,#3312,.T.);
#3312 = B_SPLINE_CURVE_WITH_KNOTS('',5,(#3313,#3314,#3315,#3316,#3317,
    #3318,#3319,#3320,#3321,#3322,#3323,#3324,#3325,#3326),
  .UNSPECIFIED.,.F.,.F.,(6,4,4,6),(-0.191061550688,-2.151857301201E-07,
    3.141592868775,3.332653909447),.UNSPECIFIED.);
#3313 = CARTESIAN_POINT('',(5.298149830458,1.676495078117,1.269338405373
    ));
#3314 = CARTESIAN_POINT('',(5.313066853612,1.640482198454,1.269338405373
    ));
#3315 = CARTESIAN_POINT('',(5.327836965945,1.604823992887,1.269338405373
    ));
#3316 = CARTESIAN_POINT('',(5.342460167458,1.569520461414,1.269338405373
    ));
#3317 = CARTESIAN_POINT('',(5.356936458151,1.534571604036,1.269338405373
    ));
#3318 = CARTESIAN_POINT('',(5.606881697134,0.931150417301,1.269338405373
    ));
#3319 = CARTESIAN_POINT('',(5.73083687571,0.316065314559,1.269338405373)
  );
#3320 = CARTESIAN_POINT('',(5.730837708841,-0.316063339932,
    1.269338405373));
#3321 = CARTESIAN_POINT('',(5.606882149941,-0.931149324128,
    1.269338405373));
#3322 = CARTESIAN_POINT('',(5.356936452725,-1.534571617136,
    1.269338405373));
#3323 = CARTESIAN_POINT('',(5.342460159319,-1.569520481064,
    1.269338405373));
#3324 = CARTESIAN_POINT('',(5.327836957806,-1.604824012537,
    1.269338405373));
#3325 = CARTESIAN_POINT('',(5.313066848185,-1.640482211555,
    1.269338405373));
#3326 = CARTESIAN_POINT('',(5.298149830458,-1.676495078117,
    1.269338405373));
#3327 = ORIENTED_EDGE('',*,*,#2985,.F.);
#3328 = ( BOUNDED_SURFACE() B_SPLINE_SURFACE(2,5,(
    (#3329,#3330,#3331,#3332,#3333,#3334,#3335,#3336,#3337,#3338,#3339
      ,#3340,#3341,#3342)
    ,(#3343,#3344,#3345,#3346,#3347,#3348,#3349,#3350,#3351,#3352,#3353
      ,#3354,#3355,#3356)
    ,(#3357,#3358,#3359,#3360,#3361,#3362,#3363,#3364,#3365,#3366,#3367
      ,#3368,#3369,#3370
)),.UNSPECIFIED.,.F.,.F.,.F.) B_SPLINE_SURFACE_WITH_KNOTS((3,3),(6,4,4,6
    ),(0.,3.141593083961),(-0.191061550688,-2.151857301201E-07,
    3.141592868775,3.332653909447),.UNSPECIFIED.) 
GEOMETRIC_REPRESENTATION_ITEM() RATIONAL_B_SPLINE_SURFACE((
    (1.,1.,1.,1.,1.,1.,1.,1.,1.,1.,1.,1.,1.,1.)
    ,(0.93061798229,0.93061798229,0.93061798229,0.93061798229
      ,0.93061798229,0.93061798229,0.93061798229,0.93061798229
      ,0.93061798229,0.93061798229,0.93061798229,0.93061798229
      ,0.93061798229,0.93061798229)
,(1.,1.,1.,1.,1.,1.,1.,1.,1.,1.,1.,1.,1.,1.
))) REPRESENTATION_ITEM('') SURFACE() );
#3329 = CARTESIAN_POINT('',(5.372402121451,1.707251388763,1.064979142851
    ));
#3330 = CARTESIAN_POINT('',(5.387025327433,1.67194784661,1.064979142851)
  );
#3331 = CARTESIAN_POINT('',(5.4016485312,1.636644309805,1.064979142851)
  );
#3332 = CARTESIAN_POINT('',(5.416271732752,1.601340778348,1.064979142851
    ));
#3333 = CARTESIAN_POINT('',(5.430894932088,1.566037252239,1.064979142851
    ));
#3334 = CARTESIAN_POINT('',(5.68596518157,0.950243197532,1.064979142851)
  );
#3335 = CARTESIAN_POINT('',(5.812461993741,0.322546011727,1.064979142851
    ));
#3336 = CARTESIAN_POINT('',(5.812462866109,-0.322543928823,
    1.064979142851));
#3337 = CARTESIAN_POINT('',(5.685965625459,-0.950242125891,
    1.064979142851));
#3338 = CARTESIAN_POINT('',(5.430894927658,-1.566037262935,
    1.064979142851));
#3339 = CARTESIAN_POINT('',(5.416271726106,-1.601340794392,
    1.064979142851));
#3340 = CARTESIAN_POINT('',(5.401648524554,-1.636644325849,
    1.064979142851));
#3341 = CARTESIAN_POINT('',(5.387025323003,-1.671947857306,
    1.064979142851));
#3342 = CARTESIAN_POINT('',(5.372402121451,-1.707251388763,
    1.064979142851));
#3343 = CARTESIAN_POINT('',(5.372402121451,1.707251388763,1.182962690499
    ));
#3344 = CARTESIAN_POINT('',(5.387025327433,1.67194784661,1.182962690499)
  );
#3345 = CARTESIAN_POINT('',(5.4016485312,1.636644309805,1.182962690499)
  );
#3346 = CARTESIAN_POINT('',(5.416271732752,1.601340778348,1.182962690499
    ));
#3347 = CARTESIAN_POINT('',(5.430894932088,1.566037252239,1.182962690499
    ));
#3348 = CARTESIAN_POINT('',(5.68596518157,0.950243197532,1.182962690499)
  );
#3349 = CARTESIAN_POINT('',(5.812461993741,0.322546011727,1.182962690499
    ));
#3350 = CARTESIAN_POINT('',(5.812462866109,-0.322543928823,
    1.182962690499));
#3351 = CARTESIAN_POINT('',(5.685965625459,-0.950242125891,
    1.182962690499));
#3352 = CARTESIAN_POINT('',(5.430894927658,-1.566037262935,
    1.182962690499));
#3353 = CARTESIAN_POINT('',(5.416271726106,-1.601340794392,
    1.182962690499));
#3354 = CARTESIAN_POINT('',(5.401648524554,-1.636644325849,
    1.182962690499));
#3355 = CARTESIAN_POINT('',(5.387025323003,-1.671947857306,
    1.182962690499));
#3356 = CARTESIAN_POINT('',(5.372402121451,-1.707251388763,
    1.182962690499));
#3357 = CARTESIAN_POINT('',(5.298149830458,1.676495078117,1.269338405373
    ));
#3358 = CARTESIAN_POINT('',(5.313066853612,1.640482198454,1.269338405373
    ));
#3359 = CARTESIAN_POINT('',(5.327836965945,1.604823992887,1.269338405373
    ));
#3360 = CARTESIAN_POINT('',(5.342460167458,1.569520461414,1.269338405373
    ));
#3361 = CARTESIAN_POINT('',(5.356936458151,1.534571604036,1.269338405373
    ));
#3362 = CARTESIAN_POINT('',(5.606881697134,0.931150417301,1.269338405373
    ));
#3363 = CARTESIAN_POINT('',(5.73083687571,0.316065314559,1.269338405373)
  );
#3364 = CARTESIAN_POINT('',(5.730837708841,-0.316063339932,
    1.269338405373));
#3365 = CARTESIAN_POINT('',(5.606882149941,-0.931149324128,
    1.269338405373));
#3366 = CARTESIAN_POINT('',(5.356936452725,-1.534571617136,
    1.269338405373));
#3367 = CARTESIAN_POINT('',(5.342460159319,-1.569520481064,
    1.269338405373));
#3368 = CARTESIAN_POINT('',(5.327836957806,-1.604824012537,
    1.269338405373));
#3369 = CARTESIAN_POINT('',(5.313066848185,-1.640482211555,
    1.269338405373));
#3370 = CARTESIAN_POINT('',(5.298149830458,-1.676495078117,
    1.269338405373));
#3371 = ADVANCED_FACE('',(#3372),#3431,.F.);
#3372 = FACE_BOUND('',#3373,.F.);
#3373 = EDGE_LOOP('',(#3374,#3383,#3384,#3393));
#3374 = ORIENTED_EDGE('',*,*,#3375,.F.);
#3375 = EDGE_CURVE('',#2986,#3376,#3378,.T.);
#3376 = VERTEX_POINT('',#3377);
#3377 = CARTESIAN_POINT('',(5.371265837206,-1.499977422729,
    1.930661594627));
#3378 = CIRCLE('',#3379,0.485412195974);
#3379 = AXIS2_PLACEMENT_3D('',#3380,#3381,#3382);
#3380 = CARTESIAN_POINT('',(5.699585001486,-1.635971673361,1.6));
#3381 = DIRECTION('',(0.382683432365,0.923879532511,2.775557561563E-17)
  );
#3382 = DIRECTION('',(-0.523404384043,0.216801194476,-0.824041924199));
#3383 = ORIENTED_EDGE('',*,*,#2998,.T.);
#3384 = ORIENTED_EDGE('',*,*,#3385,.T.);
#3385 = EDGE_CURVE('',#2999,#3386,#3388,.T.);
#3386 = VERTEX_POINT('',#3387);
#3387 = CARTESIAN_POINT('',(5.371265837206,1.499977422729,1.930661594627
    ));
#3388 = CIRCLE('',#3389,0.485412195974);
#3389 = AXIS2_PLACEMENT_3D('',#3390,#3391,#3392);
#3390 = CARTESIAN_POINT('',(5.699585001486,1.635971673361,1.6));
#3391 = DIRECTION('',(-0.382683432365,0.923879532511,-2.775557561563E-17
    ));
#3392 = DIRECTION('',(-0.523404384043,-0.216801194476,-0.824041924199));
#3393 = ORIENTED_EDGE('',*,*,#3394,.F.);
#3394 = EDGE_CURVE('',#3376,#3386,#3395,.T.);
#3395 = B_SPLINE_CURVE_WITH_KNOTS('',12,(#3396,#3397,#3398,#3399,#3400,
    #3401,#3402,#3403,#3404,#3405,#3406,#3407,#3408,#3409,#3410,#3411,
    #3412,#3413,#3414,#3415,#3416,#3417,#3418,#3419,#3420,#3421,#3422,
    #3423,#3424,#3425,#3426,#3427,#3428,#3429,#3430),.UNSPECIFIED.,.F.,
  .F.,(13,11,11,13),(-0.936985026533,-3.845924286221E-16,21.991148575128
    ,22.928133601661),.UNSPECIFIED.);
#3396 = CARTESIAN_POINT('',(5.729834483234,-0.634316134445,
    1.930661594627));
#3397 = CARTESIAN_POINT('',(5.699150470086,-0.708393895135,
    1.930661594627));
#3398 = CARTESIAN_POINT('',(5.668612510146,-0.782119052189,
    1.930661594627));
#3399 = CARTESIAN_POINT('',(5.638220603415,-0.855491605606,
    1.930661594627));
#3400 = CARTESIAN_POINT('',(5.607974749892,-0.928511555387,
    1.930661594627));
#3401 = CARTESIAN_POINT('',(5.577874949577,-1.001178901532,
    1.930661594627));
#3402 = CARTESIAN_POINT('',(5.547921202471,-1.07349364404,1.930661594627
    ));
#3403 = CARTESIAN_POINT('',(5.518113508572,-1.145455782912,
    1.930661594627));
#3404 = CARTESIAN_POINT('',(5.488451867882,-1.217065318148,
    1.930661594627));
#3405 = CARTESIAN_POINT('',(5.458936280401,-1.288322249748,
    1.930661594627));
#3406 = CARTESIAN_POINT('',(5.429566746127,-1.359226577711,
    1.930661594627));
#3407 = CARTESIAN_POINT('',(5.400343265062,-1.429778302038,
    1.930661594627));
#3408 = CARTESIAN_POINT('',(4.688815191706,-3.147559026744,
    1.930661594627));
#3409 = CARTESIAN_POINT('',(3.177778655227,-4.481722499633,
    1.930661601391));
#3410 = CARTESIAN_POINT('',(0.996354239583,-5.009719374378,
    1.930661505354));
#3411 = CARTESIAN_POINT('',(-1.34107255061,-4.322549719933,
    1.930661890578));
#3412 = CARTESIAN_POINT('',(-3.084262379218,-2.607273302659,
    1.93066103993));
#3413 = CARTESIAN_POINT('',(-3.955418536063,3.4940939031E-12,
    1.930662270184));
#3414 = CARTESIAN_POINT('',(-3.084262379217,2.607273302653,1.93066103993
    ));
#3415 = CARTESIAN_POINT('',(-1.341072550611,4.322549719938,
    1.930661890578));
#3416 = CARTESIAN_POINT('',(0.996354239584,5.009719374376,1.930661505354
    ));
#3417 = CARTESIAN_POINT('',(3.177778655227,4.481722499634,1.930661601391
    ));
#3418 = CARTESIAN_POINT('',(4.688815191706,3.147559026743,1.930661594627
    ));
#3419 = CARTESIAN_POINT('',(5.400343265062,1.429778302038,1.930661594627
    ));
#3420 = CARTESIAN_POINT('',(5.429566746127,1.359226577711,1.930661594627
    ));
#3421 = CARTESIAN_POINT('',(5.458936280401,1.288322249748,1.930661594627
    ));
#3422 = CARTESIAN_POINT('',(5.488451867882,1.217065318148,1.930661594627
    ));
#3423 = CARTESIAN_POINT('',(5.518113508572,1.145455782912,1.930661594627
    ));
#3424 = CARTESIAN_POINT('',(5.54792120247,1.07349364404,1.930661594627)
  );
#3425 = CARTESIAN_POINT('',(5.577874949577,1.001178901532,1.930661594627
    ));
#3426 = CARTESIAN_POINT('',(5.607974749892,0.928511555387,1.930661594627
    ));
#3427 = CARTESIAN_POINT('',(5.638220603415,0.855491605606,1.930661594627
    ));
#3428 = CARTESIAN_POINT('',(5.668612510146,0.782119052189,1.930661594627
    ));
#3429 = CARTESIAN_POINT('',(5.699150470086,0.708393895135,1.930661594627
    ));
#3430 = CARTESIAN_POINT('',(5.729834483234,0.634316134445,1.930661594627
    ));
#3431 = SURFACE_OF_REVOLUTION('',#3432,#3437);
#3432 = CIRCLE('',#3433,0.485412195974);
#3433 = AXIS2_PLACEMENT_3D('',#3434,#3435,#3436);
#3434 = CARTESIAN_POINT('',(5.699585001486,-1.635971673361,1.6));
#3435 = DIRECTION('',(0.382683432365,0.923879532511,0.));
#3436 = DIRECTION('',(-0.523404384043,0.216801194476,-0.824041924199));
#3437 = AXIS1_PLACEMENT('',#3438,#3439);
#3438 = CARTESIAN_POINT('',(1.75,0.,0.));
#3439 = DIRECTION('',(0.,0.,-1.));
#3440 = ADVANCED_FACE('',(#3441),#3465,.T.);
#3441 = FACE_BOUND('',#3442,.T.);
#3442 = EDGE_LOOP('',(#3443,#3444,#3445,#3446,#3463,#3464));
#3443 = ORIENTED_EDGE('',*,*,#3256,.F.);
#3444 = ORIENTED_EDGE('',*,*,#3190,.F.);
#3445 = ORIENTED_EDGE('',*,*,#3180,.F.);
#3446 = ORIENTED_EDGE('',*,*,#3447,.T.);
#3447 = EDGE_CURVE('',#3162,#3302,#3448,.T.);
#3448 = B_SPLINE_CURVE_WITH_KNOTS('',5,(#3449,#3450,#3451,#3452,#3453,
    #3454,#3455,#3456,#3457,#3458,#3459,#3460,#3461,#3462),
  .UNSPECIFIED.,.F.,.F.,(6,4,4,6),(-0.191061550688,-2.151857301201E-07,
    3.141592868775,3.332653909447),.UNSPECIFIED.);
#3449 = CARTESIAN_POINT('',(5.298149830458,1.676495078117,1.269338405373
    ));
#3450 = CARTESIAN_POINT('',(5.313066853612,1.640482198454,1.269338405373
    ));
#3451 = CARTESIAN_POINT('',(5.327836965945,1.604823992887,1.269338405373
    ));
#3452 = CARTESIAN_POINT('',(5.342460167458,1.569520461414,1.269338405373
    ));
#3453 = CARTESIAN_POINT('',(5.356936458151,1.534571604036,1.269338405373
    ));
#3454 = CARTESIAN_POINT('',(5.606881697134,0.931150417301,1.269338405373
    ));
#3455 = CARTESIAN_POINT('',(5.73083687571,0.316065314559,1.269338405373)
  );
#3456 = CARTESIAN_POINT('',(5.730837708841,-0.316063339932,
    1.269338405373));
#3457 = CARTESIAN_POINT('',(5.606882149941,-0.931149324128,
    1.269338405373));
#3458 = CARTESIAN_POINT('',(5.356936452725,-1.534571617136,
    1.269338405373));
#3459 = CARTESIAN_POINT('',(5.342460159319,-1.569520481064,
    1.269338405373));
#3460 = CARTESIAN_POINT('',(5.327836957806,-1.604824012537,
    1.269338405373));
#3461 = CARTESIAN_POINT('',(5.313066848185,-1.640482211555,
    1.269338405373));
#3462 = CARTESIAN_POINT('',(5.298149830458,-1.676495078117,
    1.269338405373));
#3463 = ORIENTED_EDGE('',*,*,#3301,.T.);
#3464 = ORIENTED_EDGE('',*,*,#3282,.T.);
#3465 = ( BOUNDED_SURFACE() B_SPLINE_SURFACE(2,5,(
    (#3466,#3467,#3468,#3469,#3470,#3471,#3472,#3473,#3474,#3475,#3476
      ,#3477,#3478,#3479)
    ,(#3480,#3481,#3482,#3483,#3484,#3485,#3486,#3487,#3488,#3489,#3490
      ,#3491,#3492,#3493)
    ,(#3494,#3495,#3496,#3497,#3498,#3499,#3500,#3501,#3502,#3503,#3504
      ,#3505,#3506,#3507
)),.UNSPECIFIED.,.F.,.F.,.F.) B_SPLINE_SURFACE_WITH_KNOTS((3,3),(6,4,4,6
    ),(0.,3.141593083961),(-0.191061550688,-2.151857301201E-07,
    3.141592868775,3.332653909447),.UNSPECIFIED.) 
GEOMETRIC_REPRESENTATION_ITEM() RATIONAL_B_SPLINE_SURFACE((
    (1.,1.,1.,1.,1.,1.,1.,1.,1.,1.,1.,1.,1.,1.)
    ,(0.93061798229,0.93061798229,0.93061798229,0.93061798229
      ,0.93061798229,0.93061798229,0.93061798229,0.93061798229
      ,0.93061798229,0.93061798229,0.93061798229,0.93061798229
      ,0.93061798229,0.93061798229)
,(1.,1.,1.,1.,1.,1.,1.,1.,1.,1.,1.,1.,1.,1.
))) REPRESENTATION_ITEM('') SURFACE() );
#3466 = CARTESIAN_POINT('',(5.372402121451,1.707251388763,1.064979142851
    ));
#3467 = CARTESIAN_POINT('',(5.387025327433,1.67194784661,1.064979142851)
  );
#3468 = CARTESIAN_POINT('',(5.4016485312,1.636644309805,1.064979142851)
  );
#3469 = CARTESIAN_POINT('',(5.416271732752,1.601340778348,1.064979142851
    ));
#3470 = CARTESIAN_POINT('',(5.430894932088,1.566037252239,1.064979142851
    ));
#3471 = CARTESIAN_POINT('',(5.68596518157,0.950243197532,1.064979142851)
  );
#3472 = CARTESIAN_POINT('',(5.812461993741,0.322546011727,1.064979142851
    ));
#3473 = CARTESIAN_POINT('',(5.812462866109,-0.322543928823,
    1.064979142851));
#3474 = CARTESIAN_POINT('',(5.685965625459,-0.950242125891,
    1.064979142851));
#3475 = CARTESIAN_POINT('',(5.430894927658,-1.566037262935,
    1.064979142851));
#3476 = CARTESIAN_POINT('',(5.416271726106,-1.601340794392,
    1.064979142851));
#3477 = CARTESIAN_POINT('',(5.401648524554,-1.636644325849,
    1.064979142851));
#3478 = CARTESIAN_POINT('',(5.387025323003,-1.671947857306,
    1.064979142851));
#3479 = CARTESIAN_POINT('',(5.372402121451,-1.707251388763,
    1.064979142851));
#3480 = CARTESIAN_POINT('',(5.372402121451,1.707251388763,1.182962690499
    ));
#3481 = CARTESIAN_POINT('',(5.387025327433,1.67194784661,1.182962690499)
  );
#3482 = CARTESIAN_POINT('',(5.4016485312,1.636644309805,1.182962690499)
  );
#3483 = CARTESIAN_POINT('',(5.416271732752,1.601340778348,1.182962690499
    ));
#3484 = CARTESIAN_POINT('',(5.430894932088,1.566037252239,1.182962690499
    ));
#3485 = CARTESIAN_POINT('',(5.68596518157,0.950243197532,1.182962690499)
  );
#3486 = CARTESIAN_POINT('',(5.812461993741,0.322546011727,1.182962690499
    ));
#3487 = CARTESIAN_POINT('',(5.812462866109,-0.322543928823,
    1.182962690499));
#3488 = CARTESIAN_POINT('',(5.685965625459,-0.950242125891,
    1.182962690499));
#3489 = CARTESIAN_POINT('',(5.430894927658,-1.566037262935,
    1.182962690499));
#3490 = CARTESIAN_POINT('',(5.416271726106,-1.601340794392,
    1.182962690499));
#3491 = CARTESIAN_POINT('',(5.401648524554,-1.636644325849,
    1.182962690499));
#3492 = CARTESIAN_POINT('',(5.387025323003,-1.671947857306,
    1.182962690499));
#3493 = CARTESIAN_POINT('',(5.372402121451,-1.707251388763,
    1.182962690499));
#3494 = CARTESIAN_POINT('',(5.298149830458,1.676495078117,1.269338405373
    ));
#3495 = CARTESIAN_POINT('',(5.313066853612,1.640482198454,1.269338405373
    ));
#3496 = CARTESIAN_POINT('',(5.327836965945,1.604823992887,1.269338405373
    ));
#3497 = CARTESIAN_POINT('',(5.342460167458,1.569520461414,1.269338405373
    ));
#3498 = CARTESIAN_POINT('',(5.356936458151,1.534571604036,1.269338405373
    ));
#3499 = CARTESIAN_POINT('',(5.606881697134,0.931150417301,1.269338405373
    ));
#3500 = CARTESIAN_POINT('',(5.73083687571,0.316065314559,1.269338405373)
  );
#3501 = CARTESIAN_POINT('',(5.730837708841,-0.316063339932,
    1.269338405373));
#3502 = CARTESIAN_POINT('',(5.606882149941,-0.931149324128,
    1.269338405373));
#3503 = CARTESIAN_POINT('',(5.356936452725,-1.534571617136,
    1.269338405373));
#3504 = CARTESIAN_POINT('',(5.342460159319,-1.569520481064,
    1.269338405373));
#3505 = CARTESIAN_POINT('',(5.327836957806,-1.604824012537,
    1.269338405373));
#3506 = CARTESIAN_POINT('',(5.313066848185,-1.640482211555,
    1.269338405373));
#3507 = CARTESIAN_POINT('',(5.298149830458,-1.676495078117,
    1.269338405373));
#3508 = ADVANCED_FACE('',(#3509),#3553,.F.);
#3509 = FACE_BOUND('',#3510,.F.);
#3510 = EDGE_LOOP('',(#3511,#3530,#3531,#3532));
#3511 = ORIENTED_EDGE('',*,*,#3512,.F.);
#3512 = EDGE_CURVE('',#3386,#3513,#3515,.T.);
#3513 = VERTEX_POINT('',#3514);
#3514 = CARTESIAN_POINT('',(5.661647793677,0.25,1.930661594627));
#3515 = B_SPLINE_CURVE_WITH_KNOTS('',5,(#3516,#3517,#3518,#3519,#3520,
    #3521,#3522,#3523,#3524,#3525,#3526,#3527,#3528,#3529),
  .UNSPECIFIED.,.F.,.F.,(6,4,4,6),(-0.191061550688,-2.151857301156E-07,
    3.141592868775,3.332653909447),.UNSPECIFIED.);
#3516 = CARTESIAN_POINT('',(5.298149830458,1.676495078117,1.930661594627
    ));
#3517 = CARTESIAN_POINT('',(5.313066853612,1.640482198454,1.930661594627
    ));
#3518 = CARTESIAN_POINT('',(5.327836965945,1.604823992887,1.930661594627
    ));
#3519 = CARTESIAN_POINT('',(5.342460167458,1.569520461414,1.930661594627
    ));
#3520 = CARTESIAN_POINT('',(5.356936458151,1.534571604036,1.930661594627
    ));
#3521 = CARTESIAN_POINT('',(5.606881697134,0.931150417301,1.930661594627
    ));
#3522 = CARTESIAN_POINT('',(5.73083687571,0.316065314559,1.930661594627)
  );
#3523 = CARTESIAN_POINT('',(5.730837708841,-0.316063339932,
    1.930661594627));
#3524 = CARTESIAN_POINT('',(5.606882149941,-0.931149324128,
    1.930661594627));
#3525 = CARTESIAN_POINT('',(5.356936452725,-1.534571617136,
    1.930661594627));
#3526 = CARTESIAN_POINT('',(5.342460159319,-1.569520481064,
    1.930661594627));
#3527 = CARTESIAN_POINT('',(5.327836957806,-1.604824012537,
    1.930661594627));
#3528 = CARTESIAN_POINT('',(5.313066848185,-1.640482211555,
    1.930661594627));
#3529 = CARTESIAN_POINT('',(5.298149830458,-1.676495078117,
    1.930661594627));
#3530 = ORIENTED_EDGE('',*,*,#3385,.F.);
#3531 = ORIENTED_EDGE('',*,*,#3161,.T.);
#3532 = ORIENTED_EDGE('',*,*,#3533,.T.);
#3533 = EDGE_CURVE('',#3162,#3513,#3534,.T.);
#3534 = B_SPLINE_CURVE_WITH_KNOTS('',5,(#3535,#3536,#3537,#3538,#3539,
    #3540,#3541,#3542,#3543,#3544,#3545,#3546,#3547,#3548,#3549,#3550,
    #3551,#3552),.UNSPECIFIED.,.F.,.F.,(6,4,4,4,6),(0.,0.251021289371,
    0.500000007474,0.749612641776,1.),.UNSPECIFIED.);
#3535 = CARTESIAN_POINT('',(5.66164927974,0.25,1.269338192151));
#3536 = CARTESIAN_POINT('',(5.636722643119,0.25,1.29607288533));
#3537 = CARTESIAN_POINT('',(5.614312628179,0.25,1.325148766088));
#3538 = CARTESIAN_POINT('',(5.594714973705,0.25,1.356250392557));
#3539 = CARTESIAN_POINT('',(5.578163842467,0.25,1.389008383566));
#3540 = CARTESIAN_POINT('',(5.551580763307,0.25,1.456755110607));
#3541 = CARTESIAN_POINT('',(5.541496541091,0.25,1.491724339437));
#3542 = CARTESIAN_POINT('',(5.534720492122,0.25,1.527535018409));
#3543 = CARTESIAN_POINT('',(5.531332532513,0.25,1.563767732518));
#3544 = CARTESIAN_POINT('',(5.531332533303,0.25,1.636324527783));
#3545 = CARTESIAN_POINT('',(5.53473776766,0.25,1.672649497235));
#3546 = CARTESIAN_POINT('',(5.541548367302,0.25,1.708549195158));
#3547 = CARTESIAN_POINT('',(5.551683595706,0.25,1.743601004301));
#3548 = CARTESIAN_POINT('',(5.578331153334,0.25,1.811322463444));
#3549 = CARTESIAN_POINT('',(5.594863505233,0.25,1.843985204743));
#3550 = CARTESIAN_POINT('',(5.61442583525,0.25,1.874998078323));
#3551 = CARTESIAN_POINT('',(5.63678559297,0.25,1.903994630597));
#3552 = CARTESIAN_POINT('',(5.66164927974,0.25,1.930661807849));
#3553 = SURFACE_OF_REVOLUTION('',#3554,#3559);
#3554 = CIRCLE('',#3555,0.485412195974);
#3555 = AXIS2_PLACEMENT_3D('',#3556,#3557,#3558);
#3556 = CARTESIAN_POINT('',(5.699585001486,1.635971673361,1.6));
#3557 = DIRECTION('',(-0.382683432365,0.923879532511,0.));
#3558 = DIRECTION('',(-0.523404384043,-0.216801194476,-0.824041924199));
#3559 = AXIS1_PLACEMENT('',#3560,#3561);
#3560 = CARTESIAN_POINT('',(1.75,0.,0.));
#3561 = DIRECTION('',(0.,0.,-1.));
#3562 = ADVANCED_FACE('',(#3563),#3607,.F.);
#3563 = FACE_BOUND('',#3564,.F.);
#3564 = EDGE_LOOP('',(#3565,#3588,#3589,#3590));
#3565 = ORIENTED_EDGE('',*,*,#3566,.F.);
#3566 = EDGE_CURVE('',#3302,#3567,#3569,.T.);
#3567 = VERTEX_POINT('',#3568);
#3568 = CARTESIAN_POINT('',(5.66164784396,-0.25,1.930661594627));
#3569 = B_SPLINE_CURVE_WITH_KNOTS('',5,(#3570,#3571,#3572,#3573,#3574,
    #3575,#3576,#3577,#3578,#3579,#3580,#3581,#3582,#3583,#3584,#3585,
    #3586,#3587),.UNSPECIFIED.,.F.,.F.,(6,4,4,4,6),(0.,0.251021289371,
    0.500000007474,0.749612641771,1.),.UNSPECIFIED.);
#3570 = CARTESIAN_POINT('',(5.66164927974,-0.25,1.269338192151));
#3571 = CARTESIAN_POINT('',(5.636722643119,-0.25,1.29607288533));
#3572 = CARTESIAN_POINT('',(5.614312628179,-0.25,1.325148766088));
#3573 = CARTESIAN_POINT('',(5.594714973705,-0.25,1.356250392557));
#3574 = CARTESIAN_POINT('',(5.578163842467,-0.25,1.389008383566));
#3575 = CARTESIAN_POINT('',(5.551580763307,-0.25,1.456755110607));
#3576 = CARTESIAN_POINT('',(5.541496541091,-0.25,1.491724339437));
#3577 = CARTESIAN_POINT('',(5.534720492122,-0.25,1.527535018409));
#3578 = CARTESIAN_POINT('',(5.531332532513,-0.25,1.563767732518));
#3579 = CARTESIAN_POINT('',(5.531332533303,-0.25,1.636324527783));
#3580 = CARTESIAN_POINT('',(5.53473776766,-0.25,1.672649497234));
#3581 = CARTESIAN_POINT('',(5.541548367301,-0.25,1.708549195156));
#3582 = CARTESIAN_POINT('',(5.551683595705,-0.25,1.743601004299));
#3583 = CARTESIAN_POINT('',(5.578331153333,-0.25,1.811322463442));
#3584 = CARTESIAN_POINT('',(5.594863505231,-0.25,1.843985204741));
#3585 = CARTESIAN_POINT('',(5.614425835249,-0.25,1.874998078322));
#3586 = CARTESIAN_POINT('',(5.63678559297,-0.25,1.903994630596));
#3587 = CARTESIAN_POINT('',(5.66164927974,-0.25,1.930661807849));
#3588 = ORIENTED_EDGE('',*,*,#3311,.T.);
#3589 = ORIENTED_EDGE('',*,*,#3375,.T.);
#3590 = ORIENTED_EDGE('',*,*,#3591,.F.);
#3591 = EDGE_CURVE('',#3567,#3376,#3592,.T.);
#3592 = B_SPLINE_CURVE_WITH_KNOTS('',5,(#3593,#3594,#3595,#3596,#3597,
    #3598,#3599,#3600,#3601,#3602,#3603,#3604,#3605,#3606),
  .UNSPECIFIED.,.F.,.F.,(6,4,4,6),(-0.191061550688,-2.151857301156E-07,
    3.141592868775,3.332653909447),.UNSPECIFIED.);
#3593 = CARTESIAN_POINT('',(5.298149830458,1.676495078117,1.930661594627
    ));
#3594 = CARTESIAN_POINT('',(5.313066853612,1.640482198454,1.930661594627
    ));
#3595 = CARTESIAN_POINT('',(5.327836965945,1.604823992887,1.930661594627
    ));
#3596 = CARTESIAN_POINT('',(5.342460167458,1.569520461414,1.930661594627
    ));
#3597 = CARTESIAN_POINT('',(5.356936458151,1.534571604036,1.930661594627
    ));
#3598 = CARTESIAN_POINT('',(5.606881697134,0.931150417301,1.930661594627
    ));
#3599 = CARTESIAN_POINT('',(5.73083687571,0.316065314559,1.930661594627)
  );
#3600 = CARTESIAN_POINT('',(5.730837708841,-0.316063339932,
    1.930661594627));
#3601 = CARTESIAN_POINT('',(5.606882149941,-0.931149324128,
    1.930661594627));
#3602 = CARTESIAN_POINT('',(5.356936452725,-1.534571617136,
    1.930661594627));
#3603 = CARTESIAN_POINT('',(5.342460159319,-1.569520481064,
    1.930661594627));
#3604 = CARTESIAN_POINT('',(5.327836957806,-1.604824012537,
    1.930661594627));
#3605 = CARTESIAN_POINT('',(5.313066848185,-1.640482211555,
    1.930661594627));
#3606 = CARTESIAN_POINT('',(5.298149830458,-1.676495078117,
    1.930661594627));
#3607 = SURFACE_OF_REVOLUTION('',#3608,#3613);
#3608 = CIRCLE('',#3609,0.485412195974);
#3609 = AXIS2_PLACEMENT_3D('',#3610,#3611,#3612);
#3610 = CARTESIAN_POINT('',(5.699585001486,1.635971673361,1.6));
#3611 = DIRECTION('',(-0.382683432365,0.923879532511,0.));
#3612 = DIRECTION('',(-0.523404384043,-0.216801194476,-0.824041924199));
#3613 = AXIS1_PLACEMENT('',#3614,#3615);
#3614 = CARTESIAN_POINT('',(1.75,0.,0.));
#3615 = DIRECTION('',(0.,0.,-1.));
#3616 = ADVANCED_FACE('',(#3617),#3684,.T.);
#3617 = FACE_BOUND('',#3618,.T.);
#3618 = EDGE_LOOP('',(#3619,#3632,#3672,#3683));
#3619 = ORIENTED_EDGE('',*,*,#3620,.T.);
#3620 = EDGE_CURVE('',#3376,#3621,#3623,.T.);
#3621 = VERTEX_POINT('',#3622);
#3622 = CARTESIAN_POINT('',(5.445518130045,-1.53073372946,2.135020857149
    ));
#3623 = B_SPLINE_CURVE_WITH_KNOTS('',7,(#3624,#3625,#3626,#3627,#3628,
    #3629,#3630,#3631),.UNSPECIFIED.,.F.,.F.,(8,8),(0.,1.),
  .PIECEWISE_BEZIER_KNOTS.);
#3624 = CARTESIAN_POINT('',(5.371265837206,-1.499977422729,
    1.930661594627));
#3625 = CARTESIAN_POINT('',(5.391013548928,-1.50815719275,1.953633581932
    ));
#3626 = CARTESIAN_POINT('',(5.408623234941,-1.515451363526,
    1.979740006077));
#3627 = CARTESIAN_POINT('',(5.423375057823,-1.521561768633,
    2.008602336337));
#3628 = CARTESIAN_POINT('',(5.434615698131,-1.526217794299,
    2.039539144827));
#3629 = CARTESIAN_POINT('',(5.441980241482,-1.529268288035,
    2.071546103855));
#3630 = CARTESIAN_POINT('',(5.445518129949,-1.53073372942,2.103642632906
    ));
#3631 = CARTESIAN_POINT('',(5.445518130045,-1.53073372946,2.135020857149
    ));
#3632 = ORIENTED_EDGE('',*,*,#3633,.T.);
#3633 = EDGE_CURVE('',#3621,#3634,#3636,.T.);
#3634 = VERTEX_POINT('',#3635);
#3635 = CARTESIAN_POINT('',(5.445518130045,1.53073372946,2.135020857149)
  );
#3636 = B_SPLINE_CURVE_WITH_KNOTS('',12,(#3637,#3638,#3639,#3640,#3641,
    #3642,#3643,#3644,#3645,#3646,#3647,#3648,#3649,#3650,#3651,#3652,
    #3653,#3654,#3655,#3656,#3657,#3658,#3659,#3660,#3661,#3662,#3663,
    #3664,#3665,#3666,#3667,#3668,#3669,#3670,#3671),.UNSPECIFIED.,.F.,
  .F.,(13,11,11,13),(-0.936985026533,-3.845924286221E-16,21.991148575128
    ,22.928133601661),.UNSPECIFIED.);
#3637 = CARTESIAN_POINT('',(5.804086776074,-0.665072441177,
    2.135020857149));
#3638 = CARTESIAN_POINT('',(5.773998981426,-0.737710803076,
    2.135020857149));
#3639 = CARTESIAN_POINT('',(5.743948836624,-0.81025827021,2.135020857149
    ));
#3640 = CARTESIAN_POINT('',(5.713936341665,-0.882714842579,
    2.135020857149));
#3641 = CARTESIAN_POINT('',(5.683961496552,-0.955080520182,
    2.135020857149));
#3642 = CARTESIAN_POINT('',(5.654024301283,-1.02735530302,2.135020857149
    ));
#3643 = CARTESIAN_POINT('',(5.624124755858,-1.099539191093,
    2.135020857149));
#3644 = CARTESIAN_POINT('',(5.594262860278,-1.171632184401,
    2.135020857149));
#3645 = CARTESIAN_POINT('',(5.564438614542,-1.243634282943,
    2.135020857149));
#3646 = CARTESIAN_POINT('',(5.534652018651,-1.31554548672,2.135020857149
    ));
#3647 = CARTESIAN_POINT('',(5.504903072605,-1.387365795732,
    2.135020857149));
#3648 = CARTESIAN_POINT('',(5.475191776403,-1.459095209979,
    2.135020857149));
#3649 = CARTESIAN_POINT('',(4.749074166337,-3.212098192077,
    2.135020857149));
#3650 = CARTESIAN_POINT('',(3.207109308849,-4.573423217124,
    2.135020819929));
#3651 = CARTESIAN_POINT('',(0.98130395111,-5.112736414364,2.135021348355
    ));
#3652 = CARTESIAN_POINT('',(-1.405436362494,-4.411191522452,
    2.135019228757));
#3653 = CARTESIAN_POINT('',(-3.182460530861,-2.660376896178,
    2.13502390922));
#3654 = CARTESIAN_POINT('',(-4.073138705164,4.724665103595E-12,
    2.135017140081));
#3655 = CARTESIAN_POINT('',(-3.18246053086,2.660376896169,2.13502390922)
  );
#3656 = CARTESIAN_POINT('',(-1.405436362495,4.411191522458,
    2.135019228757));
#3657 = CARTESIAN_POINT('',(0.981303951111,5.11273641436,2.135021348355)
  );
#3658 = CARTESIAN_POINT('',(3.207109308849,4.573423217126,2.135020819929
    ));
#3659 = CARTESIAN_POINT('',(4.749074166337,3.212098192077,2.135020857149
    ));
#3660 = CARTESIAN_POINT('',(5.475191776403,1.459095209979,2.135020857149
    ));
#3661 = CARTESIAN_POINT('',(5.504903072605,1.387365795732,2.135020857149
    ));
#3662 = CARTESIAN_POINT('',(5.534652018651,1.315545486721,2.135020857149
    ));
#3663 = CARTESIAN_POINT('',(5.564438614542,1.243634282943,2.135020857149
    ));
#3664 = CARTESIAN_POINT('',(5.594262860278,1.171632184401,2.135020857149
    ));
#3665 = CARTESIAN_POINT('',(5.624124755858,1.099539191093,2.135020857149
    ));
#3666 = CARTESIAN_POINT('',(5.654024301283,1.02735530302,2.135020857149)
  );
#3667 = CARTESIAN_POINT('',(5.683961496552,0.955080520182,2.135020857149
    ));
#3668 = CARTESIAN_POINT('',(5.713936341665,0.882714842579,2.135020857149
    ));
#3669 = CARTESIAN_POINT('',(5.743948836624,0.81025827021,2.135020857149)
  );
#3670 = CARTESIAN_POINT('',(5.773998981426,0.737710803076,2.135020857149
    ));
#3671 = CARTESIAN_POINT('',(5.804086776074,0.665072441177,2.135020857149
    ));
#3672 = ORIENTED_EDGE('',*,*,#3673,.F.);
#3673 = EDGE_CURVE('',#3386,#3634,#3674,.T.);
#3674 = B_SPLINE_CURVE_WITH_KNOTS('',7,(#3675,#3676,#3677,#3678,#3679,
    #3680,#3681,#3682),.UNSPECIFIED.,.F.,.F.,(8,8),(0.,1.),
  .PIECEWISE_BEZIER_KNOTS.);
#3675 = CARTESIAN_POINT('',(5.371265837206,1.499977422729,1.930661594627
    ));
#3676 = CARTESIAN_POINT('',(5.391013548928,1.50815719275,1.953633581932)
  );
#3677 = CARTESIAN_POINT('',(5.408623234941,1.515451363526,1.979740006077
    ));
#3678 = CARTESIAN_POINT('',(5.423375057823,1.521561768634,2.008602336338
    ));
#3679 = CARTESIAN_POINT('',(5.434615698131,1.526217794299,2.039539144827
    ));
#3680 = CARTESIAN_POINT('',(5.441980241482,1.529268288035,2.071546103855
    ));
#3681 = CARTESIAN_POINT('',(5.445518129949,1.53073372942,2.103642632906)
  );
#3682 = CARTESIAN_POINT('',(5.445518130045,1.53073372946,2.135020857149)
  );
#3683 = ORIENTED_EDGE('',*,*,#3394,.F.);
#3684 = ( BOUNDED_SURFACE() B_SPLINE_SURFACE(2,12,(
    (#3685,#3686,#3687,#3688,#3689,#3690,#3691,#3692,#3693,#3694,#3695
      ,#3696,#3697,#3698,#3699,#3700,#3701,#3702,#3703,#3704,#3705,#3706
      ,#3707,#3708,#3709,#3710,#3711,#3712,#3713,#3714,#3715,#3716,#3717
      ,#3718,#3719)
    ,(#3720,#3721,#3722,#3723,#3724,#3725,#3726,#3727,#3728,#3729,#3730
      ,#3731,#3732,#3733,#3734,#3735,#3736,#3737,#3738,#3739,#3740,#3741
      ,#3742,#3743,#3744,#3745,#3746,#3747,#3748,#3749,#3750,#3751,#3752
      ,#3753,#3754)
    ,(#3755,#3756,#3757,#3758,#3759,#3760,#3761,#3762,#3763,#3764,#3765
      ,#3766,#3767,#3768,#3769,#3770,#3771,#3772,#3773,#3774,#3775,#3776
      ,#3777,#3778,#3779,#3780,#3781,#3782,#3783,#3784,#3785,#3786,#3787
      ,#3788,#3789
)),.UNSPECIFIED.,.F.,.F.,.F.) B_SPLINE_SURFACE_WITH_KNOTS((3,3),(13,11,
    11,13),(0.,21.991148575128),(-0.936985026533,-3.845924286221E-16,
    21.991148575128,22.928133601661),.UNSPECIFIED.) 
GEOMETRIC_REPRESENTATION_ITEM() RATIONAL_B_SPLINE_SURFACE((
    (1.,1.,1.,1.,1.,1.,1.,1.,1.,1.,1.,1.,1.,1.,1.,1.,1.,1.,1.,1.,1.,1.
      ,1.,1.,1.,1.,1.,1.,1.,1.,1.,1.,1.,1.,1.)
    ,(0.93061798229,0.93061798229,0.93061798229,0.93061798229
      ,0.93061798229,0.93061798229,0.93061798229,0.93061798229
      ,0.93061798229,0.93061798229,0.93061798229,0.93061798229
      ,0.93061798229,0.930618018937,0.930617498634,0.930619585653
      ,0.930614977126,0.93062164223,0.930614977126,0.930619585654
      ,0.930617498634,0.930618018937,0.93061798229,0.93061798229
      ,0.93061798229,0.93061798229,0.93061798229,0.93061798229
      ,0.93061798229,0.93061798229,0.93061798229,0.93061798229
      ,0.93061798229,0.93061798229,0.93061798229)
    ,(1.,1.,1.,1.,1.,1.,1.,1.,1.,1.,1.,1.,1.,1.,1.,1.,1.,1.,1.,1.,1.,1.
,1.,1.,1.,1.,1.,1.,1.,1.,1.,1.,1.,1.,1.
))) REPRESENTATION_ITEM('') SURFACE() );
#3685 = CARTESIAN_POINT('',(5.729834483234,-0.634316134445,
    1.930661594627));
#3686 = CARTESIAN_POINT('',(5.699150470086,-0.708393895135,
    1.930661594627));
#3687 = CARTESIAN_POINT('',(5.668612510146,-0.782119052189,
    1.930661594627));
#3688 = CARTESIAN_POINT('',(5.638220603415,-0.855491605606,
    1.930661594627));
#3689 = CARTESIAN_POINT('',(5.607974749892,-0.928511555387,
    1.930661594627));
#3690 = CARTESIAN_POINT('',(5.577874949577,-1.001178901532,
    1.930661594627));
#3691 = CARTESIAN_POINT('',(5.547921202471,-1.07349364404,1.930661594627
    ));
#3692 = CARTESIAN_POINT('',(5.518113508572,-1.145455782912,
    1.930661594627));
#3693 = CARTESIAN_POINT('',(5.488451867882,-1.217065318148,
    1.930661594627));
#3694 = CARTESIAN_POINT('',(5.458936280401,-1.288322249748,
    1.930661594627));
#3695 = CARTESIAN_POINT('',(5.429566746127,-1.359226577711,
    1.930661594627));
#3696 = CARTESIAN_POINT('',(5.400343265062,-1.429778302038,
    1.930661594627));
#3697 = CARTESIAN_POINT('',(4.688815191706,-3.147559026744,
    1.930661594627));
#3698 = CARTESIAN_POINT('',(3.177778655227,-4.481722499633,
    1.930661601391));
#3699 = CARTESIAN_POINT('',(0.996354239583,-5.009719374378,
    1.930661505354));
#3700 = CARTESIAN_POINT('',(-1.34107255061,-4.322549719933,
    1.930661890578));
#3701 = CARTESIAN_POINT('',(-3.084262379218,-2.607273302659,
    1.93066103993));
#3702 = CARTESIAN_POINT('',(-3.955418536063,3.4940939031E-12,
    1.930662270184));
#3703 = CARTESIAN_POINT('',(-3.084262379217,2.607273302653,1.93066103993
    ));
#3704 = CARTESIAN_POINT('',(-1.341072550611,4.322549719938,
    1.930661890578));
#3705 = CARTESIAN_POINT('',(0.996354239584,5.009719374376,1.930661505354
    ));
#3706 = CARTESIAN_POINT('',(3.177778655227,4.481722499634,1.930661601391
    ));
#3707 = CARTESIAN_POINT('',(4.688815191706,3.147559026743,1.930661594627
    ));
#3708 = CARTESIAN_POINT('',(5.400343265062,1.429778302038,1.930661594627
    ));
#3709 = CARTESIAN_POINT('',(5.429566746127,1.359226577711,1.930661594627
    ));
#3710 = CARTESIAN_POINT('',(5.458936280401,1.288322249748,1.930661594627
    ));
#3711 = CARTESIAN_POINT('',(5.488451867882,1.217065318148,1.930661594627
    ));
#3712 = CARTESIAN_POINT('',(5.518113508572,1.145455782912,1.930661594627
    ));
#3713 = CARTESIAN_POINT('',(5.54792120247,1.07349364404,1.930661594627)
  );
#3714 = CARTESIAN_POINT('',(5.577874949577,1.001178901532,1.930661594627
    ));
#3715 = CARTESIAN_POINT('',(5.607974749892,0.928511555387,1.930661594627
    ));
#3716 = CARTESIAN_POINT('',(5.638220603415,0.855491605606,1.930661594627
    ));
#3717 = CARTESIAN_POINT('',(5.668612510146,0.782119052189,1.930661594627
    ));
#3718 = CARTESIAN_POINT('',(5.699150470086,0.708393895135,1.930661594627
    ));
#3719 = CARTESIAN_POINT('',(5.729834483234,0.634316134445,1.930661594627
    ));
#3720 = CARTESIAN_POINT('',(5.804086776074,-0.665072441177,
    2.017037309501));
#3721 = CARTESIAN_POINT('',(5.773998981427,-0.737710803076,
    2.017037309501));
#3722 = CARTESIAN_POINT('',(5.743948836624,-0.81025827021,2.017037309501
    ));
#3723 = CARTESIAN_POINT('',(5.713936341666,-0.882714842579,
    2.017037309501));
#3724 = CARTESIAN_POINT('',(5.683961496552,-0.955080520182,
    2.017037309501));
#3725 = CARTESIAN_POINT('',(5.654024301283,-1.02735530302,2.017037309501
    ));
#3726 = CARTESIAN_POINT('',(5.624124755858,-1.099539191093,
    2.017037309501));
#3727 = CARTESIAN_POINT('',(5.594262860278,-1.171632184401,
    2.017037309501));
#3728 = CARTESIAN_POINT('',(5.564438614542,-1.243634282943,
    2.017037309501));
#3729 = CARTESIAN_POINT('',(5.534652018651,-1.31554548672,2.017037309501
    ));
#3730 = CARTESIAN_POINT('',(5.504903072605,-1.387365795732,
    2.017037309501));
#3731 = CARTESIAN_POINT('',(5.475191776403,-1.459095209979,
    2.017037309501));
#3732 = CARTESIAN_POINT('',(4.749074166337,-3.212098192077,
    2.017037309501));
#3733 = CARTESIAN_POINT('',(3.207109093586,-4.573422979265,
    2.017037306967));
#3734 = CARTESIAN_POINT('',(0.981303872118,-5.11273867208,2.017037342939
    ));
#3735 = CARTESIAN_POINT('',(-1.405431412494,-4.411185089144,
    2.017037198649));
#3736 = CARTESIAN_POINT('',(-3.182475699114,-2.660384277882,
    2.01703751727));
#3737 = CARTESIAN_POINT('',(-4.073116699977,1.09734443754E-12,
    2.017037056463));
#3738 = CARTESIAN_POINT('',(-3.182475699115,2.66038427788,2.01703751727)
  );
#3739 = CARTESIAN_POINT('',(-1.405431412495,4.411185089145,
    2.017037198649));
#3740 = CARTESIAN_POINT('',(0.981303872119,5.11273867208,2.017037342939)
  );
#3741 = CARTESIAN_POINT('',(3.207109093586,4.573422979265,2.017037306967
    ));
#3742 = CARTESIAN_POINT('',(4.749074166337,3.212098192077,2.017037309501
    ));
#3743 = CARTESIAN_POINT('',(5.475191776403,1.459095209979,2.017037309501
    ));
#3744 = CARTESIAN_POINT('',(5.504903072605,1.387365795732,2.017037309501
    ));
#3745 = CARTESIAN_POINT('',(5.534652018651,1.315545486721,2.017037309501
    ));
#3746 = CARTESIAN_POINT('',(5.564438614542,1.243634282943,2.017037309501
    ));
#3747 = CARTESIAN_POINT('',(5.594262860278,1.171632184401,2.017037309501
    ));
#3748 = CARTESIAN_POINT('',(5.624124755858,1.099539191093,2.017037309501
    ));
#3749 = CARTESIAN_POINT('',(5.654024301283,1.02735530302,2.017037309501)
  );
#3750 = CARTESIAN_POINT('',(5.683961496552,0.955080520182,2.017037309501
    ));
#3751 = CARTESIAN_POINT('',(5.713936341666,0.882714842579,2.017037309501
    ));
#3752 = CARTESIAN_POINT('',(5.743948836624,0.81025827021,2.017037309501)
  );
#3753 = CARTESIAN_POINT('',(5.773998981427,0.737710803076,2.017037309501
    ));
#3754 = CARTESIAN_POINT('',(5.804086776074,0.665072441177,2.017037309501
    ));
#3755 = CARTESIAN_POINT('',(5.804086776074,-0.665072441177,
    2.135020857149));
#3756 = CARTESIAN_POINT('',(5.773998981426,-0.737710803076,
    2.135020857149));
#3757 = CARTESIAN_POINT('',(5.743948836624,-0.81025827021,2.135020857149
    ));
#3758 = CARTESIAN_POINT('',(5.713936341665,-0.882714842579,
    2.135020857149));
#3759 = CARTESIAN_POINT('',(5.683961496552,-0.955080520182,
    2.135020857149));
#3760 = CARTESIAN_POINT('',(5.654024301283,-1.02735530302,2.135020857149
    ));
#3761 = CARTESIAN_POINT('',(5.624124755858,-1.099539191093,
    2.135020857149));
#3762 = CARTESIAN_POINT('',(5.594262860278,-1.171632184401,
    2.135020857149));
#3763 = CARTESIAN_POINT('',(5.564438614542,-1.243634282943,
    2.135020857149));
#3764 = CARTESIAN_POINT('',(5.534652018651,-1.31554548672,2.135020857149
    ));
#3765 = CARTESIAN_POINT('',(5.504903072605,-1.387365795732,
    2.135020857149));
#3766 = CARTESIAN_POINT('',(5.475191776403,-1.459095209979,
    2.135020857149));
#3767 = CARTESIAN_POINT('',(4.749074166337,-3.212098192077,
    2.135020857149));
#3768 = CARTESIAN_POINT('',(3.207109308849,-4.573423217124,
    2.135020819929));
#3769 = CARTESIAN_POINT('',(0.98130395111,-5.112736414364,2.135021348355
    ));
#3770 = CARTESIAN_POINT('',(-1.405436362494,-4.411191522452,
    2.135019228757));
#3771 = CARTESIAN_POINT('',(-3.182460530861,-2.660376896178,
    2.13502390922));
#3772 = CARTESIAN_POINT('',(-4.073138705164,4.724665103595E-12,
    2.135017140081));
#3773 = CARTESIAN_POINT('',(-3.18246053086,2.660376896169,2.13502390922)
  );
#3774 = CARTESIAN_POINT('',(-1.405436362495,4.411191522458,
    2.135019228757));
#3775 = CARTESIAN_POINT('',(0.981303951111,5.11273641436,2.135021348355)
  );
#3776 = CARTESIAN_POINT('',(3.207109308849,4.573423217126,2.135020819929
    ));
#3777 = CARTESIAN_POINT('',(4.749074166337,3.212098192077,2.135020857149
    ));
#3778 = CARTESIAN_POINT('',(5.475191776403,1.459095209979,2.135020857149
    ));
#3779 = CARTESIAN_POINT('',(5.504903072605,1.387365795732,2.135020857149
    ));
#3780 = CARTESIAN_POINT('',(5.534652018651,1.315545486721,2.135020857149
    ));
#3781 = CARTESIAN_POINT('',(5.564438614542,1.243634282943,2.135020857149
    ));
#3782 = CARTESIAN_POINT('',(5.594262860278,1.171632184401,2.135020857149
    ));
#3783 = CARTESIAN_POINT('',(5.624124755858,1.099539191093,2.135020857149
    ));
#3784 = CARTESIAN_POINT('',(5.654024301283,1.02735530302,2.135020857149)
  );
#3785 = CARTESIAN_POINT('',(5.683961496552,0.955080520182,2.135020857149
    ));
#3786 = CARTESIAN_POINT('',(5.713936341665,0.882714842579,2.135020857149
    ));
#3787 = CARTESIAN_POINT('',(5.743948836624,0.81025827021,2.135020857149)
  );
#3788 = CARTESIAN_POINT('',(5.773998981426,0.737710803076,2.135020857149
    ));
#3789 = CARTESIAN_POINT('',(5.804086776074,0.665072441177,2.135020857149
    ));
#3790 = ADVANCED_FACE('',(#3791),#3813,.F.);
#3791 = FACE_BOUND('',#3792,.F.);
#3792 = EDGE_LOOP('',(#3793,#3794,#3795,#3796));
#3793 = ORIENTED_EDGE('',*,*,#3533,.F.);
#3794 = ORIENTED_EDGE('',*,*,#3447,.T.);
#3795 = ORIENTED_EDGE('',*,*,#3566,.T.);
#3796 = ORIENTED_EDGE('',*,*,#3797,.F.);
#3797 = EDGE_CURVE('',#3513,#3567,#3798,.T.);
#3798 = B_SPLINE_CURVE_WITH_KNOTS('',5,(#3799,#3800,#3801,#3802,#3803,
    #3804,#3805,#3806,#3807,#3808,#3809,#3810,#3811,#3812),
  .UNSPECIFIED.,.F.,.F.,(6,4,4,6),(-0.191061550688,-2.151857301156E-07,
    3.141592868775,3.332653909447),.UNSPECIFIED.);
#3799 = CARTESIAN_POINT('',(5.298149830458,1.676495078117,1.930661594627
    ));
#3800 = CARTESIAN_POINT('',(5.313066853612,1.640482198454,1.930661594627
    ));
#3801 = CARTESIAN_POINT('',(5.327836965945,1.604823992887,1.930661594627
    ));
#3802 = CARTESIAN_POINT('',(5.342460167458,1.569520461414,1.930661594627
    ));
#3803 = CARTESIAN_POINT('',(5.356936458151,1.534571604036,1.930661594627
    ));
#3804 = CARTESIAN_POINT('',(5.606881697134,0.931150417301,1.930661594627
    ));
#3805 = CARTESIAN_POINT('',(5.73083687571,0.316065314559,1.930661594627)
  );
#3806 = CARTESIAN_POINT('',(5.730837708841,-0.316063339932,
    1.930661594627));
#3807 = CARTESIAN_POINT('',(5.606882149941,-0.931149324128,
    1.930661594627));
#3808 = CARTESIAN_POINT('',(5.356936452725,-1.534571617136,
    1.930661594627));
#3809 = CARTESIAN_POINT('',(5.342460159319,-1.569520481064,
    1.930661594627));
#3810 = CARTESIAN_POINT('',(5.327836957806,-1.604824012537,
    1.930661594627));
#3811 = CARTESIAN_POINT('',(5.313066848185,-1.640482211555,
    1.930661594627));
#3812 = CARTESIAN_POINT('',(5.298149830458,-1.676495078117,
    1.930661594627));
#3813 = SURFACE_OF_REVOLUTION('',#3814,#3819);
#3814 = CIRCLE('',#3815,0.485412195974);
#3815 = AXIS2_PLACEMENT_3D('',#3816,#3817,#3818);
#3816 = CARTESIAN_POINT('',(5.699585001486,1.635971673361,1.6));
#3817 = DIRECTION('',(-0.382683432365,0.923879532511,0.));
#3818 = DIRECTION('',(-0.523404384043,-0.216801194476,-0.824041924199));
#3819 = AXIS1_PLACEMENT('',#3820,#3821);
#3820 = CARTESIAN_POINT('',(1.75,0.,0.));
#3821 = DIRECTION('',(0.,0.,-1.));
#3822 = ADVANCED_FACE('',(#3823),#3859,.T.);
#3823 = FACE_BOUND('',#3824,.T.);
#3824 = EDGE_LOOP('',(#3825,#3826,#3827,#3846));
#3825 = ORIENTED_EDGE('',*,*,#3512,.F.);
#3826 = ORIENTED_EDGE('',*,*,#3673,.T.);
#3827 = ORIENTED_EDGE('',*,*,#3828,.T.);
#3828 = EDGE_CURVE('',#3634,#3829,#3831,.T.);
#3829 = VERTEX_POINT('',#3830);
#3830 = CARTESIAN_POINT('',(5.742178521572,0.25,2.135020857149));
#3831 = B_SPLINE_CURVE_WITH_KNOTS('',5,(#3832,#3833,#3834,#3835,#3836,
    #3837,#3838,#3839,#3840,#3841,#3842,#3843,#3844,#3845),
  .UNSPECIFIED.,.F.,.F.,(6,4,4,6),(-0.191061550688,-2.151857301156E-07,
    3.141592868775,3.332653909447),.UNSPECIFIED.);
#3832 = CARTESIAN_POINT('',(5.372402121451,1.707251388763,2.135020857149
    ));
#3833 = CARTESIAN_POINT('',(5.387025327433,1.67194784661,2.135020857149)
  );
#3834 = CARTESIAN_POINT('',(5.4016485312,1.636644309805,2.135020857149)
  );
#3835 = CARTESIAN_POINT('',(5.416271732752,1.601340778348,2.135020857149
    ));
#3836 = CARTESIAN_POINT('',(5.430894932088,1.566037252239,2.135020857149
    ));
#3837 = CARTESIAN_POINT('',(5.68596518157,0.950243197532,2.135020857149)
  );
#3838 = CARTESIAN_POINT('',(5.812461993741,0.322546011727,2.135020857149
    ));
#3839 = CARTESIAN_POINT('',(5.812462866109,-0.322543928823,
    2.135020857149));
#3840 = CARTESIAN_POINT('',(5.685965625459,-0.950242125891,
    2.135020857149));
#3841 = CARTESIAN_POINT('',(5.430894927658,-1.566037262935,
    2.135020857149));
#3842 = CARTESIAN_POINT('',(5.416271726106,-1.601340794392,
    2.135020857149));
#3843 = CARTESIAN_POINT('',(5.401648524554,-1.636644325849,
    2.135020857149));
#3844 = CARTESIAN_POINT('',(5.387025323003,-1.671947857306,
    2.135020857149));
#3845 = CARTESIAN_POINT('',(5.372402121451,-1.707251388763,
    2.135020857149));
#3846 = ORIENTED_EDGE('',*,*,#3847,.T.);
#3847 = EDGE_CURVE('',#3829,#3513,#3848,.T.);
#3848 = B_SPLINE_CURVE_WITH_KNOTS('',5,(#3849,#3850,#3851,#3852,#3853,
    #3854,#3855,#3856,#3857,#3858),.UNSPECIFIED.,.F.,.F.,(6,4,6),(0.,
    0.49462069671,1.),.UNSPECIFIED.);
#3849 = CARTESIAN_POINT('',(5.742178521572,0.25,2.135020857149));
#3850 = CARTESIAN_POINT('',(5.742178521064,0.25,2.113263290428));
#3851 = CARTESIAN_POINT('',(5.740202688552,0.25,2.091156449361));
#3852 = CARTESIAN_POINT('',(5.736120993003,0.25,2.069038494468));
#3853 = CARTESIAN_POINT('',(5.729928949313,0.25,2.047319560113));
#3854 = CARTESIAN_POINT('',(5.713430130748,0.25,2.00494495147));
#3855 = CARTESIAN_POINT('',(5.703036672189,0.25,1.984322275853));
#3856 = CARTESIAN_POINT('',(5.690733455344,0.25,1.964879049601));
#3857 = CARTESIAN_POINT('',(5.676821254378,0.25,1.946935690689));
#3858 = CARTESIAN_POINT('',(5.661647793677,0.25,1.930661594627));
#3859 = ( BOUNDED_SURFACE() B_SPLINE_SURFACE(2,5,(
    (#3860,#3861,#3862,#3863,#3864,#3865,#3866,#3867,#3868,#3869,#3870
      ,#3871,#3872,#3873)
    ,(#3874,#3875,#3876,#3877,#3878,#3879,#3880,#3881,#3882,#3883,#3884
      ,#3885,#3886,#3887)
    ,(#3888,#3889,#3890,#3891,#3892,#3893,#3894,#3895,#3896,#3897,#3898
      ,#3899,#3900,#3901
)),.UNSPECIFIED.,.F.,.F.,.F.) B_SPLINE_SURFACE_WITH_KNOTS((3,3),(6,4,4,6
    ),(0.,3.141593083961),(-0.191061550688,-2.151857301156E-07,
    3.141592868775,3.332653909447),.UNSPECIFIED.) 
GEOMETRIC_REPRESENTATION_ITEM() RATIONAL_B_SPLINE_SURFACE((
    (1.,1.,1.,1.,1.,1.,1.,1.,1.,1.,1.,1.,1.,1.)
    ,(0.93061798229,0.93061798229,0.93061798229,0.93061798229
      ,0.93061798229,0.93061798229,0.93061798229,0.93061798229
      ,0.93061798229,0.93061798229,0.93061798229,0.93061798229
      ,0.93061798229,0.93061798229)
,(1.,1.,1.,1.,1.,1.,1.,1.,1.,1.,1.,1.,1.,1.
))) REPRESENTATION_ITEM('') SURFACE() );
#3860 = CARTESIAN_POINT('',(5.298149830458,1.676495078117,1.930661594627
    ));
#3861 = CARTESIAN_POINT('',(5.313066853612,1.640482198454,1.930661594627
    ));
#3862 = CARTESIAN_POINT('',(5.327836965945,1.604823992887,1.930661594627
    ));
#3863 = CARTESIAN_POINT('',(5.342460167458,1.569520461414,1.930661594627
    ));
#3864 = CARTESIAN_POINT('',(5.356936458151,1.534571604036,1.930661594627
    ));
#3865 = CARTESIAN_POINT('',(5.606881697134,0.931150417301,1.930661594627
    ));
#3866 = CARTESIAN_POINT('',(5.73083687571,0.316065314559,1.930661594627)
  );
#3867 = CARTESIAN_POINT('',(5.730837708841,-0.316063339932,
    1.930661594627));
#3868 = CARTESIAN_POINT('',(5.606882149941,-0.931149324128,
    1.930661594627));
#3869 = CARTESIAN_POINT('',(5.356936452725,-1.534571617136,
    1.930661594627));
#3870 = CARTESIAN_POINT('',(5.342460159319,-1.569520481064,
    1.930661594627));
#3871 = CARTESIAN_POINT('',(5.327836957806,-1.604824012537,
    1.930661594627));
#3872 = CARTESIAN_POINT('',(5.313066848185,-1.640482211555,
    1.930661594627));
#3873 = CARTESIAN_POINT('',(5.298149830458,-1.676495078117,
    1.930661594627));
#3874 = CARTESIAN_POINT('',(5.372402121451,1.707251388763,2.017037309501
    ));
#3875 = CARTESIAN_POINT('',(5.387025327433,1.67194784661,2.017037309501)
  );
#3876 = CARTESIAN_POINT('',(5.4016485312,1.636644309805,2.017037309501)
  );
#3877 = CARTESIAN_POINT('',(5.416271732752,1.601340778348,2.017037309501
    ));
#3878 = CARTESIAN_POINT('',(5.430894932088,1.566037252239,2.017037309501
    ));
#3879 = CARTESIAN_POINT('',(5.68596518157,0.950243197532,2.017037309501)
  );
#3880 = CARTESIAN_POINT('',(5.812461993741,0.322546011727,2.017037309501
    ));
#3881 = CARTESIAN_POINT('',(5.812462866109,-0.322543928823,
    2.017037309501));
#3882 = CARTESIAN_POINT('',(5.685965625459,-0.950242125891,
    2.017037309501));
#3883 = CARTESIAN_POINT('',(5.430894927658,-1.566037262935,
    2.017037309501));
#3884 = CARTESIAN_POINT('',(5.416271726106,-1.601340794392,
    2.017037309501));
#3885 = CARTESIAN_POINT('',(5.401648524554,-1.636644325849,
    2.017037309501));
#3886 = CARTESIAN_POINT('',(5.387025323003,-1.671947857306,
    2.017037309501));
#3887 = CARTESIAN_POINT('',(5.372402121451,-1.707251388763,
    2.017037309501));
#3888 = CARTESIAN_POINT('',(5.372402121451,1.707251388763,2.135020857149
    ));
#3889 = CARTESIAN_POINT('',(5.387025327433,1.67194784661,2.135020857149)
  );
#3890 = CARTESIAN_POINT('',(5.4016485312,1.636644309805,2.135020857149)
  );
#3891 = CARTESIAN_POINT('',(5.416271732752,1.601340778348,2.135020857149
    ));
#3892 = CARTESIAN_POINT('',(5.430894932088,1.566037252239,2.135020857149
    ));
#3893 = CARTESIAN_POINT('',(5.68596518157,0.950243197532,2.135020857149)
  );
#3894 = CARTESIAN_POINT('',(5.812461993741,0.322546011727,2.135020857149
    ));
#3895 = CARTESIAN_POINT('',(5.812462866109,-0.322543928823,
    2.135020857149));
#3896 = CARTESIAN_POINT('',(5.685965625459,-0.950242125891,
    2.135020857149));
#3897 = CARTESIAN_POINT('',(5.430894927658,-1.566037262935,
    2.135020857149));
#3898 = CARTESIAN_POINT('',(5.416271726106,-1.601340794392,
    2.135020857149));
#3899 = CARTESIAN_POINT('',(5.401648524554,-1.636644325849,
    2.135020857149));
#3900 = CARTESIAN_POINT('',(5.387025323003,-1.671947857306,
    2.135020857149));
#3901 = CARTESIAN_POINT('',(5.372402121451,-1.707251388763,
    2.135020857149));
#3902 = ADVANCED_FACE('',(#3903),#3939,.T.);
#3903 = FACE_BOUND('',#3904,.T.);
#3904 = EDGE_LOOP('',(#3905,#3906,#3921,#3938));
#3905 = ORIENTED_EDGE('',*,*,#3591,.F.);
#3906 = ORIENTED_EDGE('',*,*,#3907,.F.);
#3907 = EDGE_CURVE('',#3908,#3567,#3910,.T.);
#3908 = VERTEX_POINT('',#3909);
#3909 = CARTESIAN_POINT('',(5.742178569768,-0.25,2.135020857149));
#3910 = B_SPLINE_CURVE_WITH_KNOTS('',5,(#3911,#3912,#3913,#3914,#3915,
    #3916,#3917,#3918,#3919,#3920),.UNSPECIFIED.,.F.,.F.,(6,4,6),(0.,
    0.494620696847,1.),.UNSPECIFIED.);
#3911 = CARTESIAN_POINT('',(5.742178569768,-0.25,2.135020857149));
#3912 = CARTESIAN_POINT('',(5.74217856926,-0.25,2.113263290429));
#3913 = CARTESIAN_POINT('',(5.740202736799,-0.25,2.091156449362));
#3914 = CARTESIAN_POINT('',(5.736121041353,-0.25,2.069038494469));
#3915 = CARTESIAN_POINT('',(5.729928997822,-0.25,2.047319560112));
#3916 = CARTESIAN_POINT('',(5.71343017968,-0.25,2.004944951472));
#3917 = CARTESIAN_POINT('',(5.703036721393,-0.25,1.984322275859));
#3918 = CARTESIAN_POINT('',(5.690733504868,-0.25,1.964879049608));
#3919 = CARTESIAN_POINT('',(5.676821304265,-0.25,1.946935690693));
#3920 = CARTESIAN_POINT('',(5.66164784396,-0.25,1.930661594627));
#3921 = ORIENTED_EDGE('',*,*,#3922,.T.);
#3922 = EDGE_CURVE('',#3908,#3621,#3923,.T.);
#3923 = B_SPLINE_CURVE_WITH_KNOTS('',5,(#3924,#3925,#3926,#3927,#3928,
    #3929,#3930,#3931,#3932,#3933,#3934,#3935,#3936,#3937),
  .UNSPECIFIED.,.F.,.F.,(6,4,4,6),(-0.191061550688,-2.151857301156E-07,
    3.141592868775,3.332653909447),.UNSPECIFIED.);
#3924 = CARTESIAN_POINT('',(5.372402121451,1.707251388763,2.135020857149
    ));
#3925 = CARTESIAN_POINT('',(5.387025327433,1.67194784661,2.135020857149)
  );
#3926 = CARTESIAN_POINT('',(5.4016485312,1.636644309805,2.135020857149)
  );
#3927 = CARTESIAN_POINT('',(5.416271732752,1.601340778348,2.135020857149
    ));
#3928 = CARTESIAN_POINT('',(5.430894932088,1.566037252239,2.135020857149
    ));
#3929 = CARTESIAN_POINT('',(5.68596518157,0.950243197532,2.135020857149)
  );
#3930 = CARTESIAN_POINT('',(5.812461993741,0.322546011727,2.135020857149
    ));
#3931 = CARTESIAN_POINT('',(5.812462866109,-0.322543928823,
    2.135020857149));
#3932 = CARTESIAN_POINT('',(5.685965625459,-0.950242125891,
    2.135020857149));
#3933 = CARTESIAN_POINT('',(5.430894927658,-1.566037262935,
    2.135020857149));
#3934 = CARTESIAN_POINT('',(5.416271726106,-1.601340794392,
    2.135020857149));
#3935 = CARTESIAN_POINT('',(5.401648524554,-1.636644325849,
    2.135020857149));
#3936 = CARTESIAN_POINT('',(5.387025323003,-1.671947857306,
    2.135020857149));
#3937 = CARTESIAN_POINT('',(5.372402121451,-1.707251388763,
    2.135020857149));
#3938 = ORIENTED_EDGE('',*,*,#3620,.F.);
#3939 = ( BOUNDED_SURFACE() B_SPLINE_SURFACE(2,5,(
    (#3940,#3941,#3942,#3943,#3944,#3945,#3946,#3947,#3948,#3949,#3950
      ,#3951,#3952,#3953)
    ,(#3954,#3955,#3956,#3957,#3958,#3959,#3960,#3961,#3962,#3963,#3964
      ,#3965,#3966,#3967)
    ,(#3968,#3969,#3970,#3971,#3972,#3973,#3974,#3975,#3976,#3977,#3978
      ,#3979,#3980,#3981
)),.UNSPECIFIED.,.F.,.F.,.F.) B_SPLINE_SURFACE_WITH_KNOTS((3,3),(6,4,4,6
    ),(0.,3.141593083961),(-0.191061550688,-2.151857301156E-07,
    3.141592868775,3.332653909447),.UNSPECIFIED.) 
GEOMETRIC_REPRESENTATION_ITEM() RATIONAL_B_SPLINE_SURFACE((
    (1.,1.,1.,1.,1.,1.,1.,1.,1.,1.,1.,1.,1.,1.)
    ,(0.93061798229,0.93061798229,0.93061798229,0.93061798229
      ,0.93061798229,0.93061798229,0.93061798229,0.93061798229
      ,0.93061798229,0.93061798229,0.93061798229,0.93061798229
      ,0.93061798229,0.93061798229)
,(1.,1.,1.,1.,1.,1.,1.,1.,1.,1.,1.,1.,1.,1.
))) REPRESENTATION_ITEM('') SURFACE() );
#3940 = CARTESIAN_POINT('',(5.298149830458,1.676495078117,1.930661594627
    ));
#3941 = CARTESIAN_POINT('',(5.313066853612,1.640482198454,1.930661594627
    ));
#3942 = CARTESIAN_POINT('',(5.327836965945,1.604823992887,1.930661594627
    ));
#3943 = CARTESIAN_POINT('',(5.342460167458,1.569520461414,1.930661594627
    ));
#3944 = CARTESIAN_POINT('',(5.356936458151,1.534571604036,1.930661594627
    ));
#3945 = CARTESIAN_POINT('',(5.606881697134,0.931150417301,1.930661594627
    ));
#3946 = CARTESIAN_POINT('',(5.73083687571,0.316065314559,1.930661594627)
  );
#3947 = CARTESIAN_POINT('',(5.730837708841,-0.316063339932,
    1.930661594627));
#3948 = CARTESIAN_POINT('',(5.606882149941,-0.931149324128,
    1.930661594627));
#3949 = CARTESIAN_POINT('',(5.356936452725,-1.534571617136,
    1.930661594627));
#3950 = CARTESIAN_POINT('',(5.342460159319,-1.569520481064,
    1.930661594627));
#3951 = CARTESIAN_POINT('',(5.327836957806,-1.604824012537,
    1.930661594627));
#3952 = CARTESIAN_POINT('',(5.313066848185,-1.640482211555,
    1.930661594627));
#3953 = CARTESIAN_POINT('',(5.298149830458,-1.676495078117,
    1.930661594627));
#3954 = CARTESIAN_POINT('',(5.372402121451,1.707251388763,2.017037309501
    ));
#3955 = CARTESIAN_POINT('',(5.387025327433,1.67194784661,2.017037309501)
  );
#3956 = CARTESIAN_POINT('',(5.4016485312,1.636644309805,2.017037309501)
  );
#3957 = CARTESIAN_POINT('',(5.416271732752,1.601340778348,2.017037309501
    ));
#3958 = CARTESIAN_POINT('',(5.430894932088,1.566037252239,2.017037309501
    ));
#3959 = CARTESIAN_POINT('',(5.68596518157,0.950243197532,2.017037309501)
  );
#3960 = CARTESIAN_POINT('',(5.812461993741,0.322546011727,2.017037309501
    ));
#3961 = CARTESIAN_POINT('',(5.812462866109,-0.322543928823,
    2.017037309501));
#3962 = CARTESIAN_POINT('',(5.685965625459,-0.950242125891,
    2.017037309501));
#3963 = CARTESIAN_POINT('',(5.430894927658,-1.566037262935,
    2.017037309501));
#3964 = CARTESIAN_POINT('',(5.416271726106,-1.601340794392,
    2.017037309501));
#3965 = CARTESIAN_POINT('',(5.401648524554,-1.636644325849,
    2.017037309501));
#3966 = CARTESIAN_POINT('',(5.387025323003,-1.671947857306,
    2.017037309501));
#3967 = CARTESIAN_POINT('',(5.372402121451,-1.707251388763,
    2.017037309501));
#3968 = CARTESIAN_POINT('',(5.372402121451,1.707251388763,2.135020857149
    ));
#3969 = CARTESIAN_POINT('',(5.387025327433,1.67194784661,2.135020857149)
  );
#3970 = CARTESIAN_POINT('',(5.4016485312,1.636644309805,2.135020857149)
  );
#3971 = CARTESIAN_POINT('',(5.416271732752,1.601340778348,2.135020857149
    ));
#3972 = CARTESIAN_POINT('',(5.430894932088,1.566037252239,2.135020857149
    ));
#3973 = CARTESIAN_POINT('',(5.68596518157,0.950243197532,2.135020857149)
  );
#3974 = CARTESIAN_POINT('',(5.812461993741,0.322546011727,2.135020857149
    ));
#3975 = CARTESIAN_POINT('',(5.812462866109,-0.322543928823,
    2.135020857149));
#3976 = CARTESIAN_POINT('',(5.685965625459,-0.950242125891,
    2.135020857149));
#3977 = CARTESIAN_POINT('',(5.430894927658,-1.566037262935,
    2.135020857149));
#3978 = CARTESIAN_POINT('',(5.416271726106,-1.601340794392,
    2.135020857149));
#3979 = CARTESIAN_POINT('',(5.401648524554,-1.636644325849,
    2.135020857149));
#3980 = CARTESIAN_POINT('',(5.387025323003,-1.671947857306,
    2.135020857149));
#3981 = CARTESIAN_POINT('',(5.372402121451,-1.707251388763,
    2.135020857149));
#3982 = ADVANCED_FACE('',(#3983),#4009,.T.);
#3983 = FACE_BOUND('',#3984,.T.);
#3984 = EDGE_LOOP('',(#3985,#3996,#4002,#4003));
#3985 = ORIENTED_EDGE('',*,*,#3986,.T.);
#3986 = EDGE_CURVE('',#3987,#3989,#3991,.T.);
#3987 = VERTEX_POINT('',#3988);
#3988 = CARTESIAN_POINT('',(5.445518130045,-1.53073372946,7.8));
#3989 = VERTEX_POINT('',#3990);
#3990 = CARTESIAN_POINT('',(5.445518130045,1.53073372946,7.8));
#3991 = CIRCLE('',#3992,4.);
#3992 = AXIS2_PLACEMENT_3D('',#3993,#3994,#3995);
#3993 = CARTESIAN_POINT('',(1.75,0.,7.8));
#3994 = DIRECTION('',(0.,-0.,-1.));
#3995 = DIRECTION('',(0.923879532511,-0.382683432365,0.));
#3996 = ORIENTED_EDGE('',*,*,#3997,.F.);
#3997 = EDGE_CURVE('',#3634,#3989,#3998,.T.);
#3998 = LINE('',#3999,#4000);
#3999 = CARTESIAN_POINT('',(5.445518130045,1.53073372946,2.));
#4000 = VECTOR('',#4001,1.);
#4001 = DIRECTION('',(0.,0.,1.));
#4002 = ORIENTED_EDGE('',*,*,#3633,.F.);
#4003 = ORIENTED_EDGE('',*,*,#4004,.T.);
#4004 = EDGE_CURVE('',#3621,#3987,#4005,.T.);
#4005 = LINE('',#4006,#4007);
#4006 = CARTESIAN_POINT('',(5.445518130045,-1.53073372946,2.));
#4007 = VECTOR('',#4008,1.);
#4008 = DIRECTION('',(0.,0.,1.));
#4009 = CYLINDRICAL_SURFACE('',#4010,4.);
#4010 = AXIS2_PLACEMENT_3D('',#4011,#4012,#4013);
#4011 = CARTESIAN_POINT('',(1.75,0.,2.));
#4012 = DIRECTION('',(0.,0.,1.));
#4013 = DIRECTION('',(0.923879532511,-0.382683432365,0.));
#4014 = ADVANCED_FACE('',(#4015),#4037,.T.);
#4015 = FACE_BOUND('',#4016,.T.);
#4016 = EDGE_LOOP('',(#4017,#4018,#4019,#4036));
#4017 = ORIENTED_EDGE('',*,*,#3797,.F.);
#4018 = ORIENTED_EDGE('',*,*,#3847,.F.);
#4019 = ORIENTED_EDGE('',*,*,#4020,.T.);
#4020 = EDGE_CURVE('',#3829,#3908,#4021,.T.);
#4021 = B_SPLINE_CURVE_WITH_KNOTS('',5,(#4022,#4023,#4024,#4025,#4026,
    #4027,#4028,#4029,#4030,#4031,#4032,#4033,#4034,#4035),
  .UNSPECIFIED.,.F.,.F.,(6,4,4,6),(-0.191061550688,-2.151857301156E-07,
    3.141592868775,3.332653909447),.UNSPECIFIED.);
#4022 = CARTESIAN_POINT('',(5.372402121451,1.707251388763,2.135020857149
    ));
#4023 = CARTESIAN_POINT('',(5.387025327433,1.67194784661,2.135020857149)
  );
#4024 = CARTESIAN_POINT('',(5.4016485312,1.636644309805,2.135020857149)
  );
#4025 = CARTESIAN_POINT('',(5.416271732752,1.601340778348,2.135020857149
    ));
#4026 = CARTESIAN_POINT('',(5.430894932088,1.566037252239,2.135020857149
    ));
#4027 = CARTESIAN_POINT('',(5.68596518157,0.950243197532,2.135020857149)
  );
#4028 = CARTESIAN_POINT('',(5.812461993741,0.322546011727,2.135020857149
    ));
#4029 = CARTESIAN_POINT('',(5.812462866109,-0.322543928823,
    2.135020857149));
#4030 = CARTESIAN_POINT('',(5.685965625459,-0.950242125891,
    2.135020857149));
#4031 = CARTESIAN_POINT('',(5.430894927658,-1.566037262935,
    2.135020857149));
#4032 = CARTESIAN_POINT('',(5.416271726106,-1.601340794392,
    2.135020857149));
#4033 = CARTESIAN_POINT('',(5.401648524554,-1.636644325849,
    2.135020857149));
#4034 = CARTESIAN_POINT('',(5.387025323003,-1.671947857306,
    2.135020857149));
#4035 = CARTESIAN_POINT('',(5.372402121451,-1.707251388763,
    2.135020857149));
#4036 = ORIENTED_EDGE('',*,*,#3907,.T.);
#4037 = ( BOUNDED_SURFACE() B_SPLINE_SURFACE(2,5,(
    (#4038,#4039,#4040,#4041,#4042,#4043,#4044,#4045,#4046,#4047,#4048
      ,#4049,#4050,#4051)
    ,(#4052,#4053,#4054,#4055,#4056,#4057,#4058,#4059,#4060,#4061,#4062
      ,#4063,#4064,#4065)
    ,(#4066,#4067,#4068,#4069,#4070,#4071,#4072,#4073,#4074,#4075,#4076
      ,#4077,#4078,#4079
)),.UNSPECIFIED.,.F.,.F.,.F.) B_SPLINE_SURFACE_WITH_KNOTS((3,3),(6,4,4,6
    ),(0.,3.141593083961),(-0.191061550688,-2.151857301156E-07,
    3.141592868775,3.332653909447),.UNSPECIFIED.) 
GEOMETRIC_REPRESENTATION_ITEM() RATIONAL_B_SPLINE_SURFACE((
    (1.,1.,1.,1.,1.,1.,1.,1.,1.,1.,1.,1.,1.,1.)
    ,(0.93061798229,0.93061798229,0.93061798229,0.93061798229
      ,0.93061798229,0.93061798229,0.93061798229,0.93061798229
      ,0.93061798229,0.93061798229,0.93061798229,0.93061798229
      ,0.93061798229,0.93061798229)
,(1.,1.,1.,1.,1.,1.,1.,1.,1.,1.,1.,1.,1.,1.
))) REPRESENTATION_ITEM('') SURFACE() );
#4038 = CARTESIAN_POINT('',(5.298149830458,1.676495078117,1.930661594627
    ));
#4039 = CARTESIAN_POINT('',(5.313066853612,1.640482198454,1.930661594627
    ));
#4040 = CARTESIAN_POINT('',(5.327836965945,1.604823992887,1.930661594627
    ));
#4041 = CARTESIAN_POINT('',(5.342460167458,1.569520461414,1.930661594627
    ));
#4042 = CARTESIAN_POINT('',(5.356936458151,1.534571604036,1.930661594627
    ));
#4043 = CARTESIAN_POINT('',(5.606881697134,0.931150417301,1.930661594627
    ));
#4044 = CARTESIAN_POINT('',(5.73083687571,0.316065314559,1.930661594627)
  );
#4045 = CARTESIAN_POINT('',(5.730837708841,-0.316063339932,
    1.930661594627));
#4046 = CARTESIAN_POINT('',(5.606882149941,-0.931149324128,
    1.930661594627));
#4047 = CARTESIAN_POINT('',(5.356936452725,-1.534571617136,
    1.930661594627));
#4048 = CARTESIAN_POINT('',(5.342460159319,-1.569520481064,
    1.930661594627));
#4049 = CARTESIAN_POINT('',(5.327836957806,-1.604824012537,
    1.930661594627));
#4050 = CARTESIAN_POINT('',(5.313066848185,-1.640482211555,
    1.930661594627));
#4051 = CARTESIAN_POINT('',(5.298149830458,-1.676495078117,
    1.930661594627));
#4052 = CARTESIAN_POINT('',(5.372402121451,1.707251388763,2.017037309501
    ));
#4053 = CARTESIAN_POINT('',(5.387025327433,1.67194784661,2.017037309501)
  );
#4054 = CARTESIAN_POINT('',(5.4016485312,1.636644309805,2.017037309501)
  );
#4055 = CARTESIAN_POINT('',(5.416271732752,1.601340778348,2.017037309501
    ));
#4056 = CARTESIAN_POINT('',(5.430894932088,1.566037252239,2.017037309501
    ));
#4057 = CARTESIAN_POINT('',(5.68596518157,0.950243197532,2.017037309501)
  );
#4058 = CARTESIAN_POINT('',(5.812461993741,0.322546011727,2.017037309501
    ));
#4059 = CARTESIAN_POINT('',(5.812462866109,-0.322543928823,
    2.017037309501));
#4060 = CARTESIAN_POINT('',(5.685965625459,-0.950242125891,
    2.017037309501));
#4061 = CARTESIAN_POINT('',(5.430894927658,-1.566037262935,
    2.017037309501));
#4062 = CARTESIAN_POINT('',(5.416271726106,-1.601340794392,
    2.017037309501));
#4063 = CARTESIAN_POINT('',(5.401648524554,-1.636644325849,
    2.017037309501));
#4064 = CARTESIAN_POINT('',(5.387025323003,-1.671947857306,
    2.017037309501));
#4065 = CARTESIAN_POINT('',(5.372402121451,-1.707251388763,
    2.017037309501));
#4066 = CARTESIAN_POINT('',(5.372402121451,1.707251388763,2.135020857149
    ));
#4067 = CARTESIAN_POINT('',(5.387025327433,1.67194784661,2.135020857149)
  );
#4068 = CARTESIAN_POINT('',(5.4016485312,1.636644309805,2.135020857149)
  );
#4069 = CARTESIAN_POINT('',(5.416271732752,1.601340778348,2.135020857149
    ));
#4070 = CARTESIAN_POINT('',(5.430894932088,1.566037252239,2.135020857149
    ));
#4071 = CARTESIAN_POINT('',(5.68596518157,0.950243197532,2.135020857149)
  );
#4072 = CARTESIAN_POINT('',(5.812461993741,0.322546011727,2.135020857149
    ));
#4073 = CARTESIAN_POINT('',(5.812462866109,-0.322543928823,
    2.135020857149));
#4074 = CARTESIAN_POINT('',(5.685965625459,-0.950242125891,
    2.135020857149));
#4075 = CARTESIAN_POINT('',(5.430894927658,-1.566037262935,
    2.135020857149));
#4076 = CARTESIAN_POINT('',(5.416271726106,-1.601340794392,
    2.135020857149));
#4077 = CARTESIAN_POINT('',(5.401648524554,-1.636644325849,
    2.135020857149));
#4078 = CARTESIAN_POINT('',(5.387025323003,-1.671947857306,
    2.135020857149));
#4079 = CARTESIAN_POINT('',(5.372402121451,-1.707251388763,
    2.135020857149));
#4080 = ADVANCED_FACE('',(#4081,#4152),#4258,.T.);
#4081 = FACE_BOUND('',#4082,.T.);
#4082 = EDGE_LOOP('',(#4083,#4090,#4091,#4092,#4100,#4114,#4123,#4137,
    #4144,#4150,#4151));
#4083 = ORIENTED_EDGE('',*,*,#4084,.T.);
#4084 = EDGE_CURVE('',#3989,#3987,#4085,.T.);
#4085 = CIRCLE('',#4086,4.);
#4086 = AXIS2_PLACEMENT_3D('',#4087,#4088,#4089);
#4087 = CARTESIAN_POINT('',(1.75,0.,7.8));
#4088 = DIRECTION('',(0.,0.,-1.));
#4089 = DIRECTION('',(0.923879532511,0.382683432365,0.));
#4090 = ORIENTED_EDGE('',*,*,#4004,.F.);
#4091 = ORIENTED_EDGE('',*,*,#3922,.F.);
#4092 = ORIENTED_EDGE('',*,*,#4093,.T.);
#4093 = EDGE_CURVE('',#3908,#4094,#4096,.T.);
#4094 = VERTEX_POINT('',#4095);
#4095 = CARTESIAN_POINT('',(5.742179855668,-0.25,2.751));
#4096 = LINE('',#4097,#4098);
#4097 = CARTESIAN_POINT('',(5.742179855668,-0.25,2.));
#4098 = VECTOR('',#4099,1.);
#4099 = DIRECTION('',(0.,0.,1.));
#4100 = ORIENTED_EDGE('',*,*,#4101,.F.);
#4101 = EDGE_CURVE('',#4102,#4094,#4104,.T.);
#4102 = VERTEX_POINT('',#4103);
#4103 = CARTESIAN_POINT('',(5.749999875,-1.000000000001E-03,3.));
#4104 = B_SPLINE_CURVE_WITH_KNOTS('',8,(#4105,#4106,#4107,#4108,#4109,
    #4110,#4111,#4112,#4113),.UNSPECIFIED.,.F.,.F.,(9,9),(0.,1.),
  .PIECEWISE_BEZIER_KNOTS.);
#4105 = CARTESIAN_POINT('',(5.749999875,-1.E-03,3.));
#4106 = CARTESIAN_POINT('',(5.749986356782,-5.507287076857E-02,3.));
#4107 = CARTESIAN_POINT('',(5.749138023938,-0.106582101181,
    2.986579310846));
#4108 = CARTESIAN_POINT('',(5.74759472667,-0.152527153143,2.961970032929
    ));
#4109 = CARTESIAN_POINT('',(5.74574314273,-0.191003902354,2.92835411274)
  );
#4110 = CARTESIAN_POINT('',(5.744024109781,-0.220545242642,
    2.888044542491));
#4111 = CARTESIAN_POINT('',(5.742785659033,-0.24032711415,2.843401401727
    ));
#4112 = CARTESIAN_POINT('',(5.742179855668,-0.25,2.796909299254));
#4113 = CARTESIAN_POINT('',(5.742179855668,-0.25,2.751));
#4114 = ORIENTED_EDGE('',*,*,#4115,.T.);
#4115 = EDGE_CURVE('',#4102,#4116,#4118,.T.);
#4116 = VERTEX_POINT('',#4117);
#4117 = CARTESIAN_POINT('',(5.749999875,9.999999999996E-04,3.));
#4118 = CIRCLE('',#4119,4.);
#4119 = AXIS2_PLACEMENT_3D('',#4120,#4121,#4122);
#4120 = CARTESIAN_POINT('',(1.75,0.,3.));
#4121 = DIRECTION('',(0.,-0.,1.));
#4122 = DIRECTION('',(0.923879532511,0.382683432365,0.));
#4123 = ORIENTED_EDGE('',*,*,#4124,.F.);
#4124 = EDGE_CURVE('',#4125,#4116,#4127,.T.);
#4125 = VERTEX_POINT('',#4126);
#4126 = CARTESIAN_POINT('',(5.742179874418,0.249999700587,2.75138614483)
  );
#4127 = B_SPLINE_CURVE_WITH_KNOTS('',8,(#4128,#4129,#4130,#4131,#4132,
    #4133,#4134,#4135,#4136),.UNSPECIFIED.,.F.,.F.,(9,9),(0.,1.),
  .PIECEWISE_BEZIER_KNOTS.);
#4128 = CARTESIAN_POINT('',(5.742179874418,0.249999700587,2.75138614483)
  );
#4129 = CARTESIAN_POINT('',(5.742184326252,0.249928610402,2.797227583703
    ));
#4130 = CARTESIAN_POINT('',(5.742792849735,0.240212250008,2.843663516601
    ));
#4131 = CARTESIAN_POINT('',(5.744032550555,0.220399342248,2.88825404933)
  );
#4132 = CARTESIAN_POINT('',(5.74575130821,0.190840369149,2.928508032671)
  );
#4133 = CARTESIAN_POINT('',(5.747600690023,0.152364660947,2.962065163719
    ));
#4134 = CARTESIAN_POINT('',(5.749140478356,0.106446392291,2.986618199184
    ));
#4135 = CARTESIAN_POINT('',(5.749986376383,5.499446434736E-02,3.));
#4136 = CARTESIAN_POINT('',(5.749999875,1.000000000001E-03,3.));
#4137 = ORIENTED_EDGE('',*,*,#4138,.F.);
#4138 = EDGE_CURVE('',#4139,#4125,#4141,.T.);
#4139 = VERTEX_POINT('',#4140);
#4140 = CARTESIAN_POINT('',(5.742179855668,0.25,2.751));
#4141 = B_SPLINE_CURVE_WITH_KNOTS('',1,(#4142,#4143),.UNSPECIFIED.,.F.,
  .F.,(2,2),(0.,1.),.PIECEWISE_BEZIER_KNOTS.);
#4142 = CARTESIAN_POINT('',(5.742179855668,0.25,2.751));
#4143 = CARTESIAN_POINT('',(5.742179874418,0.249999700587,2.75138614483)
  );
#4144 = ORIENTED_EDGE('',*,*,#4145,.F.);
#4145 = EDGE_CURVE('',#3829,#4139,#4146,.T.);
#4146 = LINE('',#4147,#4148);
#4147 = CARTESIAN_POINT('',(5.742179855668,0.25,2.));
#4148 = VECTOR('',#4149,1.);
#4149 = DIRECTION('',(0.,0.,1.));
#4150 = ORIENTED_EDGE('',*,*,#3828,.F.);
#4151 = ORIENTED_EDGE('',*,*,#3997,.T.);
#4152 = FACE_BOUND('',#4153,.T.);
#4153 = EDGE_LOOP('',(#4154,#4170,#4177,#4185,#4192,#4206,#4215,#4229,
    #4237,#4251));
#4154 = ORIENTED_EDGE('',*,*,#4155,.F.);
#4155 = EDGE_CURVE('',#4156,#4158,#4160,.T.);
#4156 = VERTEX_POINT('',#4157);
#4157 = CARTESIAN_POINT('',(5.742179874418,0.249999700587,6.75138614483)
  );
#4158 = VERTEX_POINT('',#4159);
#4159 = CARTESIAN_POINT('',(5.749999875,9.999999999996E-04,7.));
#4160 = B_SPLINE_CURVE_WITH_KNOTS('',8,(#4161,#4162,#4163,#4164,#4165,
    #4166,#4167,#4168,#4169),.UNSPECIFIED.,.F.,.F.,(9,9),(0.,1.),
  .PIECEWISE_BEZIER_KNOTS.);
#4161 = CARTESIAN_POINT('',(5.742179874418,0.249999700587,6.75138614483)
  );
#4162 = CARTESIAN_POINT('',(5.742184326252,0.249928610402,6.797227583704
    ));
#4163 = CARTESIAN_POINT('',(5.742792849735,0.240212250008,6.8436635166)
  );
#4164 = CARTESIAN_POINT('',(5.744032550555,0.220399342248,6.88825404933)
  );
#4165 = CARTESIAN_POINT('',(5.74575130821,0.19084036915,6.92850803267));
#4166 = CARTESIAN_POINT('',(5.747600690023,0.152364660946,6.962065163719
    ));
#4167 = CARTESIAN_POINT('',(5.749140478356,0.106446392292,6.986618199184
    ));
#4168 = CARTESIAN_POINT('',(5.749986376383,5.499446434716E-02,7.));
#4169 = CARTESIAN_POINT('',(5.749999875,1.000000000001E-03,7.));
#4170 = ORIENTED_EDGE('',*,*,#4171,.F.);
#4171 = EDGE_CURVE('',#4172,#4156,#4174,.T.);
#4172 = VERTEX_POINT('',#4173);
#4173 = CARTESIAN_POINT('',(5.742179855668,0.25,6.751));
#4174 = B_SPLINE_CURVE_WITH_KNOTS('',1,(#4175,#4176),.UNSPECIFIED.,.F.,
  .F.,(2,2),(0.,1.),.PIECEWISE_BEZIER_KNOTS.);
#4175 = CARTESIAN_POINT('',(5.742179855668,0.25,6.751));
#4176 = CARTESIAN_POINT('',(5.742179874418,0.249999700587,6.75138614483)
  );
#4177 = ORIENTED_EDGE('',*,*,#4178,.F.);
#4178 = EDGE_CURVE('',#4179,#4172,#4181,.T.);
#4179 = VERTEX_POINT('',#4180);
#4180 = CARTESIAN_POINT('',(5.742179855668,0.25,5.249));
#4181 = LINE('',#4182,#4183);
#4182 = CARTESIAN_POINT('',(5.742179855668,0.25,2.));
#4183 = VECTOR('',#4184,1.);
#4184 = DIRECTION('',(0.,0.,1.));
#4185 = ORIENTED_EDGE('',*,*,#4186,.T.);
#4186 = EDGE_CURVE('',#4179,#4187,#4189,.T.);
#4187 = VERTEX_POINT('',#4188);
#4188 = CARTESIAN_POINT('',(5.742179874418,0.249999700587,5.24861385517)
  );
#4189 = B_SPLINE_CURVE_WITH_KNOTS('',1,(#4190,#4191),.UNSPECIFIED.,.F.,
  .F.,(2,2),(0.,1.),.PIECEWISE_BEZIER_KNOTS.);
#4190 = CARTESIAN_POINT('',(5.742179855668,0.25,5.249));
#4191 = CARTESIAN_POINT('',(5.742179874418,0.249999700587,5.24861385517)
  );
#4192 = ORIENTED_EDGE('',*,*,#4193,.T.);
#4193 = EDGE_CURVE('',#4187,#4194,#4196,.T.);
#4194 = VERTEX_POINT('',#4195);
#4195 = CARTESIAN_POINT('',(5.749999875,9.999999999996E-04,5.));
#4196 = B_SPLINE_CURVE_WITH_KNOTS('',8,(#4197,#4198,#4199,#4200,#4201,
    #4202,#4203,#4204,#4205),.UNSPECIFIED.,.F.,.F.,(9,9),(0.,1.),
  .PIECEWISE_BEZIER_KNOTS.);
#4197 = CARTESIAN_POINT('',(5.742179874418,0.249999700587,5.24861385517)
  );
#4198 = CARTESIAN_POINT('',(5.742184326252,0.249928610402,5.202772416296
    ));
#4199 = CARTESIAN_POINT('',(5.742792849735,0.240212250008,5.1563364834)
  );
#4200 = CARTESIAN_POINT('',(5.744032550555,0.220399342248,5.11174595067)
  );
#4201 = CARTESIAN_POINT('',(5.74575130821,0.190840369149,5.071491967329)
  );
#4202 = CARTESIAN_POINT('',(5.747600690023,0.152364660947,5.037934836281
    ));
#4203 = CARTESIAN_POINT('',(5.749140478356,0.106446392292,5.013381800816
    ));
#4204 = CARTESIAN_POINT('',(5.749986376383,5.49944643469E-02,5.));
#4205 = CARTESIAN_POINT('',(5.749999875,1.000000000001E-03,5.));
#4206 = ORIENTED_EDGE('',*,*,#4207,.F.);
#4207 = EDGE_CURVE('',#4208,#4194,#4210,.T.);
#4208 = VERTEX_POINT('',#4209);
#4209 = CARTESIAN_POINT('',(5.749999875,-1.000000000001E-03,5.));
#4210 = CIRCLE('',#4211,4.);
#4211 = AXIS2_PLACEMENT_3D('',#4212,#4213,#4214);
#4212 = CARTESIAN_POINT('',(1.75,0.,5.));
#4213 = DIRECTION('',(0.,-0.,1.));
#4214 = DIRECTION('',(0.923879532511,0.382683432365,0.));
#4215 = ORIENTED_EDGE('',*,*,#4216,.T.);
#4216 = EDGE_CURVE('',#4208,#4217,#4219,.T.);
#4217 = VERTEX_POINT('',#4218);
#4218 = CARTESIAN_POINT('',(5.742179855668,-0.25,5.249));
#4219 = B_SPLINE_CURVE_WITH_KNOTS('',8,(#4220,#4221,#4222,#4223,#4224,
    #4225,#4226,#4227,#4228),.UNSPECIFIED.,.F.,.F.,(9,9),(0.,1.),
  .PIECEWISE_BEZIER_KNOTS.);
#4220 = CARTESIAN_POINT('',(5.749999875,-1.E-03,5.));
#4221 = CARTESIAN_POINT('',(5.749986356782,-5.507287076935E-02,5.));
#4222 = CARTESIAN_POINT('',(5.749138023938,-0.106582101179,
    5.013420689154));
#4223 = CARTESIAN_POINT('',(5.74759472667,-0.152527153145,5.03802996707)
  );
#4224 = CARTESIAN_POINT('',(5.74574314273,-0.191003902353,5.07164588726)
  );
#4225 = CARTESIAN_POINT('',(5.744024109781,-0.220545242642,5.11195545751
    ));
#4226 = CARTESIAN_POINT('',(5.742785659033,-0.24032711415,5.156598598272
    ));
#4227 = CARTESIAN_POINT('',(5.742179855668,-0.25,5.203090700746));
#4228 = CARTESIAN_POINT('',(5.742179855668,-0.25,5.249));
#4229 = ORIENTED_EDGE('',*,*,#4230,.T.);
#4230 = EDGE_CURVE('',#4217,#4231,#4233,.T.);
#4231 = VERTEX_POINT('',#4232);
#4232 = CARTESIAN_POINT('',(5.742179855668,-0.25,6.751));
#4233 = LINE('',#4234,#4235);
#4234 = CARTESIAN_POINT('',(5.742179855668,-0.25,2.));
#4235 = VECTOR('',#4236,1.);
#4236 = DIRECTION('',(0.,0.,1.));
#4237 = ORIENTED_EDGE('',*,*,#4238,.F.);
#4238 = EDGE_CURVE('',#4239,#4231,#4241,.T.);
#4239 = VERTEX_POINT('',#4240);
#4240 = CARTESIAN_POINT('',(5.749999875,-1.000000000001E-03,7.));
#4241 = B_SPLINE_CURVE_WITH_KNOTS('',8,(#4242,#4243,#4244,#4245,#4246,
    #4247,#4248,#4249,#4250),.UNSPECIFIED.,.F.,.F.,(9,9),(0.,1.),
  .PIECEWISE_BEZIER_KNOTS.);
#4242 = CARTESIAN_POINT('',(5.749999875,-1.E-03,7.));
#4243 = CARTESIAN_POINT('',(5.749986356782,-5.507287077052E-02,7.));
#4244 = CARTESIAN_POINT('',(5.749138023938,-0.106582101177,
    6.986579310846));
#4245 = CARTESIAN_POINT('',(5.74759472667,-0.152527153146,6.961970032931
    ));
#4246 = CARTESIAN_POINT('',(5.745743142729,-0.191003902353,
    6.928354112739));
#4247 = CARTESIAN_POINT('',(5.744024109781,-0.220545242642,6.88804454249
    ));
#4248 = CARTESIAN_POINT('',(5.742785659033,-0.24032711415,6.843401401729
    ));
#4249 = CARTESIAN_POINT('',(5.742179855668,-0.25,6.796909299253));
#4250 = CARTESIAN_POINT('',(5.742179855668,-0.25,6.751));
#4251 = ORIENTED_EDGE('',*,*,#4252,.T.);
#4252 = EDGE_CURVE('',#4239,#4158,#4253,.T.);
#4253 = CIRCLE('',#4254,4.);
#4254 = AXIS2_PLACEMENT_3D('',#4255,#4256,#4257);
#4255 = CARTESIAN_POINT('',(1.75,0.,7.));
#4256 = DIRECTION('',(0.,-0.,1.));
#4257 = DIRECTION('',(0.923879532511,0.382683432365,0.));
#4258 = CYLINDRICAL_SURFACE('',#4259,4.);
#4259 = AXIS2_PLACEMENT_3D('',#4260,#4261,#4262);
#4260 = CARTESIAN_POINT('',(1.75,0.,2.));
#4261 = DIRECTION('',(0.,0.,1.));
#4262 = DIRECTION('',(0.923879532511,0.382683432365,-0.));
#4263 = ADVANCED_FACE('',(#4264),#4292,.T.);
#4264 = FACE_BOUND('',#4265,.T.);
#4265 = EDGE_LOOP('',(#4266,#4275,#4284,#4291));
#4266 = ORIENTED_EDGE('',*,*,#4267,.T.);
#4267 = EDGE_CURVE('',#3987,#4268,#4270,.T.);
#4268 = VERTEX_POINT('',#4269);
#4269 = CARTESIAN_POINT('',(5.260742223543,-1.454197042987,8.));
#4270 = CIRCLE('',#4271,0.2);
#4271 = AXIS2_PLACEMENT_3D('',#4272,#4273,#4274);
#4272 = CARTESIAN_POINT('',(5.260742223543,-1.454197042987,7.8));
#4273 = DIRECTION('',(-0.382683432365,-0.923879532511,0.));
#4274 = DIRECTION('',(0.923879532511,-0.382683432365,-4.440892098502E-15
    ));
#4275 = ORIENTED_EDGE('',*,*,#4276,.T.);
#4276 = EDGE_CURVE('',#4268,#4277,#4279,.T.);
#4277 = VERTEX_POINT('',#4278);
#4278 = CARTESIAN_POINT('',(5.260742223543,1.454197042987,8.));
#4279 = CIRCLE('',#4280,3.8);
#4280 = AXIS2_PLACEMENT_3D('',#4281,#4282,#4283);
#4281 = CARTESIAN_POINT('',(1.75,0.,8.));
#4282 = DIRECTION('',(0.,-0.,-1.));
#4283 = DIRECTION('',(0.923879532511,-0.382683432365,0.));
#4284 = ORIENTED_EDGE('',*,*,#4285,.F.);
#4285 = EDGE_CURVE('',#3989,#4277,#4286,.T.);
#4286 = CIRCLE('',#4287,0.2);
#4287 = AXIS2_PLACEMENT_3D('',#4288,#4289,#4290);
#4288 = CARTESIAN_POINT('',(5.260742223543,1.454197042987,7.8));
#4289 = DIRECTION('',(0.382683432365,-0.923879532511,0.));
#4290 = DIRECTION('',(0.923879532511,0.382683432365,-4.440892098502E-15)
  );
#4291 = ORIENTED_EDGE('',*,*,#3986,.F.);
#4292 = TOROIDAL_SURFACE('',#4293,3.8,0.2);
#4293 = AXIS2_PLACEMENT_3D('',#4294,#4295,#4296);
#4294 = CARTESIAN_POINT('',(1.75,0.,7.8));
#4295 = DIRECTION('',(0.,0.,1.));
#4296 = DIRECTION('',(0.923879532511,-0.382683432365,0.));
#4297 = ADVANCED_FACE('',(#4298),#4307,.T.);
#4298 = FACE_BOUND('',#4299,.T.);
#4299 = EDGE_LOOP('',(#4300,#4301,#4302,#4303,#4304,#4305,#4306));
#4300 = ORIENTED_EDGE('',*,*,#4138,.T.);
#4301 = ORIENTED_EDGE('',*,*,#4124,.T.);
#4302 = ORIENTED_EDGE('',*,*,#4115,.F.);
#4303 = ORIENTED_EDGE('',*,*,#4101,.T.);
#4304 = ORIENTED_EDGE('',*,*,#4093,.F.);
#4305 = ORIENTED_EDGE('',*,*,#4020,.F.);
#4306 = ORIENTED_EDGE('',*,*,#4145,.T.);
#4307 = CYLINDRICAL_SURFACE('',#4308,4.);
#4308 = AXIS2_PLACEMENT_3D('',#4309,#4310,#4311);
#4309 = CARTESIAN_POINT('',(1.75,0.,2.));
#4310 = DIRECTION('',(0.,0.,1.));
#4311 = DIRECTION('',(0.923879532511,0.382683432365,-0.));
#4312 = ADVANCED_FACE('',(#4313),#4325,.T.);
#4313 = FACE_BOUND('',#4314,.T.);
#4314 = EDGE_LOOP('',(#4315,#4316,#4323,#4324));
#4315 = ORIENTED_EDGE('',*,*,#4285,.T.);
#4316 = ORIENTED_EDGE('',*,*,#4317,.T.);
#4317 = EDGE_CURVE('',#4277,#4268,#4318,.T.);
#4318 = CIRCLE('',#4319,3.8);
#4319 = AXIS2_PLACEMENT_3D('',#4320,#4321,#4322);
#4320 = CARTESIAN_POINT('',(1.75,0.,8.));
#4321 = DIRECTION('',(0.,0.,-1.));
#4322 = DIRECTION('',(0.923879532511,0.382683432365,0.));
#4323 = ORIENTED_EDGE('',*,*,#4267,.F.);
#4324 = ORIENTED_EDGE('',*,*,#4084,.F.);
#4325 = TOROIDAL_SURFACE('',#4326,3.8,0.2);
#4326 = AXIS2_PLACEMENT_3D('',#4327,#4328,#4329);
#4327 = CARTESIAN_POINT('',(1.75,0.,7.8));
#4328 = DIRECTION('',(0.,0.,1.));
#4329 = DIRECTION('',(0.923879532511,0.382683432365,-0.));
#4330 = ADVANCED_FACE('',(#4331),#4343,.T.);
#4331 = FACE_BOUND('',#4332,.T.);
#4332 = EDGE_LOOP('',(#4333,#4334,#4335,#4336,#4337,#4338,#4339,#4340,
    #4341,#4342));
#4333 = ORIENTED_EDGE('',*,*,#4171,.T.);
#4334 = ORIENTED_EDGE('',*,*,#4155,.T.);
#4335 = ORIENTED_EDGE('',*,*,#4252,.F.);
#4336 = ORIENTED_EDGE('',*,*,#4238,.T.);
#4337 = ORIENTED_EDGE('',*,*,#4230,.F.);
#4338 = ORIENTED_EDGE('',*,*,#4216,.F.);
#4339 = ORIENTED_EDGE('',*,*,#4207,.T.);
#4340 = ORIENTED_EDGE('',*,*,#4193,.F.);
#4341 = ORIENTED_EDGE('',*,*,#4186,.F.);
#4342 = ORIENTED_EDGE('',*,*,#4178,.T.);
#4343 = CYLINDRICAL_SURFACE('',#4344,4.);
#4344 = AXIS2_PLACEMENT_3D('',#4345,#4346,#4347);
#4345 = CARTESIAN_POINT('',(1.75,0.,2.));
#4346 = DIRECTION('',(0.,0.,1.));
#4347 = DIRECTION('',(0.923879532511,0.382683432365,-0.));
#4348 = ADVANCED_FACE('',(#4349),#4375,.F.);
#4349 = FACE_BOUND('',#4350,.F.);
#4350 = EDGE_LOOP('',(#4351,#4352,#4360,#4369));
#4351 = ORIENTED_EDGE('',*,*,#4276,.T.);
#4352 = ORIENTED_EDGE('',*,*,#4353,.T.);
#4353 = EDGE_CURVE('',#4277,#4354,#4356,.T.);
#4354 = VERTEX_POINT('',#4355);
#4355 = CARTESIAN_POINT('',(4.336862691032,1.071513610622,8.));
#4356 = LINE('',#4357,#4358);
#4357 = CARTESIAN_POINT('',(5.260742223543,1.454197042987,8.));
#4358 = VECTOR('',#4359,1.);
#4359 = DIRECTION('',(-0.923879532511,-0.382683432365,0.));
#4360 = ORIENTED_EDGE('',*,*,#4361,.F.);
#4361 = EDGE_CURVE('',#4362,#4354,#4364,.T.);
#4362 = VERTEX_POINT('',#4363);
#4363 = CARTESIAN_POINT('',(4.336862691032,-1.071513610622,8.));
#4364 = CIRCLE('',#4365,2.8);
#4365 = AXIS2_PLACEMENT_3D('',#4366,#4367,#4368);
#4366 = CARTESIAN_POINT('',(1.75,0.,8.));
#4367 = DIRECTION('',(0.,-0.,-1.));
#4368 = DIRECTION('',(0.923879532511,-0.382683432365,0.));
#4369 = ORIENTED_EDGE('',*,*,#4370,.F.);
#4370 = EDGE_CURVE('',#4268,#4362,#4371,.T.);
#4371 = LINE('',#4372,#4373);
#4372 = CARTESIAN_POINT('',(5.260742223543,-1.454197042987,8.));
#4373 = VECTOR('',#4374,1.);
#4374 = DIRECTION('',(-0.923879532511,0.382683432365,0.));
#4375 = PLANE('',#4376);
#4376 = AXIS2_PLACEMENT_3D('',#4377,#4378,#4379);
#4377 = CARTESIAN_POINT('',(1.75,0.,8.));
#4378 = DIRECTION('',(0.,0.,-1.));
#4379 = DIRECTION('',(0.923879532511,-0.382683432365,0.));
#4380 = ADVANCED_FACE('',(#4381),#4393,.F.);
#4381 = FACE_BOUND('',#4382,.F.);
#4382 = EDGE_LOOP('',(#4383,#4384,#4385,#4392));
#4383 = ORIENTED_EDGE('',*,*,#4317,.T.);
#4384 = ORIENTED_EDGE('',*,*,#4370,.T.);
#4385 = ORIENTED_EDGE('',*,*,#4386,.F.);
#4386 = EDGE_CURVE('',#4354,#4362,#4387,.T.);
#4387 = CIRCLE('',#4388,2.8);
#4388 = AXIS2_PLACEMENT_3D('',#4389,#4390,#4391);
#4389 = CARTESIAN_POINT('',(1.75,0.,8.));
#4390 = DIRECTION('',(0.,0.,-1.));
#4391 = DIRECTION('',(0.923879532511,0.382683432365,0.));
#4392 = ORIENTED_EDGE('',*,*,#4353,.F.);
#4393 = PLANE('',#4394);
#4394 = AXIS2_PLACEMENT_3D('',#4395,#4396,#4397);
#4395 = CARTESIAN_POINT('',(1.75,0.,8.));
#4396 = DIRECTION('',(0.,0.,-1.));
#4397 = DIRECTION('',(0.923879532511,0.382683432365,0.));
#4398 = ADVANCED_FACE('',(#4399),#4536,.F.);
#4399 = FACE_BOUND('',#4400,.F.);
#4400 = EDGE_LOOP('',(#4401,#4409,#4410,#4418,#4427,#4435,#4444,#4452,
    #4461,#4469,#4478,#4487,#4495,#4504,#4512,#4521,#4529));
#4401 = ORIENTED_EDGE('',*,*,#4402,.F.);
#4402 = EDGE_CURVE('',#4362,#4403,#4405,.T.);
#4403 = VERTEX_POINT('',#4404);
#4404 = CARTESIAN_POINT('',(4.336862691032,-1.071513610622,7.9));
#4405 = LINE('',#4406,#4407);
#4406 = CARTESIAN_POINT('',(4.336862691032,-1.071513610622,8.));
#4407 = VECTOR('',#4408,1.);
#4408 = DIRECTION('',(0.,0.,-1.));
#4409 = ORIENTED_EDGE('',*,*,#4361,.T.);
#4410 = ORIENTED_EDGE('',*,*,#4411,.T.);
#4411 = EDGE_CURVE('',#4354,#4412,#4414,.T.);
#4412 = VERTEX_POINT('',#4413);
#4413 = CARTESIAN_POINT('',(4.336862691032,1.071513610622,7.9));
#4414 = LINE('',#4415,#4416);
#4415 = CARTESIAN_POINT('',(4.336862691032,1.071513610622,8.));
#4416 = VECTOR('',#4417,1.);
#4417 = DIRECTION('',(0.,0.,-1.));
#4418 = ORIENTED_EDGE('',*,*,#4419,.T.);
#4419 = EDGE_CURVE('',#4412,#4420,#4422,.T.);
#4420 = VERTEX_POINT('',#4421);
#4421 = CARTESIAN_POINT('',(1.8,2.799553535834,7.9));
#4422 = CIRCLE('',#4423,2.8);
#4423 = AXIS2_PLACEMENT_3D('',#4424,#4425,#4426);
#4424 = CARTESIAN_POINT('',(1.75,0.,7.9));
#4425 = DIRECTION('',(0.,0.,1.));
#4426 = DIRECTION('',(-1.,1.224646799147E-16,0.));
#4427 = ORIENTED_EDGE('',*,*,#4428,.T.);
#4428 = EDGE_CURVE('',#4420,#4429,#4431,.T.);
#4429 = VERTEX_POINT('',#4430);
#4430 = CARTESIAN_POINT('',(1.8,2.799553535834,7.8));
#4431 = LINE('',#4432,#4433);
#4432 = CARTESIAN_POINT('',(1.8,2.799553535834,7.7));
#4433 = VECTOR('',#4434,1.);
#4434 = DIRECTION('',(0.,0.,-1.));
#4435 = ORIENTED_EDGE('',*,*,#4436,.F.);
#4436 = EDGE_CURVE('',#4437,#4429,#4439,.T.);
#4437 = VERTEX_POINT('',#4438);
#4438 = CARTESIAN_POINT('',(1.7,2.799553535834,7.8));
#4439 = CIRCLE('',#4440,2.8);
#4440 = AXIS2_PLACEMENT_3D('',#4441,#4442,#4443);
#4441 = CARTESIAN_POINT('',(1.75,0.,7.8));
#4442 = DIRECTION('',(0.,0.,-1.));
#4443 = DIRECTION('',(-1.,1.224646799147E-16,0.));
#4444 = ORIENTED_EDGE('',*,*,#4445,.F.);
#4445 = EDGE_CURVE('',#4446,#4437,#4448,.T.);
#4446 = VERTEX_POINT('',#4447);
#4447 = CARTESIAN_POINT('',(1.7,2.799553535834,7.9));
#4448 = LINE('',#4449,#4450);
#4449 = CARTESIAN_POINT('',(1.7,2.799553535834,7.7));
#4450 = VECTOR('',#4451,1.);
#4451 = DIRECTION('',(0.,0.,-1.));
#4452 = ORIENTED_EDGE('',*,*,#4453,.T.);
#4453 = EDGE_CURVE('',#4446,#4454,#4456,.T.);
#4454 = VERTEX_POINT('',#4455);
#4455 = CARTESIAN_POINT('',(-1.049553535834,5.000000000003E-02,7.9));
#4456 = CIRCLE('',#4457,2.8);
#4457 = AXIS2_PLACEMENT_3D('',#4458,#4459,#4460);
#4458 = CARTESIAN_POINT('',(1.75,0.,7.9));
#4459 = DIRECTION('',(0.,0.,1.));
#4460 = DIRECTION('',(-1.,1.224646799147E-16,0.));
#4461 = ORIENTED_EDGE('',*,*,#4462,.T.);
#4462 = EDGE_CURVE('',#4454,#4463,#4465,.T.);
#4463 = VERTEX_POINT('',#4464);
#4464 = CARTESIAN_POINT('',(-1.049553535834,5.E-02,7.8));
#4465 = LINE('',#4466,#4467);
#4466 = CARTESIAN_POINT('',(-1.049553535834,5.E-02,7.7));
#4467 = VECTOR('',#4468,1.);
#4468 = DIRECTION('',(0.,0.,-1.));
#4469 = ORIENTED_EDGE('',*,*,#4470,.F.);
#4470 = EDGE_CURVE('',#4471,#4463,#4473,.T.);
#4471 = VERTEX_POINT('',#4472);
#4472 = CARTESIAN_POINT('',(-1.05,3.429011037613E-16,7.8));
#4473 = CIRCLE('',#4474,2.8);
#4474 = AXIS2_PLACEMENT_3D('',#4475,#4476,#4477);
#4475 = CARTESIAN_POINT('',(1.75,0.,7.8));
#4476 = DIRECTION('',(0.,0.,-1.));
#4477 = DIRECTION('',(-1.,1.224646799147E-16,0.));
#4478 = ORIENTED_EDGE('',*,*,#4479,.F.);
#4479 = EDGE_CURVE('',#4480,#4471,#4482,.T.);
#4480 = VERTEX_POINT('',#4481);
#4481 = CARTESIAN_POINT('',(-1.049553535834,-5.E-02,7.8));
#4482 = CIRCLE('',#4483,2.8);
#4483 = AXIS2_PLACEMENT_3D('',#4484,#4485,#4486);
#4484 = CARTESIAN_POINT('',(1.75,0.,7.8));
#4485 = DIRECTION('',(0.,0.,-1.));
#4486 = DIRECTION('',(-1.,1.224646799147E-16,0.));
#4487 = ORIENTED_EDGE('',*,*,#4488,.F.);
#4488 = EDGE_CURVE('',#4489,#4480,#4491,.T.);
#4489 = VERTEX_POINT('',#4490);
#4490 = CARTESIAN_POINT('',(-1.049553535834,-5.000000000003E-02,7.9));
#4491 = LINE('',#4492,#4493);
#4492 = CARTESIAN_POINT('',(-1.049553535834,-5.E-02,7.7));
#4493 = VECTOR('',#4494,1.);
#4494 = DIRECTION('',(0.,0.,-1.));
#4495 = ORIENTED_EDGE('',*,*,#4496,.T.);
#4496 = EDGE_CURVE('',#4489,#4497,#4499,.T.);
#4497 = VERTEX_POINT('',#4498);
#4498 = CARTESIAN_POINT('',(1.7,-2.799553535834,7.9));
#4499 = CIRCLE('',#4500,2.8);
#4500 = AXIS2_PLACEMENT_3D('',#4501,#4502,#4503);
#4501 = CARTESIAN_POINT('',(1.75,0.,7.9));
#4502 = DIRECTION('',(0.,0.,1.));
#4503 = DIRECTION('',(-1.,1.224646799147E-16,0.));
#4504 = ORIENTED_EDGE('',*,*,#4505,.T.);
#4505 = EDGE_CURVE('',#4497,#4506,#4508,.T.);
#4506 = VERTEX_POINT('',#4507);
#4507 = CARTESIAN_POINT('',(1.7,-2.799553535834,7.8));
#4508 = LINE('',#4509,#4510);
#4509 = CARTESIAN_POINT('',(1.7,-2.799553535834,7.7));
#4510 = VECTOR('',#4511,1.);
#4511 = DIRECTION('',(0.,0.,-1.));
#4512 = ORIENTED_EDGE('',*,*,#4513,.F.);
#4513 = EDGE_CURVE('',#4514,#4506,#4516,.T.);
#4514 = VERTEX_POINT('',#4515);
#4515 = CARTESIAN_POINT('',(1.8,-2.799553535834,7.8));
#4516 = CIRCLE('',#4517,2.8);
#4517 = AXIS2_PLACEMENT_3D('',#4518,#4519,#4520);
#4518 = CARTESIAN_POINT('',(1.75,0.,7.8));
#4519 = DIRECTION('',(0.,0.,-1.));
#4520 = DIRECTION('',(-1.,1.224646799147E-16,0.));
#4521 = ORIENTED_EDGE('',*,*,#4522,.F.);
#4522 = EDGE_CURVE('',#4523,#4514,#4525,.T.);
#4523 = VERTEX_POINT('',#4524);
#4524 = CARTESIAN_POINT('',(1.8,-2.799553535834,7.9));
#4525 = LINE('',#4526,#4527);
#4526 = CARTESIAN_POINT('',(1.8,-2.799553535834,7.7));
#4527 = VECTOR('',#4528,1.);
#4528 = DIRECTION('',(0.,0.,-1.));
#4529 = ORIENTED_EDGE('',*,*,#4530,.T.);
#4530 = EDGE_CURVE('',#4523,#4403,#4531,.T.);
#4531 = CIRCLE('',#4532,2.8);
#4532 = AXIS2_PLACEMENT_3D('',#4533,#4534,#4535);
#4533 = CARTESIAN_POINT('',(1.75,0.,7.9));
#4534 = DIRECTION('',(0.,0.,1.));
#4535 = DIRECTION('',(-1.,1.224646799147E-16,0.));
#4536 = CYLINDRICAL_SURFACE('',#4537,2.8);
#4537 = AXIS2_PLACEMENT_3D('',#4538,#4539,#4540);
#4538 = CARTESIAN_POINT('',(1.75,0.,8.));
#4539 = DIRECTION('',(0.,0.,-1.));
#4540 = DIRECTION('',(0.923879532511,-0.382683432365,0.));
#4541 = ADVANCED_FACE('',(#4542),#4588,.F.);
#4542 = FACE_BOUND('',#4543,.F.);
#4543 = EDGE_LOOP('',(#4544,#4545,#4546,#4547,#4556,#4564,#4573,#4581));
#4544 = ORIENTED_EDGE('',*,*,#4411,.F.);
#4545 = ORIENTED_EDGE('',*,*,#4386,.T.);
#4546 = ORIENTED_EDGE('',*,*,#4402,.T.);
#4547 = ORIENTED_EDGE('',*,*,#4548,.T.);
#4548 = EDGE_CURVE('',#4403,#4549,#4551,.T.);
#4549 = VERTEX_POINT('',#4550);
#4550 = CARTESIAN_POINT('',(4.549553535834,-4.999999999999E-02,7.9));
#4551 = CIRCLE('',#4552,2.8);
#4552 = AXIS2_PLACEMENT_3D('',#4553,#4554,#4555);
#4553 = CARTESIAN_POINT('',(1.75,0.,7.9));
#4554 = DIRECTION('',(0.,0.,1.));
#4555 = DIRECTION('',(-1.,1.224646799147E-16,0.));
#4556 = ORIENTED_EDGE('',*,*,#4557,.T.);
#4557 = EDGE_CURVE('',#4549,#4558,#4560,.T.);
#4558 = VERTEX_POINT('',#4559);
#4559 = CARTESIAN_POINT('',(4.549553535834,-5.E-02,7.8));
#4560 = LINE('',#4561,#4562);
#4561 = CARTESIAN_POINT('',(4.549553535834,-5.E-02,7.7));
#4562 = VECTOR('',#4563,1.);
#4563 = DIRECTION('',(0.,0.,-1.));
#4564 = ORIENTED_EDGE('',*,*,#4565,.F.);
#4565 = EDGE_CURVE('',#4566,#4558,#4568,.T.);
#4566 = VERTEX_POINT('',#4567);
#4567 = CARTESIAN_POINT('',(4.549553535834,5.E-02,7.8));
#4568 = CIRCLE('',#4569,2.8);
#4569 = AXIS2_PLACEMENT_3D('',#4570,#4571,#4572);
#4570 = CARTESIAN_POINT('',(1.75,0.,7.8));
#4571 = DIRECTION('',(0.,0.,-1.));
#4572 = DIRECTION('',(-1.,1.224646799147E-16,0.));
#4573 = ORIENTED_EDGE('',*,*,#4574,.F.);
#4574 = EDGE_CURVE('',#4575,#4566,#4577,.T.);
#4575 = VERTEX_POINT('',#4576);
#4576 = CARTESIAN_POINT('',(4.549553535834,4.999999999999E-02,7.9));
#4577 = LINE('',#4578,#4579);
#4578 = CARTESIAN_POINT('',(4.549553535834,5.E-02,7.7));
#4579 = VECTOR('',#4580,1.);
#4580 = DIRECTION('',(0.,0.,-1.));
#4581 = ORIENTED_EDGE('',*,*,#4582,.T.);
#4582 = EDGE_CURVE('',#4575,#4412,#4583,.T.);
#4583 = CIRCLE('',#4584,2.8);
#4584 = AXIS2_PLACEMENT_3D('',#4585,#4586,#4587);
#4585 = CARTESIAN_POINT('',(1.75,0.,7.9));
#4586 = DIRECTION('',(0.,0.,1.));
#4587 = DIRECTION('',(-1.,1.224646799147E-16,0.));
#4588 = CYLINDRICAL_SURFACE('',#4589,2.8);
#4589 = AXIS2_PLACEMENT_3D('',#4590,#4591,#4592);
#4590 = CARTESIAN_POINT('',(1.75,0.,8.));
#4591 = DIRECTION('',(0.,0.,-1.));
#4592 = DIRECTION('',(0.923879532511,0.382683432365,0.));
#4593 = ADVANCED_FACE('',(#4594),#4612,.T.);
#4594 = FACE_BOUND('',#4595,.T.);
#4595 = EDGE_LOOP('',(#4596,#4604,#4605,#4606));
#4596 = ORIENTED_EDGE('',*,*,#4597,.F.);
#4597 = EDGE_CURVE('',#4523,#4598,#4600,.T.);
#4598 = VERTEX_POINT('',#4599);
#4599 = CARTESIAN_POINT('',(1.8,-5.E-02,7.9));
#4600 = LINE('',#4601,#4602);
#4601 = CARTESIAN_POINT('',(1.8,-8.05,7.9));
#4602 = VECTOR('',#4603,1.);
#4603 = DIRECTION('',(1.224646799147E-16,1.,0.));
#4604 = ORIENTED_EDGE('',*,*,#4530,.T.);
#4605 = ORIENTED_EDGE('',*,*,#4548,.T.);
#4606 = ORIENTED_EDGE('',*,*,#4607,.F.);
#4607 = EDGE_CURVE('',#4598,#4549,#4608,.T.);
#4608 = LINE('',#4609,#4610);
#4609 = CARTESIAN_POINT('',(1.8,-5.E-02,7.9));
#4610 = VECTOR('',#4611,1.);
#4611 = DIRECTION('',(1.,-1.224646799147E-16,0.));
#4612 = PLANE('',#4613);
#4613 = AXIS2_PLACEMENT_3D('',#4614,#4615,#4616);
#4614 = CARTESIAN_POINT('',(1.75,-1.29885370033E-16,7.9));
#4615 = DIRECTION('',(0.,0.,1.));
#4616 = DIRECTION('',(-1.,1.224646799147E-16,0.));
#4617 = ADVANCED_FACE('',(#4618),#4636,.F.);
#4618 = FACE_BOUND('',#4619,.F.);
#4619 = EDGE_LOOP('',(#4620,#4621,#4622,#4630));
#4620 = ORIENTED_EDGE('',*,*,#4597,.F.);
#4621 = ORIENTED_EDGE('',*,*,#4522,.T.);
#4622 = ORIENTED_EDGE('',*,*,#4623,.T.);
#4623 = EDGE_CURVE('',#4514,#4624,#4626,.T.);
#4624 = VERTEX_POINT('',#4625);
#4625 = CARTESIAN_POINT('',(1.8,-5.E-02,7.8));
#4626 = LINE('',#4627,#4628);
#4627 = CARTESIAN_POINT('',(1.8,-8.05,7.8));
#4628 = VECTOR('',#4629,1.);
#4629 = DIRECTION('',(1.224646799147E-16,1.,0.));
#4630 = ORIENTED_EDGE('',*,*,#4631,.F.);
#4631 = EDGE_CURVE('',#4598,#4624,#4632,.T.);
#4632 = LINE('',#4633,#4634);
#4633 = CARTESIAN_POINT('',(1.8,-5.E-02,7.9));
#4634 = VECTOR('',#4635,1.);
#4635 = DIRECTION('',(0.,0.,-1.));
#4636 = PLANE('',#4637);
#4637 = AXIS2_PLACEMENT_3D('',#4638,#4639,#4640);
#4638 = CARTESIAN_POINT('',(1.8,-8.05,7.9));
#4639 = DIRECTION('',(1.,-1.224646799147E-16,0.));
#4640 = DIRECTION('',(1.224646799147E-16,1.,0.));
#4641 = ADVANCED_FACE('',(#4642),#4660,.T.);
#4642 = FACE_BOUND('',#4643,.T.);
#4643 = EDGE_LOOP('',(#4644,#4645,#4646,#4654));
#4644 = ORIENTED_EDGE('',*,*,#4582,.T.);
#4645 = ORIENTED_EDGE('',*,*,#4419,.T.);
#4646 = ORIENTED_EDGE('',*,*,#4647,.F.);
#4647 = EDGE_CURVE('',#4648,#4420,#4650,.T.);
#4648 = VERTEX_POINT('',#4649);
#4649 = CARTESIAN_POINT('',(1.8,5.E-02,7.9));
#4650 = LINE('',#4651,#4652);
#4651 = CARTESIAN_POINT('',(1.8,5.E-02,7.9));
#4652 = VECTOR('',#4653,1.);
#4653 = DIRECTION('',(1.224646799147E-16,1.,0.));
#4654 = ORIENTED_EDGE('',*,*,#4655,.F.);
#4655 = EDGE_CURVE('',#4575,#4648,#4656,.T.);
#4656 = LINE('',#4657,#4658);
#4657 = CARTESIAN_POINT('',(9.8,5.E-02,7.9));
#4658 = VECTOR('',#4659,1.);
#4659 = DIRECTION('',(-1.,1.224646799147E-16,0.));
#4660 = PLANE('',#4661);
#4661 = AXIS2_PLACEMENT_3D('',#4662,#4663,#4664);
#4662 = CARTESIAN_POINT('',(1.75,-1.29885370033E-16,7.9));
#4663 = DIRECTION('',(0.,0.,1.));
#4664 = DIRECTION('',(-1.,1.224646799147E-16,0.));
#4665 = ADVANCED_FACE('',(#4666),#4722,.T.);
#4666 = FACE_BOUND('',#4667,.T.);
#4667 = EDGE_LOOP('',(#4668,#4676,#4682,#4683,#4684,#4690,#4691,#4699,
    #4705,#4706,#4714,#4720,#4721));
#4668 = ORIENTED_EDGE('',*,*,#4669,.T.);
#4669 = EDGE_CURVE('',#4480,#4670,#4672,.T.);
#4670 = VERTEX_POINT('',#4671);
#4671 = CARTESIAN_POINT('',(1.7,-5.E-02,7.8));
#4672 = LINE('',#4673,#4674);
#4673 = CARTESIAN_POINT('',(-6.3,-5.E-02,7.8));
#4674 = VECTOR('',#4675,1.);
#4675 = DIRECTION('',(1.,-1.666748583704E-19,0.));
#4676 = ORIENTED_EDGE('',*,*,#4677,.T.);
#4677 = EDGE_CURVE('',#4670,#4506,#4678,.T.);
#4678 = LINE('',#4679,#4680);
#4679 = CARTESIAN_POINT('',(1.7,-5.E-02,7.8));
#4680 = VECTOR('',#4681,1.);
#4681 = DIRECTION('',(-1.224646799147E-16,-1.,0.));
#4682 = ORIENTED_EDGE('',*,*,#4513,.F.);
#4683 = ORIENTED_EDGE('',*,*,#4623,.T.);
#4684 = ORIENTED_EDGE('',*,*,#4685,.T.);
#4685 = EDGE_CURVE('',#4624,#4558,#4686,.T.);
#4686 = LINE('',#4687,#4688);
#4687 = CARTESIAN_POINT('',(1.8,-5.E-02,7.8));
#4688 = VECTOR('',#4689,1.);
#4689 = DIRECTION('',(1.,-1.224646799147E-16,0.));
#4690 = ORIENTED_EDGE('',*,*,#4565,.F.);
#4691 = ORIENTED_EDGE('',*,*,#4692,.T.);
#4692 = EDGE_CURVE('',#4566,#4693,#4695,.T.);
#4693 = VERTEX_POINT('',#4694);
#4694 = CARTESIAN_POINT('',(1.8,5.E-02,7.8));
#4695 = LINE('',#4696,#4697);
#4696 = CARTESIAN_POINT('',(9.8,5.E-02,7.8));
#4697 = VECTOR('',#4698,1.);
#4698 = DIRECTION('',(-1.,1.224646799147E-16,0.));
#4699 = ORIENTED_EDGE('',*,*,#4700,.T.);
#4700 = EDGE_CURVE('',#4693,#4429,#4701,.T.);
#4701 = LINE('',#4702,#4703);
#4702 = CARTESIAN_POINT('',(1.8,5.E-02,7.8));
#4703 = VECTOR('',#4704,1.);
#4704 = DIRECTION('',(1.224646799147E-16,1.,0.));
#4705 = ORIENTED_EDGE('',*,*,#4436,.F.);
#4706 = ORIENTED_EDGE('',*,*,#4707,.T.);
#4707 = EDGE_CURVE('',#4437,#4708,#4710,.T.);
#4708 = VERTEX_POINT('',#4709);
#4709 = CARTESIAN_POINT('',(1.7,5.E-02,7.8));
#4710 = LINE('',#4711,#4712);
#4711 = CARTESIAN_POINT('',(1.7,8.05,7.8));
#4712 = VECTOR('',#4713,1.);
#4713 = DIRECTION('',(-1.224646799147E-16,-1.,0.));
#4714 = ORIENTED_EDGE('',*,*,#4715,.T.);
#4715 = EDGE_CURVE('',#4708,#4463,#4716,.T.);
#4716 = LINE('',#4717,#4718);
#4717 = CARTESIAN_POINT('',(1.7,5.E-02,7.8));
#4718 = VECTOR('',#4719,1.);
#4719 = DIRECTION('',(-1.,1.224646799147E-16,0.));
#4720 = ORIENTED_EDGE('',*,*,#4470,.F.);
#4721 = ORIENTED_EDGE('',*,*,#4479,.F.);
#4722 = PLANE('',#4723);
#4723 = AXIS2_PLACEMENT_3D('',#4724,#4725,#4726);
#4724 = CARTESIAN_POINT('',(1.75,-5.365790627556E-16,7.8));
#4725 = DIRECTION('',(2.789396640922E-32,-3.240208219252E-32,1.));
#4726 = DIRECTION('',(-1.224646799147E-16,-1.,-3.240208219252E-32));
#4727 = ADVANCED_FACE('',(#4728),#4739,.F.);
#4728 = FACE_BOUND('',#4729,.F.);
#4729 = EDGE_LOOP('',(#4730,#4731,#4737,#4738));
#4730 = ORIENTED_EDGE('',*,*,#4647,.F.);
#4731 = ORIENTED_EDGE('',*,*,#4732,.T.);
#4732 = EDGE_CURVE('',#4648,#4693,#4733,.T.);
#4733 = LINE('',#4734,#4735);
#4734 = CARTESIAN_POINT('',(1.8,5.E-02,7.9));
#4735 = VECTOR('',#4736,1.);
#4736 = DIRECTION('',(0.,0.,-1.));
#4737 = ORIENTED_EDGE('',*,*,#4700,.T.);
#4738 = ORIENTED_EDGE('',*,*,#4428,.F.);
#4739 = PLANE('',#4740);
#4740 = AXIS2_PLACEMENT_3D('',#4741,#4742,#4743);
#4741 = CARTESIAN_POINT('',(1.8,5.E-02,7.9));
#4742 = DIRECTION('',(1.,-1.224646799147E-16,0.));
#4743 = DIRECTION('',(1.224646799147E-16,1.,0.));
#4744 = ADVANCED_FACE('',(#4745),#4763,.F.);
#4745 = FACE_BOUND('',#4746,.F.);
#4746 = EDGE_LOOP('',(#4747,#4755,#4761,#4762));
#4747 = ORIENTED_EDGE('',*,*,#4748,.F.);
#4748 = EDGE_CURVE('',#4749,#4497,#4751,.T.);
#4749 = VERTEX_POINT('',#4750);
#4750 = CARTESIAN_POINT('',(1.7,-5.E-02,7.9));
#4751 = LINE('',#4752,#4753);
#4752 = CARTESIAN_POINT('',(1.7,-5.E-02,7.9));
#4753 = VECTOR('',#4754,1.);
#4754 = DIRECTION('',(-1.224646799147E-16,-1.,0.));
#4755 = ORIENTED_EDGE('',*,*,#4756,.T.);
#4756 = EDGE_CURVE('',#4749,#4670,#4757,.T.);
#4757 = LINE('',#4758,#4759);
#4758 = CARTESIAN_POINT('',(1.7,-5.E-02,7.9));
#4759 = VECTOR('',#4760,1.);
#4760 = DIRECTION('',(0.,0.,-1.));
#4761 = ORIENTED_EDGE('',*,*,#4677,.T.);
#4762 = ORIENTED_EDGE('',*,*,#4505,.F.);
#4763 = PLANE('',#4764);
#4764 = AXIS2_PLACEMENT_3D('',#4765,#4766,#4767);
#4765 = CARTESIAN_POINT('',(1.7,-5.E-02,7.9));
#4766 = DIRECTION('',(-1.,1.224646799147E-16,0.));
#4767 = DIRECTION('',(-1.224646799147E-16,-1.,0.));
#4768 = ADVANCED_FACE('',(#4769),#4779,.T.);
#4769 = FACE_BOUND('',#4770,.T.);
#4770 = EDGE_LOOP('',(#4771,#4777,#4778));
#4771 = ORIENTED_EDGE('',*,*,#4772,.F.);
#4772 = EDGE_CURVE('',#4489,#4749,#4773,.T.);
#4773 = LINE('',#4774,#4775);
#4774 = CARTESIAN_POINT('',(-6.3,-5.E-02,7.9));
#4775 = VECTOR('',#4776,1.);
#4776 = DIRECTION('',(1.,-1.666748583704E-19,0.));
#4777 = ORIENTED_EDGE('',*,*,#4496,.T.);
#4778 = ORIENTED_EDGE('',*,*,#4748,.F.);
#4779 = PLANE('',#4780);
#4780 = AXIS2_PLACEMENT_3D('',#4781,#4782,#4783);
#4781 = CARTESIAN_POINT('',(1.75,-1.29885370033E-16,7.9));
#4782 = DIRECTION('',(0.,0.,1.));
#4783 = DIRECTION('',(-1.,1.224646799147E-16,0.));
#4784 = ADVANCED_FACE('',(#4785),#4803,.F.);
#4785 = FACE_BOUND('',#4786,.F.);
#4786 = EDGE_LOOP('',(#4787,#4795,#4796,#4797));
#4787 = ORIENTED_EDGE('',*,*,#4788,.F.);
#4788 = EDGE_CURVE('',#4446,#4789,#4791,.T.);
#4789 = VERTEX_POINT('',#4790);
#4790 = CARTESIAN_POINT('',(1.7,5.E-02,7.9));
#4791 = LINE('',#4792,#4793);
#4792 = CARTESIAN_POINT('',(1.7,8.05,7.9));
#4793 = VECTOR('',#4794,1.);
#4794 = DIRECTION('',(-1.224646799147E-16,-1.,0.));
#4795 = ORIENTED_EDGE('',*,*,#4445,.T.);
#4796 = ORIENTED_EDGE('',*,*,#4707,.T.);
#4797 = ORIENTED_EDGE('',*,*,#4798,.F.);
#4798 = EDGE_CURVE('',#4789,#4708,#4799,.T.);
#4799 = LINE('',#4800,#4801);
#4800 = CARTESIAN_POINT('',(1.7,5.E-02,7.9));
#4801 = VECTOR('',#4802,1.);
#4802 = DIRECTION('',(0.,0.,-1.));
#4803 = PLANE('',#4804);
#4804 = AXIS2_PLACEMENT_3D('',#4805,#4806,#4807);
#4805 = CARTESIAN_POINT('',(1.7,8.05,7.9));
#4806 = DIRECTION('',(-1.,1.224646799147E-16,0.));
#4807 = DIRECTION('',(-1.224646799147E-16,-1.,0.));
#4808 = ADVANCED_FACE('',(#4809),#4815,.F.);
#4809 = FACE_BOUND('',#4810,.F.);
#4810 = EDGE_LOOP('',(#4811,#4812,#4813,#4814));
#4811 = ORIENTED_EDGE('',*,*,#4772,.F.);
#4812 = ORIENTED_EDGE('',*,*,#4488,.T.);
#4813 = ORIENTED_EDGE('',*,*,#4669,.T.);
#4814 = ORIENTED_EDGE('',*,*,#4756,.F.);
#4815 = PLANE('',#4816);
#4816 = AXIS2_PLACEMENT_3D('',#4817,#4818,#4819);
#4817 = CARTESIAN_POINT('',(-6.3,-5.E-02,7.9));
#4818 = DIRECTION('',(-1.666748583704E-19,-1.,0.));
#4819 = DIRECTION('',(1.,-1.666748583704E-19,0.));
#4820 = ADVANCED_FACE('',(#4821),#4831,.T.);
#4821 = FACE_BOUND('',#4822,.T.);
#4822 = EDGE_LOOP('',(#4823,#4824,#4830));
#4823 = ORIENTED_EDGE('',*,*,#4453,.T.);
#4824 = ORIENTED_EDGE('',*,*,#4825,.F.);
#4825 = EDGE_CURVE('',#4789,#4454,#4826,.T.);
#4826 = LINE('',#4827,#4828);
#4827 = CARTESIAN_POINT('',(1.7,5.E-02,7.9));
#4828 = VECTOR('',#4829,1.);
#4829 = DIRECTION('',(-1.,1.224646799147E-16,0.));
#4830 = ORIENTED_EDGE('',*,*,#4788,.F.);
#4831 = PLANE('',#4832);
#4832 = AXIS2_PLACEMENT_3D('',#4833,#4834,#4835);
#4833 = CARTESIAN_POINT('',(1.75,-1.29885370033E-16,7.9));
#4834 = DIRECTION('',(0.,0.,1.));
#4835 = DIRECTION('',(-1.,1.224646799147E-16,0.));
#4836 = ADVANCED_FACE('',(#4837),#4843,.F.);
#4837 = FACE_BOUND('',#4838,.F.);
#4838 = EDGE_LOOP('',(#4839,#4840,#4841,#4842));
#4839 = ORIENTED_EDGE('',*,*,#4825,.F.);
#4840 = ORIENTED_EDGE('',*,*,#4798,.T.);
#4841 = ORIENTED_EDGE('',*,*,#4715,.T.);
#4842 = ORIENTED_EDGE('',*,*,#4462,.F.);
#4843 = PLANE('',#4844);
#4844 = AXIS2_PLACEMENT_3D('',#4845,#4846,#4847);
#4845 = CARTESIAN_POINT('',(1.7,5.E-02,7.9));
#4846 = DIRECTION('',(1.224646799147E-16,1.,0.));
#4847 = DIRECTION('',(-1.,1.224646799147E-16,0.));
#4848 = ADVANCED_FACE('',(#4849),#4855,.F.);
#4849 = FACE_BOUND('',#4850,.F.);
#4850 = EDGE_LOOP('',(#4851,#4852,#4853,#4854));
#4851 = ORIENTED_EDGE('',*,*,#4655,.F.);
#4852 = ORIENTED_EDGE('',*,*,#4574,.T.);
#4853 = ORIENTED_EDGE('',*,*,#4692,.T.);
#4854 = ORIENTED_EDGE('',*,*,#4732,.F.);
#4855 = PLANE('',#4856);
#4856 = AXIS2_PLACEMENT_3D('',#4857,#4858,#4859);
#4857 = CARTESIAN_POINT('',(9.8,5.E-02,7.9));
#4858 = DIRECTION('',(1.224646799147E-16,1.,0.));
#4859 = DIRECTION('',(-1.,1.224646799147E-16,0.));
#4860 = ADVANCED_FACE('',(#4861),#4867,.F.);
#4861 = FACE_BOUND('',#4862,.F.);
#4862 = EDGE_LOOP('',(#4863,#4864,#4865,#4866));
#4863 = ORIENTED_EDGE('',*,*,#4607,.F.);
#4864 = ORIENTED_EDGE('',*,*,#4631,.T.);
#4865 = ORIENTED_EDGE('',*,*,#4685,.T.);
#4866 = ORIENTED_EDGE('',*,*,#4557,.F.);
#4867 = PLANE('',#4868);
#4868 = AXIS2_PLACEMENT_3D('',#4869,#4870,#4871);
#4869 = CARTESIAN_POINT('',(1.8,-5.E-02,7.9));
#4870 = DIRECTION('',(-1.224646799147E-16,-1.,0.));
#4871 = DIRECTION('',(1.,-1.224646799147E-16,0.));
#4872 = ORIENTED_CLOSED_SHELL('',*,#4873,.F.);
#4873 = CLOSED_SHELL('',(#4874,#4907,#4939,#4956,#4983));
#4874 = ADVANCED_FACE('',(#4875),#4902,.T.);
#4875 = FACE_BOUND('',#4876,.T.);
#4876 = EDGE_LOOP('',(#4877,#4888,#4896));
#4877 = ORIENTED_EDGE('',*,*,#4878,.T.);
#4878 = EDGE_CURVE('',#4879,#4881,#4883,.T.);
#4879 = VERTEX_POINT('',#4880);
#4880 = CARTESIAN_POINT('',(4.336862691032,1.071513610622,7.6));
#4881 = VERTEX_POINT('',#4882);
#4882 = CARTESIAN_POINT('',(4.336862691032,-1.071513610622,7.6));
#4883 = CIRCLE('',#4884,2.8);
#4884 = AXIS2_PLACEMENT_3D('',#4885,#4886,#4887);
#4885 = CARTESIAN_POINT('',(1.75,0.,7.6));
#4886 = DIRECTION('',(0.,0.,-1.));
#4887 = DIRECTION('',(0.923879532511,0.382683432365,0.));
#4888 = ORIENTED_EDGE('',*,*,#4889,.T.);
#4889 = EDGE_CURVE('',#4881,#4890,#4892,.T.);
#4890 = VERTEX_POINT('',#4891);
#4891 = CARTESIAN_POINT('',(1.75,0.,7.6));
#4892 = LINE('',#4893,#4894);
#4893 = CARTESIAN_POINT('',(4.336862691032,-1.071513610622,7.6));
#4894 = VECTOR('',#4895,1.);
#4895 = DIRECTION('',(-0.923879532511,0.382683432365,0.));
#4896 = ORIENTED_EDGE('',*,*,#4897,.F.);
#4897 = EDGE_CURVE('',#4879,#4890,#4898,.T.);
#4898 = LINE('',#4899,#4900);
#4899 = CARTESIAN_POINT('',(4.336862691032,1.071513610622,7.6));
#4900 = VECTOR('',#4901,1.);
#4901 = DIRECTION('',(-0.923879532511,-0.382683432365,0.));
#4902 = PLANE('',#4903);
#4903 = AXIS2_PLACEMENT_3D('',#4904,#4905,#4906);
#4904 = CARTESIAN_POINT('',(1.75,0.,7.6));
#4905 = DIRECTION('',(0.,0.,-1.));
#4906 = DIRECTION('',(0.923879532511,0.382683432365,0.));
#4907 = ADVANCED_FACE('',(#4908),#4934,.T.);
#4908 = FACE_BOUND('',#4909,.T.);
#4909 = EDGE_LOOP('',(#4910,#4918,#4927,#4933));
#4910 = ORIENTED_EDGE('',*,*,#4911,.F.);
#4911 = EDGE_CURVE('',#4912,#4879,#4914,.T.);
#4912 = VERTEX_POINT('',#4913);
#4913 = CARTESIAN_POINT('',(4.336862691032,1.071513610622,7.7));
#4914 = LINE('',#4915,#4916);
#4915 = CARTESIAN_POINT('',(4.336862691032,1.071513610622,8.));
#4916 = VECTOR('',#4917,1.);
#4917 = DIRECTION('',(0.,0.,-1.));
#4918 = ORIENTED_EDGE('',*,*,#4919,.F.);
#4919 = EDGE_CURVE('',#4920,#4912,#4922,.T.);
#4920 = VERTEX_POINT('',#4921);
#4921 = CARTESIAN_POINT('',(4.336862691032,-1.071513610622,7.7));
#4922 = CIRCLE('',#4923,2.8);
#4923 = AXIS2_PLACEMENT_3D('',#4924,#4925,#4926);
#4924 = CARTESIAN_POINT('',(1.75,0.,7.7));
#4925 = DIRECTION('',(0.,0.,1.));
#4926 = DIRECTION('',(-1.,1.224646799147E-16,0.));
#4927 = ORIENTED_EDGE('',*,*,#4928,.T.);
#4928 = EDGE_CURVE('',#4920,#4881,#4929,.T.);
#4929 = LINE('',#4930,#4931);
#4930 = CARTESIAN_POINT('',(4.336862691032,-1.071513610622,8.));
#4931 = VECTOR('',#4932,1.);
#4932 = DIRECTION('',(0.,0.,-1.));
#4933 = ORIENTED_EDGE('',*,*,#4878,.F.);
#4934 = CYLINDRICAL_SURFACE('',#4935,2.8);
#4935 = AXIS2_PLACEMENT_3D('',#4936,#4937,#4938);
#4936 = CARTESIAN_POINT('',(1.75,0.,8.));
#4937 = DIRECTION('',(0.,0.,-1.));
#4938 = DIRECTION('',(0.923879532511,0.382683432365,0.));
#4939 = ADVANCED_FACE('',(#4940),#4951,.T.);
#4940 = FACE_BOUND('',#4941,.T.);
#4941 = EDGE_LOOP('',(#4942,#4949,#4950));
#4942 = ORIENTED_EDGE('',*,*,#4943,.T.);
#4943 = EDGE_CURVE('',#4881,#4879,#4944,.T.);
#4944 = CIRCLE('',#4945,2.8);
#4945 = AXIS2_PLACEMENT_3D('',#4946,#4947,#4948);
#4946 = CARTESIAN_POINT('',(1.75,0.,7.6));
#4947 = DIRECTION('',(0.,-0.,-1.));
#4948 = DIRECTION('',(0.923879532511,-0.382683432365,0.));
#4949 = ORIENTED_EDGE('',*,*,#4897,.T.);
#4950 = ORIENTED_EDGE('',*,*,#4889,.F.);
#4951 = PLANE('',#4952);
#4952 = AXIS2_PLACEMENT_3D('',#4953,#4954,#4955);
#4953 = CARTESIAN_POINT('',(1.75,0.,7.6));
#4954 = DIRECTION('',(0.,0.,-1.));
#4955 = DIRECTION('',(0.923879532511,-0.382683432365,0.));
#4956 = ADVANCED_FACE('',(#4957),#4978,.T.);
#4957 = FACE_BOUND('',#4958,.T.);
#4958 = EDGE_LOOP('',(#4959,#4960,#4969,#4976,#4977));
#4959 = ORIENTED_EDGE('',*,*,#4928,.F.);
#4960 = ORIENTED_EDGE('',*,*,#4961,.F.);
#4961 = EDGE_CURVE('',#4962,#4920,#4964,.T.);
#4962 = VERTEX_POINT('',#4963);
#4963 = CARTESIAN_POINT('',(-1.05,3.429011037613E-16,7.7));
#4964 = CIRCLE('',#4965,2.8);
#4965 = AXIS2_PLACEMENT_3D('',#4966,#4967,#4968);
#4966 = CARTESIAN_POINT('',(1.75,0.,7.7));
#4967 = DIRECTION('',(0.,0.,1.));
#4968 = DIRECTION('',(-1.,1.224646799147E-16,0.));
#4969 = ORIENTED_EDGE('',*,*,#4970,.F.);
#4970 = EDGE_CURVE('',#4912,#4962,#4971,.T.);
#4971 = CIRCLE('',#4972,2.8);
#4972 = AXIS2_PLACEMENT_3D('',#4973,#4974,#4975);
#4973 = CARTESIAN_POINT('',(1.75,0.,7.7));
#4974 = DIRECTION('',(0.,0.,1.));
#4975 = DIRECTION('',(-1.,1.224646799147E-16,0.));
#4976 = ORIENTED_EDGE('',*,*,#4911,.T.);
#4977 = ORIENTED_EDGE('',*,*,#4943,.F.);
#4978 = CYLINDRICAL_SURFACE('',#4979,2.8);
#4979 = AXIS2_PLACEMENT_3D('',#4980,#4981,#4982);
#4980 = CARTESIAN_POINT('',(1.75,0.,8.));
#4981 = DIRECTION('',(0.,0.,-1.));
#4982 = DIRECTION('',(0.923879532511,-0.382683432365,0.));
#4983 = ADVANCED_FACE('',(#4984),#4989,.T.);
#4984 = FACE_BOUND('',#4985,.T.);
#4985 = EDGE_LOOP('',(#4986,#4987,#4988));
#4986 = ORIENTED_EDGE('',*,*,#4961,.T.);
#4987 = ORIENTED_EDGE('',*,*,#4919,.T.);
#4988 = ORIENTED_EDGE('',*,*,#4970,.T.);
#4989 = PLANE('',#4990);
#4990 = AXIS2_PLACEMENT_3D('',#4991,#4992,#4993);
#4991 = CARTESIAN_POINT('',(1.75,-1.29885370033E-16,7.7));
#4992 = DIRECTION('',(0.,0.,1.));
#4993 = DIRECTION('',(-1.,1.224646799147E-16,0.));
#4994 = ( GEOMETRIC_REPRESENTATION_CONTEXT(3) 
GLOBAL_UNCERTAINTY_ASSIGNED_CONTEXT((#4998)) 
GLOBAL_UNIT_ASSIGNED_CONTEXT((#4995,#4996,#4997)) REPRESENTATION_CONTEXT
('Context #1','3D Context with UNIT and UNCERTAINTY') );
#4995 = ( LENGTH_UNIT() NAMED_UNIT(*) SI_UNIT(.MILLI.,.METRE.) );
#4996 = ( NAMED_UNIT(*) PLANE_ANGLE_UNIT() SI_UNIT($,.RADIAN.) );
#4997 = ( NAMED_UNIT(*) SI_UNIT($,.STERADIAN.) SOLID_ANGLE_UNIT() );
#4998 = UNCERTAINTY_MEASURE_WITH_UNIT(LENGTH_MEASURE(2.E-06),#4995,
  'distance_accuracy_value','confusion accuracy');
#4999 = CONTEXT_DEPENDENT_SHAPE_REPRESENTATION(#5000,#5002);
#5000 = ( REPRESENTATION_RELATIONSHIP('','',#2549,#2526) 
REPRESENTATION_RELATIONSHIP_WITH_TRANSFORMATION(#5001) 
SHAPE_REPRESENTATION_RELATIONSHIP() );
#5001 = ITEM_DEFINED_TRANSFORMATION('','',#11,#2527);
#5002 = PRODUCT_DEFINITION_SHAPE('Placement','Placement of an item',
  #5003);
#5003 = NEXT_ASSEMBLY_USAGE_OCCURRENCE('10','=>[0:1:1:9]','',#2521,#2544
  ,$);
#5004 = PRODUCT_RELATED_PRODUCT_CATEGORY('part',$,(#2546));
#5005 = SHAPE_DEFINITION_REPRESENTATION(#5006,#5012);
#5006 = PRODUCT_DEFINITION_SHAPE('','',#5007);
#5007 = PRODUCT_DEFINITION('design','',#5008,#5011);
#5008 = PRODUCT_DEFINITION_FORMATION('','',#5009);
#5009 = PRODUCT('LED_D3.0mm','LED_D3.0mm','',(#5010));
#5010 = PRODUCT_CONTEXT('',#2,'mechanical');
#5011 = PRODUCT_DEFINITION_CONTEXT('part definition',#2,'design');
#5012 = SHAPE_REPRESENTATION('',(#11,#5013),#5017);
#5013 = AXIS2_PLACEMENT_3D('',#5014,#5015,#5016);
#5014 = CARTESIAN_POINT('',(0.,0.,0.));
#5015 = DIRECTION('',(0.,0.,1.));
#5016 = DIRECTION('',(1.,0.,-0.));
#5017 = ( GEOMETRIC_REPRESENTATION_CONTEXT(3) 
GLOBAL_UNCERTAINTY_ASSIGNED_CONTEXT((#5021)) 
GLOBAL_UNIT_ASSIGNED_CONTEXT((#5018,#5019,#5020)) REPRESENTATION_CONTEXT
('Context #1','3D Context with UNIT and UNCERTAINTY') );
#5018 = ( LENGTH_UNIT() NAMED_UNIT(*) SI_UNIT(.MILLI.,.METRE.) );
#5019 = ( NAMED_UNIT(*) PLANE_ANGLE_UNIT() SI_UNIT($,.RADIAN.) );
#5020 = ( NAMED_UNIT(*) SI_UNIT($,.STERADIAN.) SOLID_ANGLE_UNIT() );
#5021 = UNCERTAINTY_MEASURE_WITH_UNIT(LENGTH_MEASURE(1.E-07),#5018,
  'distance_accuracy_value','confusion accuracy');
#5022 = CONTEXT_DEPENDENT_SHAPE_REPRESENTATION(#5023,#5025);
#5023 = ( REPRESENTATION_RELATIONSHIP('','',#5012,#10) 
REPRESENTATION_RELATIONSHIP_WITH_TRANSFORMATION(#5024) 
SHAPE_REPRESENTATION_RELATIONSHIP() );
#5024 = ITEM_DEFINED_TRANSFORMATION('','',#11,#43);
#5025 = PRODUCT_DEFINITION_SHAPE('Placement','Placement of an item',
  #5026);
#5026 = NEXT_ASSEMBLY_USAGE_OCCURRENCE('13','D1','',#5,#5007,$);
#5027 = PRODUCT_RELATED_PRODUCT_CATEGORY('part',$,(#5009));
#5028 = SHAPE_DEFINITION_REPRESENTATION(#5029,#5035);
#5029 = PRODUCT_DEFINITION_SHAPE('','',#5030);
#5030 = PRODUCT_DEFINITION('design','',#5031,#5034);
#5031 = PRODUCT_DEFINITION_FORMATION('','',#5032);
#5032 = PRODUCT('LED_D3.0mm','LED_D3.0mm','',(#5033));
#5033 = PRODUCT_CONTEXT('',#2,'mechanical');
#5034 = PRODUCT_DEFINITION_CONTEXT('part definition',#2,'design');
#5035 = ADVANCED_BREP_SHAPE_REPRESENTATION('',(#11,#5036),#5499);
#5036 = MANIFOLD_SOLID_BREP('',#5037);
#5037 = CLOSED_SHELL('',(#5038,#5065,#5110,#5154,#5186,#5205,#5283,#5314
    ,#5338,#5362,#5379,#5410,#5434,#5458,#5475,#5487));
#5038 = ADVANCED_FACE('',(#5039),#5060,.T.);
#5039 = FACE_BOUND('',#5040,.T.);
#5040 = EDGE_LOOP('',(#5041,#5052,#5053));
#5041 = ORIENTED_EDGE('',*,*,#5042,.T.);
#5042 = EDGE_CURVE('',#5043,#5045,#5047,.T.);
#5043 = VERTEX_POINT('',#5044);
#5044 = CARTESIAN_POINT('',(2.77,-1.50990331349E-15,6.8));
#5045 = VERTEX_POINT('',#5046);
#5046 = CARTESIAN_POINT('',(1.27,-1.842970220878E-15,8.3));
#5047 = CIRCLE('',#5048,1.5);
#5048 = AXIS2_PLACEMENT_3D('',#5049,#5050,#5051);
#5049 = CARTESIAN_POINT('',(1.27,-1.50990331349E-15,6.8));
#5050 = DIRECTION('',(0.,-1.,-2.22044604925E-16));
#5051 = DIRECTION('',(1.,0.,0.));
#5052 = ORIENTED_EDGE('',*,*,#5042,.F.);
#5053 = ORIENTED_EDGE('',*,*,#5054,.F.);
#5054 = EDGE_CURVE('',#5043,#5043,#5055,.T.);
#5055 = CIRCLE('',#5056,1.5);
#5056 = AXIS2_PLACEMENT_3D('',#5057,#5058,#5059);
#5057 = CARTESIAN_POINT('',(1.27,-1.50990331349E-15,6.8));
#5058 = DIRECTION('',(0.,2.22044604925E-16,-1.));
#5059 = DIRECTION('',(1.,0.,0.));
#5060 = SPHERICAL_SURFACE('',#5061,1.5);
#5061 = AXIS2_PLACEMENT_3D('',#5062,#5063,#5064);
#5062 = CARTESIAN_POINT('',(1.27,-1.50990331349E-15,6.8));
#5063 = DIRECTION('',(0.,-2.22044604925E-16,1.));
#5064 = DIRECTION('',(1.,0.,0.));
#5065 = ADVANCED_FACE('',(#5066),#5105,.T.);
#5066 = FACE_BOUND('',#5067,.T.);
#5067 = EDGE_LOOP('',(#5068,#5076,#5077,#5078,#5087,#5096));
#5068 = ORIENTED_EDGE('',*,*,#5069,.F.);
#5069 = EDGE_CURVE('',#5043,#5070,#5072,.T.);
#5070 = VERTEX_POINT('',#5071);
#5071 = CARTESIAN_POINT('',(2.77,-8.881784197001E-16,4.));
#5072 = LINE('',#5073,#5074);
#5073 = CARTESIAN_POINT('',(2.77,-1.50990331349E-15,6.8));
#5074 = VECTOR('',#5075,1.);
#5075 = DIRECTION('',(0.,2.22044604925E-16,-1.));
#5076 = ORIENTED_EDGE('',*,*,#5054,.T.);
#5077 = ORIENTED_EDGE('',*,*,#5069,.T.);
#5078 = ORIENTED_EDGE('',*,*,#5079,.F.);
#5079 = EDGE_CURVE('',#5080,#5070,#5082,.T.);
#5080 = VERTEX_POINT('',#5081);
#5081 = CARTESIAN_POINT('',(-0.23,-1.091049232099E-15,4.));
#5082 = CIRCLE('',#5083,1.5);
#5083 = AXIS2_PLACEMENT_3D('',#5084,#5085,#5086);
#5084 = CARTESIAN_POINT('',(1.27,-8.881784197001E-16,4.));
#5085 = DIRECTION('',(0.,2.22044604925E-16,-1.));
#5086 = DIRECTION('',(1.,0.,0.));
#5087 = ORIENTED_EDGE('',*,*,#5088,.F.);
#5088 = EDGE_CURVE('',#5089,#5080,#5091,.T.);
#5089 = VERTEX_POINT('',#5090);
#5090 = CARTESIAN_POINT('',(-0.23,-7.823615514024E-09,4.));
#5091 = CIRCLE('',#5092,1.5);
#5092 = AXIS2_PLACEMENT_3D('',#5093,#5094,#5095);
#5093 = CARTESIAN_POINT('',(1.27,-8.881784197001E-16,4.));
#5094 = DIRECTION('',(0.,2.22044604925E-16,-1.));
#5095 = DIRECTION('',(1.,0.,0.));
#5096 = ORIENTED_EDGE('',*,*,#5097,.F.);
#5097 = EDGE_CURVE('',#5070,#5098,#5100,.T.);
#5098 = VERTEX_POINT('',#5099);
#5099 = CARTESIAN_POINT('',(-0.23,-7.823615514024E-09,4.));
#5100 = CIRCLE('',#5101,1.5);
#5101 = AXIS2_PLACEMENT_3D('',#5102,#5103,#5104);
#5102 = CARTESIAN_POINT('',(1.27,-8.881784197001E-16,4.));
#5103 = DIRECTION('',(0.,2.22044604925E-16,-1.));
#5104 = DIRECTION('',(1.,0.,0.));
#5105 = CYLINDRICAL_SURFACE('',#5106,1.5);
#5106 = AXIS2_PLACEMENT_3D('',#5107,#5108,#5109);
#5107 = CARTESIAN_POINT('',(1.27,-1.50990331349E-15,6.8));
#5108 = DIRECTION('',(0.,2.22044604925E-16,-1.));
#5109 = DIRECTION('',(1.,0.,0.));
#5110 = ADVANCED_FACE('',(#5111,#5144),#5149,.F.);
#5111 = FACE_BOUND('',#5112,.F.);
#5112 = EDGE_LOOP('',(#5113,#5124,#5130,#5138));
#5113 = ORIENTED_EDGE('',*,*,#5114,.F.);
#5114 = EDGE_CURVE('',#5115,#5117,#5119,.T.);
#5115 = VERTEX_POINT('',#5116);
#5116 = CARTESIAN_POINT('',(-0.23,-1.16619037897,4.));
#5117 = VERTEX_POINT('',#5118);
#5118 = CARTESIAN_POINT('',(-0.23,1.16619037897,4.));
#5119 = CIRCLE('',#5120,1.9);
#5120 = AXIS2_PLACEMENT_3D('',#5121,#5122,#5123);
#5121 = CARTESIAN_POINT('',(1.27,0.,4.));
#5122 = DIRECTION('',(0.,0.,1.));
#5123 = DIRECTION('',(1.,0.,-0.));
#5124 = ORIENTED_EDGE('',*,*,#5125,.T.);
#5125 = EDGE_CURVE('',#5115,#5089,#5126,.T.);
#5126 = LINE('',#5127,#5128);
#5127 = CARTESIAN_POINT('',(-0.23,-1.16619037897,4.));
#5128 = VECTOR('',#5129,1.);
#5129 = DIRECTION('',(0.,1.,0.));
#5130 = ORIENTED_EDGE('',*,*,#5131,.T.);
#5131 = EDGE_CURVE('',#5089,#5132,#5134,.T.);
#5132 = VERTEX_POINT('',#5133);
#5133 = CARTESIAN_POINT('',(-0.23,-1.091049232099E-15,4.));
#5134 = LINE('',#5135,#5136);
#5135 = CARTESIAN_POINT('',(-0.23,-1.16619037897,4.));
#5136 = VECTOR('',#5137,1.);
#5137 = DIRECTION('',(0.,1.,0.));
#5138 = ORIENTED_EDGE('',*,*,#5139,.T.);
#5139 = EDGE_CURVE('',#5132,#5117,#5140,.T.);
#5140 = LINE('',#5141,#5142);
#5141 = CARTESIAN_POINT('',(-0.23,-1.16619037897,4.));
#5142 = VECTOR('',#5143,1.);
#5143 = DIRECTION('',(0.,1.,0.));
#5144 = FACE_BOUND('',#5145,.F.);
#5145 = EDGE_LOOP('',(#5146,#5147,#5148));
#5146 = ORIENTED_EDGE('',*,*,#5079,.F.);
#5147 = ORIENTED_EDGE('',*,*,#5088,.F.);
#5148 = ORIENTED_EDGE('',*,*,#5097,.F.);
#5149 = PLANE('',#5150);
#5150 = AXIS2_PLACEMENT_3D('',#5151,#5152,#5153);
#5151 = CARTESIAN_POINT('',(-0.23,-1.166190378969,4.));
#5152 = DIRECTION('',(0.,0.,-1.));
#5153 = DIRECTION('',(-1.,0.,0.));
#5154 = ADVANCED_FACE('',(#5155),#5181,.T.);
#5155 = FACE_BOUND('',#5156,.T.);
#5156 = EDGE_LOOP('',(#5157,#5168,#5174,#5175));
#5157 = ORIENTED_EDGE('',*,*,#5158,.T.);
#5158 = EDGE_CURVE('',#5159,#5161,#5163,.T.);
#5159 = VERTEX_POINT('',#5160);
#5160 = CARTESIAN_POINT('',(-0.23,-1.16619037897,3.));
#5161 = VERTEX_POINT('',#5162);
#5162 = CARTESIAN_POINT('',(-0.23,1.16619037897,3.));
#5163 = CIRCLE('',#5164,1.9);
#5164 = AXIS2_PLACEMENT_3D('',#5165,#5166,#5167);
#5165 = CARTESIAN_POINT('',(1.27,0.,3.));
#5166 = DIRECTION('',(0.,0.,1.));
#5167 = DIRECTION('',(1.,0.,-0.));
#5168 = ORIENTED_EDGE('',*,*,#5169,.T.);
#5169 = EDGE_CURVE('',#5161,#5117,#5170,.T.);
#5170 = LINE('',#5171,#5172);
#5171 = CARTESIAN_POINT('',(-0.23,1.16619037897,3.));
#5172 = VECTOR('',#5173,1.);
#5173 = DIRECTION('',(0.,0.,1.));
#5174 = ORIENTED_EDGE('',*,*,#5114,.F.);
#5175 = ORIENTED_EDGE('',*,*,#5176,.F.);
#5176 = EDGE_CURVE('',#5159,#5115,#5177,.T.);
#5177 = LINE('',#5178,#5179);
#5178 = CARTESIAN_POINT('',(-0.23,-1.16619037897,3.));
#5179 = VECTOR('',#5180,1.);
#5180 = DIRECTION('',(0.,0.,1.));
#5181 = CYLINDRICAL_SURFACE('',#5182,1.9);
#5182 = AXIS2_PLACEMENT_3D('',#5183,#5184,#5185);
#5183 = CARTESIAN_POINT('',(1.27,0.,3.));
#5184 = DIRECTION('',(-0.,-0.,-1.));
#5185 = DIRECTION('',(1.,0.,0.));
#5186 = ADVANCED_FACE('',(#5187),#5200,.T.);
#5187 = FACE_BOUND('',#5188,.T.);
#5188 = EDGE_LOOP('',(#5189,#5190,#5191,#5192,#5193,#5194));
#5189 = ORIENTED_EDGE('',*,*,#5176,.T.);
#5190 = ORIENTED_EDGE('',*,*,#5125,.T.);
#5191 = ORIENTED_EDGE('',*,*,#5131,.T.);
#5192 = ORIENTED_EDGE('',*,*,#5139,.T.);
#5193 = ORIENTED_EDGE('',*,*,#5169,.F.);
#5194 = ORIENTED_EDGE('',*,*,#5195,.F.);
#5195 = EDGE_CURVE('',#5159,#5161,#5196,.T.);
#5196 = LINE('',#5197,#5198);
#5197 = CARTESIAN_POINT('',(-0.23,-1.16619037897,3.));
#5198 = VECTOR('',#5199,1.);
#5199 = DIRECTION('',(0.,1.,0.));
#5200 = PLANE('',#5201);
#5201 = AXIS2_PLACEMENT_3D('',#5202,#5203,#5204);
#5202 = CARTESIAN_POINT('',(-0.23,-1.16619037897,3.));
#5203 = DIRECTION('',(-1.,0.,0.));
#5204 = DIRECTION('',(0.,1.,0.));
#5205 = ADVANCED_FACE('',(#5206,#5210,#5244),#5278,.T.);
#5206 = FACE_BOUND('',#5207,.T.);
#5207 = EDGE_LOOP('',(#5208,#5209));
#5208 = ORIENTED_EDGE('',*,*,#5158,.F.);
#5209 = ORIENTED_EDGE('',*,*,#5195,.T.);
#5210 = FACE_BOUND('',#5211,.T.);
#5211 = EDGE_LOOP('',(#5212,#5222,#5230,#5238));
#5212 = ORIENTED_EDGE('',*,*,#5213,.T.);
#5213 = EDGE_CURVE('',#5214,#5216,#5218,.T.);
#5214 = VERTEX_POINT('',#5215);
#5215 = CARTESIAN_POINT('',(0.2,-0.2,3.));
#5216 = VERTEX_POINT('',#5217);
#5217 = CARTESIAN_POINT('',(0.2,0.2,3.));
#5218 = LINE('',#5219,#5220);
#5219 = CARTESIAN_POINT('',(0.2,-0.483095189485,3.));
#5220 = VECTOR('',#5221,1.);
#5221 = DIRECTION('',(0.,1.,0.));
#5222 = ORIENTED_EDGE('',*,*,#5223,.T.);
#5223 = EDGE_CURVE('',#5216,#5224,#5226,.T.);
#5224 = VERTEX_POINT('',#5225);
#5225 = CARTESIAN_POINT('',(-0.2,0.2,3.));
#5226 = LINE('',#5227,#5228);
#5227 = CARTESIAN_POINT('',(-0.215,0.2,3.));
#5228 = VECTOR('',#5229,1.);
#5229 = DIRECTION('',(-1.,-0.,-0.));
#5230 = ORIENTED_EDGE('',*,*,#5231,.T.);
#5231 = EDGE_CURVE('',#5224,#5232,#5234,.T.);
#5232 = VERTEX_POINT('',#5233);
#5233 = CARTESIAN_POINT('',(-0.2,-0.2,3.));
#5234 = LINE('',#5235,#5236);
#5235 = CARTESIAN_POINT('',(-0.2,-0.683095189485,3.));
#5236 = VECTOR('',#5237,1.);
#5237 = DIRECTION('',(0.,-1.,0.));
#5238 = ORIENTED_EDGE('',*,*,#5239,.T.);
#5239 = EDGE_CURVE('',#5232,#5214,#5240,.T.);
#5240 = LINE('',#5241,#5242);
#5241 = CARTESIAN_POINT('',(-1.499999999986E-02,-0.2,3.));
#5242 = VECTOR('',#5243,1.);
#5243 = DIRECTION('',(1.,0.,0.));
#5244 = FACE_BOUND('',#5245,.T.);
#5245 = EDGE_LOOP('',(#5246,#5256,#5264,#5272));
#5246 = ORIENTED_EDGE('',*,*,#5247,.T.);
#5247 = EDGE_CURVE('',#5248,#5250,#5252,.T.);
#5248 = VERTEX_POINT('',#5249);
#5249 = CARTESIAN_POINT('',(2.74,0.2,3.));
#5250 = VERTEX_POINT('',#5251);
#5251 = CARTESIAN_POINT('',(2.34,0.2,3.));
#5252 = LINE('',#5253,#5254);
#5253 = CARTESIAN_POINT('',(1.055,0.2,3.));
#5254 = VECTOR('',#5255,1.);
#5255 = DIRECTION('',(-1.,-0.,-0.));
#5256 = ORIENTED_EDGE('',*,*,#5257,.T.);
#5257 = EDGE_CURVE('',#5250,#5258,#5260,.T.);
#5258 = VERTEX_POINT('',#5259);
#5259 = CARTESIAN_POINT('',(2.34,-0.2,3.));
#5260 = LINE('',#5261,#5262);
#5261 = CARTESIAN_POINT('',(2.34,-0.683095189485,3.));
#5262 = VECTOR('',#5263,1.);
#5263 = DIRECTION('',(0.,-1.,0.));
#5264 = ORIENTED_EDGE('',*,*,#5265,.T.);
#5265 = EDGE_CURVE('',#5258,#5266,#5268,.T.);
#5266 = VERTEX_POINT('',#5267);
#5267 = CARTESIAN_POINT('',(2.74,-0.2,3.));
#5268 = LINE('',#5269,#5270);
#5269 = CARTESIAN_POINT('',(1.255,-0.2,3.));
#5270 = VECTOR('',#5271,1.);
#5271 = DIRECTION('',(1.,0.,0.));
#5272 = ORIENTED_EDGE('',*,*,#5273,.T.);
#5273 = EDGE_CURVE('',#5266,#5248,#5274,.T.);
#5274 = LINE('',#5275,#5276);
#5275 = CARTESIAN_POINT('',(2.74,-0.483095189485,3.));
#5276 = VECTOR('',#5277,1.);
#5277 = DIRECTION('',(0.,1.,0.));
#5278 = PLANE('',#5279);
#5279 = AXIS2_PLACEMENT_3D('',#5280,#5281,#5282);
#5280 = CARTESIAN_POINT('',(-0.23,-1.166190378969,3.));
#5281 = DIRECTION('',(0.,0.,-1.));
#5282 = DIRECTION('',(-1.,0.,0.));
#5283 = ADVANCED_FACE('',(#5284),#5309,.F.);
#5284 = FACE_BOUND('',#5285,.F.);
#5285 = EDGE_LOOP('',(#5286,#5287,#5295,#5303));
#5286 = ORIENTED_EDGE('',*,*,#5213,.T.);
#5287 = ORIENTED_EDGE('',*,*,#5288,.T.);
#5288 = EDGE_CURVE('',#5216,#5289,#5291,.T.);
#5289 = VERTEX_POINT('',#5290);
#5290 = CARTESIAN_POINT('',(0.2,0.2,-2.5));
#5291 = LINE('',#5292,#5293);
#5292 = CARTESIAN_POINT('',(0.2,0.2,3.5));
#5293 = VECTOR('',#5294,1.);
#5294 = DIRECTION('',(-0.,-0.,-1.));
#5295 = ORIENTED_EDGE('',*,*,#5296,.T.);
#5296 = EDGE_CURVE('',#5289,#5297,#5299,.T.);
#5297 = VERTEX_POINT('',#5298);
#5298 = CARTESIAN_POINT('',(0.2,-0.2,-2.5));
#5299 = LINE('',#5300,#5301);
#5300 = CARTESIAN_POINT('',(0.2,0.2,-2.5));
#5301 = VECTOR('',#5302,1.);
#5302 = DIRECTION('',(0.,-1.,0.));
#5303 = ORIENTED_EDGE('',*,*,#5304,.F.);
#5304 = EDGE_CURVE('',#5214,#5297,#5305,.T.);
#5305 = LINE('',#5306,#5307);
#5306 = CARTESIAN_POINT('',(0.2,-0.2,3.5));
#5307 = VECTOR('',#5308,1.);
#5308 = DIRECTION('',(-0.,-0.,-1.));
#5309 = PLANE('',#5310);
#5310 = AXIS2_PLACEMENT_3D('',#5311,#5312,#5313);
#5311 = CARTESIAN_POINT('',(0.2,0.2,3.5));
#5312 = DIRECTION('',(-1.,0.,0.));
#5313 = DIRECTION('',(0.,-1.,0.));
#5314 = ADVANCED_FACE('',(#5315),#5333,.F.);
#5315 = FACE_BOUND('',#5316,.F.);
#5316 = EDGE_LOOP('',(#5317,#5318,#5319,#5327));
#5317 = ORIENTED_EDGE('',*,*,#5239,.T.);
#5318 = ORIENTED_EDGE('',*,*,#5304,.T.);
#5319 = ORIENTED_EDGE('',*,*,#5320,.T.);
#5320 = EDGE_CURVE('',#5297,#5321,#5323,.T.);
#5321 = VERTEX_POINT('',#5322);
#5322 = CARTESIAN_POINT('',(-0.2,-0.2,-2.5));
#5323 = LINE('',#5324,#5325);
#5324 = CARTESIAN_POINT('',(0.2,-0.2,-2.5));
#5325 = VECTOR('',#5326,1.);
#5326 = DIRECTION('',(-1.,0.,0.));
#5327 = ORIENTED_EDGE('',*,*,#5328,.F.);
#5328 = EDGE_CURVE('',#5232,#5321,#5329,.T.);
#5329 = LINE('',#5330,#5331);
#5330 = CARTESIAN_POINT('',(-0.2,-0.2,3.5));
#5331 = VECTOR('',#5332,1.);
#5332 = DIRECTION('',(-0.,-0.,-1.));
#5333 = PLANE('',#5334);
#5334 = AXIS2_PLACEMENT_3D('',#5335,#5336,#5337);
#5335 = CARTESIAN_POINT('',(0.2,-0.2,3.5));
#5336 = DIRECTION('',(0.,1.,0.));
#5337 = DIRECTION('',(-1.,0.,0.));
#5338 = ADVANCED_FACE('',(#5339),#5357,.F.);
#5339 = FACE_BOUND('',#5340,.F.);
#5340 = EDGE_LOOP('',(#5341,#5342,#5343,#5351));
#5341 = ORIENTED_EDGE('',*,*,#5231,.T.);
#5342 = ORIENTED_EDGE('',*,*,#5328,.T.);
#5343 = ORIENTED_EDGE('',*,*,#5344,.T.);
#5344 = EDGE_CURVE('',#5321,#5345,#5347,.T.);
#5345 = VERTEX_POINT('',#5346);
#5346 = CARTESIAN_POINT('',(-0.2,0.2,-2.5));
#5347 = LINE('',#5348,#5349);
#5348 = CARTESIAN_POINT('',(-0.2,-0.2,-2.5));
#5349 = VECTOR('',#5350,1.);
#5350 = DIRECTION('',(0.,1.,0.));
#5351 = ORIENTED_EDGE('',*,*,#5352,.F.);
#5352 = EDGE_CURVE('',#5224,#5345,#5353,.T.);
#5353 = LINE('',#5354,#5355);
#5354 = CARTESIAN_POINT('',(-0.2,0.2,3.5));
#5355 = VECTOR('',#5356,1.);
#5356 = DIRECTION('',(-0.,-0.,-1.));
#5357 = PLANE('',#5358);
#5358 = AXIS2_PLACEMENT_3D('',#5359,#5360,#5361);
#5359 = CARTESIAN_POINT('',(-0.2,-0.2,3.5));
#5360 = DIRECTION('',(1.,0.,0.));
#5361 = DIRECTION('',(-0.,1.,0.));
#5362 = ADVANCED_FACE('',(#5363),#5374,.F.);
#5363 = FACE_BOUND('',#5364,.F.);
#5364 = EDGE_LOOP('',(#5365,#5366,#5367,#5373));
#5365 = ORIENTED_EDGE('',*,*,#5223,.T.);
#5366 = ORIENTED_EDGE('',*,*,#5352,.T.);
#5367 = ORIENTED_EDGE('',*,*,#5368,.T.);
#5368 = EDGE_CURVE('',#5345,#5289,#5369,.T.);
#5369 = LINE('',#5370,#5371);
#5370 = CARTESIAN_POINT('',(-0.2,0.2,-2.5));
#5371 = VECTOR('',#5372,1.);
#5372 = DIRECTION('',(1.,0.,0.));
#5373 = ORIENTED_EDGE('',*,*,#5288,.F.);
#5374 = PLANE('',#5375);
#5375 = AXIS2_PLACEMENT_3D('',#5376,#5377,#5378);
#5376 = CARTESIAN_POINT('',(-0.2,0.2,3.5));
#5377 = DIRECTION('',(0.,-1.,0.));
#5378 = DIRECTION('',(1.,0.,0.));
#5379 = ADVANCED_FACE('',(#5380),#5405,.F.);
#5380 = FACE_BOUND('',#5381,.F.);
#5381 = EDGE_LOOP('',(#5382,#5383,#5391,#5399));
#5382 = ORIENTED_EDGE('',*,*,#5247,.T.);
#5383 = ORIENTED_EDGE('',*,*,#5384,.T.);
#5384 = EDGE_CURVE('',#5250,#5385,#5387,.T.);
#5385 = VERTEX_POINT('',#5386);
#5386 = CARTESIAN_POINT('',(2.34,0.2,-2.5));
#5387 = LINE('',#5388,#5389);
#5388 = CARTESIAN_POINT('',(2.34,0.2,3.5));
#5389 = VECTOR('',#5390,1.);
#5390 = DIRECTION('',(-0.,-0.,-1.));
#5391 = ORIENTED_EDGE('',*,*,#5392,.T.);
#5392 = EDGE_CURVE('',#5385,#5393,#5395,.T.);
#5393 = VERTEX_POINT('',#5394);
#5394 = CARTESIAN_POINT('',(2.74,0.2,-2.5));
#5395 = LINE('',#5396,#5397);
#5396 = CARTESIAN_POINT('',(2.34,0.2,-2.5));
#5397 = VECTOR('',#5398,1.);
#5398 = DIRECTION('',(1.,0.,0.));
#5399 = ORIENTED_EDGE('',*,*,#5400,.F.);
#5400 = EDGE_CURVE('',#5248,#5393,#5401,.T.);
#5401 = LINE('',#5402,#5403);
#5402 = CARTESIAN_POINT('',(2.74,0.2,3.5));
#5403 = VECTOR('',#5404,1.);
#5404 = DIRECTION('',(-0.,-0.,-1.));
#5405 = PLANE('',#5406);
#5406 = AXIS2_PLACEMENT_3D('',#5407,#5408,#5409);
#5407 = CARTESIAN_POINT('',(2.34,0.2,3.5));
#5408 = DIRECTION('',(0.,-1.,0.));
#5409 = DIRECTION('',(1.,0.,0.));
#5410 = ADVANCED_FACE('',(#5411),#5429,.F.);
#5411 = FACE_BOUND('',#5412,.F.);
#5412 = EDGE_LOOP('',(#5413,#5414,#5415,#5423));
#5413 = ORIENTED_EDGE('',*,*,#5273,.T.);
#5414 = ORIENTED_EDGE('',*,*,#5400,.T.);
#5415 = ORIENTED_EDGE('',*,*,#5416,.T.);
#5416 = EDGE_CURVE('',#5393,#5417,#5419,.T.);
#5417 = VERTEX_POINT('',#5418);
#5418 = CARTESIAN_POINT('',(2.74,-0.2,-2.5));
#5419 = LINE('',#5420,#5421);
#5420 = CARTESIAN_POINT('',(2.74,0.2,-2.5));
#5421 = VECTOR('',#5422,1.);
#5422 = DIRECTION('',(0.,-1.,0.));
#5423 = ORIENTED_EDGE('',*,*,#5424,.F.);
#5424 = EDGE_CURVE('',#5266,#5417,#5425,.T.);
#5425 = LINE('',#5426,#5427);
#5426 = CARTESIAN_POINT('',(2.74,-0.2,3.5));
#5427 = VECTOR('',#5428,1.);
#5428 = DIRECTION('',(-0.,-0.,-1.));
#5429 = PLANE('',#5430);
#5430 = AXIS2_PLACEMENT_3D('',#5431,#5432,#5433);
#5431 = CARTESIAN_POINT('',(2.74,0.2,3.5));
#5432 = DIRECTION('',(-1.,0.,0.));
#5433 = DIRECTION('',(0.,-1.,0.));
#5434 = ADVANCED_FACE('',(#5435),#5453,.F.);
#5435 = FACE_BOUND('',#5436,.F.);
#5436 = EDGE_LOOP('',(#5437,#5438,#5439,#5447));
#5437 = ORIENTED_EDGE('',*,*,#5265,.T.);
#5438 = ORIENTED_EDGE('',*,*,#5424,.T.);
#5439 = ORIENTED_EDGE('',*,*,#5440,.T.);
#5440 = EDGE_CURVE('',#5417,#5441,#5443,.T.);
#5441 = VERTEX_POINT('',#5442);
#5442 = CARTESIAN_POINT('',(2.34,-0.2,-2.5));
#5443 = LINE('',#5444,#5445);
#5444 = CARTESIAN_POINT('',(2.74,-0.2,-2.5));
#5445 = VECTOR('',#5446,1.);
#5446 = DIRECTION('',(-1.,0.,0.));
#5447 = ORIENTED_EDGE('',*,*,#5448,.F.);
#5448 = EDGE_CURVE('',#5258,#5441,#5449,.T.);
#5449 = LINE('',#5450,#5451);
#5450 = CARTESIAN_POINT('',(2.34,-0.2,3.5));
#5451 = VECTOR('',#5452,1.);
#5452 = DIRECTION('',(-0.,-0.,-1.));
#5453 = PLANE('',#5454);
#5454 = AXIS2_PLACEMENT_3D('',#5455,#5456,#5457);
#5455 = CARTESIAN_POINT('',(2.74,-0.2,3.5));
#5456 = DIRECTION('',(0.,1.,0.));
#5457 = DIRECTION('',(-1.,0.,0.));
#5458 = ADVANCED_FACE('',(#5459),#5470,.F.);
#5459 = FACE_BOUND('',#5460,.F.);
#5460 = EDGE_LOOP('',(#5461,#5462,#5463,#5469));
#5461 = ORIENTED_EDGE('',*,*,#5257,.T.);
#5462 = ORIENTED_EDGE('',*,*,#5448,.T.);
#5463 = ORIENTED_EDGE('',*,*,#5464,.T.);
#5464 = EDGE_CURVE('',#5441,#5385,#5465,.T.);
#5465 = LINE('',#5466,#5467);
#5466 = CARTESIAN_POINT('',(2.34,-0.2,-2.5));
#5467 = VECTOR('',#5468,1.);
#5468 = DIRECTION('',(0.,1.,0.));
#5469 = ORIENTED_EDGE('',*,*,#5384,.F.);
#5470 = PLANE('',#5471);
#5471 = AXIS2_PLACEMENT_3D('',#5472,#5473,#5474);
#5472 = CARTESIAN_POINT('',(2.34,-0.2,3.5));
#5473 = DIRECTION('',(1.,0.,0.));
#5474 = DIRECTION('',(-0.,1.,0.));
#5475 = ADVANCED_FACE('',(#5476),#5482,.F.);
#5476 = FACE_BOUND('',#5477,.T.);
#5477 = EDGE_LOOP('',(#5478,#5479,#5480,#5481));
#5478 = ORIENTED_EDGE('',*,*,#5368,.T.);
#5479 = ORIENTED_EDGE('',*,*,#5296,.T.);
#5480 = ORIENTED_EDGE('',*,*,#5320,.T.);
#5481 = ORIENTED_EDGE('',*,*,#5344,.T.);
#5482 = PLANE('',#5483);
#5483 = AXIS2_PLACEMENT_3D('',#5484,#5485,#5486);
#5484 = CARTESIAN_POINT('',(-0.2,0.2,-2.5));
#5485 = DIRECTION('',(0.,0.,1.));
#5486 = DIRECTION('',(1.,0.,-0.));
#5487 = ADVANCED_FACE('',(#5488),#5494,.F.);
#5488 = FACE_BOUND('',#5489,.T.);
#5489 = EDGE_LOOP('',(#5490,#5491,#5492,#5493));
#5490 = ORIENTED_EDGE('',*,*,#5392,.T.);
#5491 = ORIENTED_EDGE('',*,*,#5416,.T.);
#5492 = ORIENTED_EDGE('',*,*,#5440,.T.);
#5493 = ORIENTED_EDGE('',*,*,#5464,.T.);
#5494 = PLANE('',#5495);
#5495 = AXIS2_PLACEMENT_3D('',#5496,#5497,#5498);
#5496 = CARTESIAN_POINT('',(2.34,0.2,-2.5));
#5497 = DIRECTION('',(0.,0.,1.));
#5498 = DIRECTION('',(1.,0.,-0.));
#5499 = ( GEOMETRIC_REPRESENTATION_CONTEXT(3) 
GLOBAL_UNCERTAINTY_ASSIGNED_CONTEXT((#5503)) 
GLOBAL_UNIT_ASSIGNED_CONTEXT((#5500,#5501,#5502)) REPRESENTATION_CONTEXT
('Context #1','3D Context with UNIT and UNCERTAINTY') );
#5500 = ( LENGTH_UNIT() NAMED_UNIT(*) SI_UNIT(.MILLI.,.METRE.) );
#5501 = ( NAMED_UNIT(*) PLANE_ANGLE_UNIT() SI_UNIT($,.RADIAN.) );
#5502 = ( NAMED_UNIT(*) SI_UNIT($,.STERADIAN.) SOLID_ANGLE_UNIT() );
#5503 = UNCERTAINTY_MEASURE_WITH_UNIT(LENGTH_MEASURE(1.E-07),#5500,
  'distance_accuracy_value','confusion accuracy');
#5504 = CONTEXT_DEPENDENT_SHAPE_REPRESENTATION(#5505,#5507);
#5505 = ( REPRESENTATION_RELATIONSHIP('','',#5035,#5012) 
REPRESENTATION_RELATIONSHIP_WITH_TRANSFORMATION(#5506) 
SHAPE_REPRESENTATION_RELATIONSHIP() );
#5506 = ITEM_DEFINED_TRANSFORMATION('','',#11,#5013);
#5507 = PRODUCT_DEFINITION_SHAPE('Placement','Placement of an item',
  #5508);
#5508 = NEXT_ASSEMBLY_USAGE_OCCURRENCE('12','=>[0:1:1:11]','',#5007,
  #5030,$);
#5509 = PRODUCT_RELATED_PRODUCT_CATEGORY('part',$,(#5032));
#5510 = SHAPE_DEFINITION_REPRESENTATION(#5511,#5517);
#5511 = PRODUCT_DEFINITION_SHAPE('','',#5512);
#5512 = PRODUCT_DEFINITION('design','',#5513,#5516);
#5513 = PRODUCT_DEFINITION_FORMATION('','',#5514);
#5514 = PRODUCT('SW_PUSH_6mm','SW_PUSH_6mm','',(#5515));
#5515 = PRODUCT_CONTEXT('',#2,'mechanical');
#5516 = PRODUCT_DEFINITION_CONTEXT('part definition',#2,'design');
#5517 = SHAPE_REPRESENTATION('',(#11,#5518),#5522);
#5518 = AXIS2_PLACEMENT_3D('',#5519,#5520,#5521);
#5519 = CARTESIAN_POINT('',(0.,0.,0.));
#5520 = DIRECTION('',(0.,0.,1.));
#5521 = DIRECTION('',(1.,0.,-0.));
#5522 = ( GEOMETRIC_REPRESENTATION_CONTEXT(3) 
GLOBAL_UNCERTAINTY_ASSIGNED_CONTEXT((#5526)) 
GLOBAL_UNIT_ASSIGNED_CONTEXT((#5523,#5524,#5525)) REPRESENTATION_CONTEXT
('Context #1','3D Context with UNIT and UNCERTAINTY') );
#5523 = ( LENGTH_UNIT() NAMED_UNIT(*) SI_UNIT(.MILLI.,.METRE.) );
#5524 = ( NAMED_UNIT(*) PLANE_ANGLE_UNIT() SI_UNIT($,.RADIAN.) );
#5525 = ( NAMED_UNIT(*) SI_UNIT($,.STERADIAN.) SOLID_ANGLE_UNIT() );
#5526 = UNCERTAINTY_MEASURE_WITH_UNIT(LENGTH_MEASURE(1.E-07),#5523,
  'distance_accuracy_value','confusion accuracy');
#5527 = CONTEXT_DEPENDENT_SHAPE_REPRESENTATION(#5528,#5530);
#5528 = ( REPRESENTATION_RELATIONSHIP('','',#5517,#10) 
REPRESENTATION_RELATIONSHIP_WITH_TRANSFORMATION(#5529) 
SHAPE_REPRESENTATION_RELATIONSHIP() );
#5529 = ITEM_DEFINED_TRANSFORMATION('','',#11,#47);
#5530 = PRODUCT_DEFINITION_SHAPE('Placement','Placement of an item',
  #5531);
#5531 = NEXT_ASSEMBLY_USAGE_OCCURRENCE('15','SW1','',#5,#5512,$);
#5532 = PRODUCT_RELATED_PRODUCT_CATEGORY('part',$,(#5514));
#5533 = SHAPE_DEFINITION_REPRESENTATION(#5534,#5540);
#5534 = PRODUCT_DEFINITION_SHAPE('','',#5535);
#5535 = PRODUCT_DEFINITION('design','',#5536,#5539);
#5536 = PRODUCT_DEFINITION_FORMATION('','',#5537);
#5537 = PRODUCT('SW_PUSH_6mm','SW_PUSH_6mm','',(#5538));
#5538 = PRODUCT_CONTEXT('',#2,'mechanical');
#5539 = PRODUCT_DEFINITION_CONTEXT('part definition',#2,'design');
#5540 = ADVANCED_BREP_SHAPE_REPRESENTATION('',(#11,#5541),#8770);
#5541 = MANIFOLD_SOLID_BREP('',#5542);
#5542 = CLOSED_SHELL('',(#5543,#5560,#5585,#5708,#5739,#5764,#5789,#5813
    ,#5837,#5862,#5887,#5904,#5929,#5954,#5979,#6004,#6035,#6060,#6085,
    #6173,#6261,#6286,#6311,#6328,#6337,#6363,#6372,#6381,#6425,#6575,
    #6599,#6742,#6892,#7042,#7059,#7209,#7233,#7376,#7526,#7676,#7693,
    #7702,#7719,#7736,#7753,#7770,#7792,#7809,#7826,#7843,#7860,#7872,
    #7889,#7906,#7923,#7940,#7957,#7974,#7991,#8008,#8020,#8042,#8059,
    #8076,#8093,#8110,#8122,#8139,#8156,#8173,#8190,#8207,#8224,#8241,
    #8258,#8270,#8292,#8309,#8326,#8343,#8360,#8372,#8389,#8406,#8423,
    #8440,#8457,#8474,#8491,#8508,#8520,#8542,#8559,#8576,#8593,#8610,
    #8622,#8639,#8656,#8673,#8690,#8707,#8724,#8741,#8758));
#5543 = ADVANCED_FACE('',(#5544),#5555,.F.);
#5544 = FACE_BOUND('',#5545,.T.);
#5545 = EDGE_LOOP('',(#5546));
#5546 = ORIENTED_EDGE('',*,*,#5547,.T.);
#5547 = EDGE_CURVE('',#5548,#5548,#5550,.T.);
#5548 = VERTEX_POINT('',#5549);
#5549 = CARTESIAN_POINT('',(1.65,-4.25,4.1));
#5550 = CIRCLE('',#5551,0.5);
#5551 = AXIS2_PLACEMENT_3D('',#5552,#5553,#5554);
#5552 = CARTESIAN_POINT('',(1.15,-4.25,4.1));
#5553 = DIRECTION('',(0.,0.,1.));
#5554 = DIRECTION('',(1.,0.,-0.));
#5555 = PLANE('',#5556);
#5556 = AXIS2_PLACEMENT_3D('',#5557,#5558,#5559);
#5557 = CARTESIAN_POINT('',(1.65,-4.25,4.1));
#5558 = DIRECTION('',(0.,0.,-1.));
#5559 = DIRECTION('',(-1.,0.,0.));
#5560 = ADVANCED_FACE('',(#5561),#5580,.T.);
#5561 = FACE_BOUND('',#5562,.T.);
#5562 = EDGE_LOOP('',(#5563,#5571,#5572,#5573));
#5563 = ORIENTED_EDGE('',*,*,#5564,.T.);
#5564 = EDGE_CURVE('',#5565,#5548,#5567,.T.);
#5565 = VERTEX_POINT('',#5566);
#5566 = CARTESIAN_POINT('',(1.65,-4.25,3.6));
#5567 = LINE('',#5568,#5569);
#5568 = CARTESIAN_POINT('',(1.65,-4.25,3.5));
#5569 = VECTOR('',#5570,1.);
#5570 = DIRECTION('',(0.,0.,1.));
#5571 = ORIENTED_EDGE('',*,*,#5547,.F.);
#5572 = ORIENTED_EDGE('',*,*,#5564,.F.);
#5573 = ORIENTED_EDGE('',*,*,#5574,.F.);
#5574 = EDGE_CURVE('',#5565,#5565,#5575,.T.);
#5575 = CIRCLE('',#5576,0.5);
#5576 = AXIS2_PLACEMENT_3D('',#5577,#5578,#5579);
#5577 = CARTESIAN_POINT('',(1.15,-4.25,3.6));
#5578 = DIRECTION('',(0.,0.,-1.));
#5579 = DIRECTION('',(1.,0.,0.));
#5580 = CYLINDRICAL_SURFACE('',#5581,0.5);
#5581 = AXIS2_PLACEMENT_3D('',#5582,#5583,#5584);
#5582 = CARTESIAN_POINT('',(1.15,-4.25,3.5));
#5583 = DIRECTION('',(-0.,-0.,-1.));
#5584 = DIRECTION('',(1.,0.,0.));
#5585 = ADVANCED_FACE('',(#5586,#5656,#5667,#5678,#5689,#5700),#5703,.F.
  );
#5586 = FACE_BOUND('',#5587,.F.);
#5587 = EDGE_LOOP('',(#5588,#5598,#5607,#5615,#5624,#5632,#5641,#5649));
#5588 = ORIENTED_EDGE('',*,*,#5589,.F.);
#5589 = EDGE_CURVE('',#5590,#5592,#5594,.T.);
#5590 = VERTEX_POINT('',#5591);
#5591 = CARTESIAN_POINT('',(0.45,-5.25,3.6));
#5592 = VERTEX_POINT('',#5593);
#5593 = CARTESIAN_POINT('',(5.85,-5.25,3.6));
#5594 = LINE('',#5595,#5596);
#5595 = CARTESIAN_POINT('',(0.15,-5.25,3.6));
#5596 = VECTOR('',#5597,1.);
#5597 = DIRECTION('',(1.,0.,0.));
#5598 = ORIENTED_EDGE('',*,*,#5599,.T.);
#5599 = EDGE_CURVE('',#5590,#5600,#5602,.T.);
#5600 = VERTEX_POINT('',#5601);
#5601 = CARTESIAN_POINT('',(0.15,-4.95,3.6));
#5602 = CIRCLE('',#5603,0.3);
#5603 = AXIS2_PLACEMENT_3D('',#5604,#5605,#5606);
#5604 = CARTESIAN_POINT('',(0.45,-4.95,3.6));
#5605 = DIRECTION('',(-0.,-0.,-1.));
#5606 = DIRECTION('',(0.,-1.,0.));
#5607 = ORIENTED_EDGE('',*,*,#5608,.F.);
#5608 = EDGE_CURVE('',#5609,#5600,#5611,.T.);
#5609 = VERTEX_POINT('',#5610);
#5610 = CARTESIAN_POINT('',(0.15,0.45,3.6));
#5611 = LINE('',#5612,#5613);
#5612 = CARTESIAN_POINT('',(0.15,0.75,3.6));
#5613 = VECTOR('',#5614,1.);
#5614 = DIRECTION('',(0.,-1.,0.));
#5615 = ORIENTED_EDGE('',*,*,#5616,.F.);
#5616 = EDGE_CURVE('',#5617,#5609,#5619,.T.);
#5617 = VERTEX_POINT('',#5618);
#5618 = CARTESIAN_POINT('',(0.45,0.75,3.6));
#5619 = CIRCLE('',#5620,0.3);
#5620 = AXIS2_PLACEMENT_3D('',#5621,#5622,#5623);
#5621 = CARTESIAN_POINT('',(0.45,0.45,3.6));
#5622 = DIRECTION('',(-0.,0.,1.));
#5623 = DIRECTION('',(0.,-1.,0.));
#5624 = ORIENTED_EDGE('',*,*,#5625,.F.);
#5625 = EDGE_CURVE('',#5626,#5617,#5628,.T.);
#5626 = VERTEX_POINT('',#5627);
#5627 = CARTESIAN_POINT('',(5.85,0.75,3.6));
#5628 = LINE('',#5629,#5630);
#5629 = CARTESIAN_POINT('',(6.15,0.75,3.6));
#5630 = VECTOR('',#5631,1.);
#5631 = DIRECTION('',(-1.,0.,0.));
#5632 = ORIENTED_EDGE('',*,*,#5633,.F.);
#5633 = EDGE_CURVE('',#5634,#5626,#5636,.T.);
#5634 = VERTEX_POINT('',#5635);
#5635 = CARTESIAN_POINT('',(6.15,0.45,3.6));
#5636 = CIRCLE('',#5637,0.3);
#5637 = AXIS2_PLACEMENT_3D('',#5638,#5639,#5640);
#5638 = CARTESIAN_POINT('',(5.85,0.45,3.6));
#5639 = DIRECTION('',(-0.,0.,1.));
#5640 = DIRECTION('',(0.,-1.,0.));
#5641 = ORIENTED_EDGE('',*,*,#5642,.F.);
#5642 = EDGE_CURVE('',#5643,#5634,#5645,.T.);
#5643 = VERTEX_POINT('',#5644);
#5644 = CARTESIAN_POINT('',(6.15,-4.95,3.6));
#5645 = LINE('',#5646,#5647);
#5646 = CARTESIAN_POINT('',(6.15,-5.25,3.6));
#5647 = VECTOR('',#5648,1.);
#5648 = DIRECTION('',(0.,1.,0.));
#5649 = ORIENTED_EDGE('',*,*,#5650,.F.);
#5650 = EDGE_CURVE('',#5592,#5643,#5651,.T.);
#5651 = CIRCLE('',#5652,0.3);
#5652 = AXIS2_PLACEMENT_3D('',#5653,#5654,#5655);
#5653 = CARTESIAN_POINT('',(5.85,-4.95,3.6));
#5654 = DIRECTION('',(-0.,0.,1.));
#5655 = DIRECTION('',(0.,-1.,0.));
#5656 = FACE_BOUND('',#5657,.F.);
#5657 = EDGE_LOOP('',(#5658));
#5658 = ORIENTED_EDGE('',*,*,#5659,.F.);
#5659 = EDGE_CURVE('',#5660,#5660,#5662,.T.);
#5660 = VERTEX_POINT('',#5661);
#5661 = CARTESIAN_POINT('',(5.65,-4.25,3.6));
#5662 = CIRCLE('',#5663,0.5);
#5663 = AXIS2_PLACEMENT_3D('',#5664,#5665,#5666);
#5664 = CARTESIAN_POINT('',(5.15,-4.25,3.6));
#5665 = DIRECTION('',(0.,0.,-1.));
#5666 = DIRECTION('',(1.,0.,0.));
#5667 = FACE_BOUND('',#5668,.F.);
#5668 = EDGE_LOOP('',(#5669));
#5669 = ORIENTED_EDGE('',*,*,#5670,.F.);
#5670 = EDGE_CURVE('',#5671,#5671,#5673,.T.);
#5671 = VERTEX_POINT('',#5672);
#5672 = CARTESIAN_POINT('',(4.9,-2.25,3.6));
#5673 = CIRCLE('',#5674,1.75);
#5674 = AXIS2_PLACEMENT_3D('',#5675,#5676,#5677);
#5675 = CARTESIAN_POINT('',(3.15,-2.25,3.6));
#5676 = DIRECTION('',(0.,0.,-1.));
#5677 = DIRECTION('',(1.,0.,0.));
#5678 = FACE_BOUND('',#5679,.F.);
#5679 = EDGE_LOOP('',(#5680));
#5680 = ORIENTED_EDGE('',*,*,#5681,.F.);
#5681 = EDGE_CURVE('',#5682,#5682,#5684,.T.);
#5682 = VERTEX_POINT('',#5683);
#5683 = CARTESIAN_POINT('',(1.65,-0.25,3.6));
#5684 = CIRCLE('',#5685,0.5);
#5685 = AXIS2_PLACEMENT_3D('',#5686,#5687,#5688);
#5686 = CARTESIAN_POINT('',(1.15,-0.25,3.6));
#5687 = DIRECTION('',(0.,0.,-1.));
#5688 = DIRECTION('',(1.,0.,0.));
#5689 = FACE_BOUND('',#5690,.F.);
#5690 = EDGE_LOOP('',(#5691));
#5691 = ORIENTED_EDGE('',*,*,#5692,.F.);
#5692 = EDGE_CURVE('',#5693,#5693,#5695,.T.);
#5693 = VERTEX_POINT('',#5694);
#5694 = CARTESIAN_POINT('',(5.65,-0.25,3.6));
#5695 = CIRCLE('',#5696,0.5);
#5696 = AXIS2_PLACEMENT_3D('',#5697,#5698,#5699);
#5697 = CARTESIAN_POINT('',(5.15,-0.25,3.6));
#5698 = DIRECTION('',(0.,0.,-1.));
#5699 = DIRECTION('',(1.,0.,0.));
#5700 = FACE_BOUND('',#5701,.F.);
#5701 = EDGE_LOOP('',(#5702));
#5702 = ORIENTED_EDGE('',*,*,#5574,.F.);
#5703 = PLANE('',#5704);
#5704 = AXIS2_PLACEMENT_3D('',#5705,#5706,#5707);
#5705 = CARTESIAN_POINT('',(0.15,-5.25,3.6));
#5706 = DIRECTION('',(0.,0.,-1.));
#5707 = DIRECTION('',(-1.,0.,0.));
#5708 = ADVANCED_FACE('',(#5709),#5734,.F.);
#5709 = FACE_BOUND('',#5710,.F.);
#5710 = EDGE_LOOP('',(#5711,#5721,#5727,#5728));
#5711 = ORIENTED_EDGE('',*,*,#5712,.F.);
#5712 = EDGE_CURVE('',#5713,#5715,#5717,.T.);
#5713 = VERTEX_POINT('',#5714);
#5714 = CARTESIAN_POINT('',(0.45,-5.25,3.5));
#5715 = VERTEX_POINT('',#5716);
#5716 = CARTESIAN_POINT('',(5.85,-5.25,3.5));
#5717 = LINE('',#5718,#5719);
#5718 = CARTESIAN_POINT('',(0.15,-5.25,3.5));
#5719 = VECTOR('',#5720,1.);
#5720 = DIRECTION('',(1.,0.,0.));
#5721 = ORIENTED_EDGE('',*,*,#5722,.T.);
#5722 = EDGE_CURVE('',#5713,#5590,#5723,.T.);
#5723 = LINE('',#5724,#5725);
#5724 = CARTESIAN_POINT('',(0.45,-5.25,3.5));
#5725 = VECTOR('',#5726,1.);
#5726 = DIRECTION('',(0.,0.,1.));
#5727 = ORIENTED_EDGE('',*,*,#5589,.T.);
#5728 = ORIENTED_EDGE('',*,*,#5729,.F.);
#5729 = EDGE_CURVE('',#5715,#5592,#5730,.T.);
#5730 = LINE('',#5731,#5732);
#5731 = CARTESIAN_POINT('',(5.85,-5.25,3.5));
#5732 = VECTOR('',#5733,1.);
#5733 = DIRECTION('',(0.,0.,1.));
#5734 = PLANE('',#5735);
#5735 = AXIS2_PLACEMENT_3D('',#5736,#5737,#5738);
#5736 = CARTESIAN_POINT('',(0.15,-5.25,3.5));
#5737 = DIRECTION('',(0.,1.,0.));
#5738 = DIRECTION('',(1.,0.,0.));
#5739 = ADVANCED_FACE('',(#5740),#5759,.T.);
#5740 = FACE_BOUND('',#5741,.T.);
#5741 = EDGE_LOOP('',(#5742,#5743,#5744,#5752));
#5742 = ORIENTED_EDGE('',*,*,#5722,.T.);
#5743 = ORIENTED_EDGE('',*,*,#5599,.T.);
#5744 = ORIENTED_EDGE('',*,*,#5745,.F.);
#5745 = EDGE_CURVE('',#5746,#5600,#5748,.T.);
#5746 = VERTEX_POINT('',#5747);
#5747 = CARTESIAN_POINT('',(0.15,-4.95,3.5));
#5748 = LINE('',#5749,#5750);
#5749 = CARTESIAN_POINT('',(0.15,-4.95,3.5));
#5750 = VECTOR('',#5751,1.);
#5751 = DIRECTION('',(0.,0.,1.));
#5752 = ORIENTED_EDGE('',*,*,#5753,.F.);
#5753 = EDGE_CURVE('',#5713,#5746,#5754,.T.);
#5754 = CIRCLE('',#5755,0.3);
#5755 = AXIS2_PLACEMENT_3D('',#5756,#5757,#5758);
#5756 = CARTESIAN_POINT('',(0.45,-4.95,3.5));
#5757 = DIRECTION('',(-0.,-0.,-1.));
#5758 = DIRECTION('',(0.,-1.,0.));
#5759 = CYLINDRICAL_SURFACE('',#5760,0.3);
#5760 = AXIS2_PLACEMENT_3D('',#5761,#5762,#5763);
#5761 = CARTESIAN_POINT('',(0.45,-4.95,3.5));
#5762 = DIRECTION('',(0.,0.,1.));
#5763 = DIRECTION('',(0.,-1.,0.));
#5764 = ADVANCED_FACE('',(#5765),#5784,.T.);
#5765 = FACE_BOUND('',#5766,.T.);
#5766 = EDGE_LOOP('',(#5767,#5776,#5782,#5783));
#5767 = ORIENTED_EDGE('',*,*,#5768,.T.);
#5768 = EDGE_CURVE('',#5715,#5769,#5771,.T.);
#5769 = VERTEX_POINT('',#5770);
#5770 = CARTESIAN_POINT('',(6.15,-4.95,3.5));
#5771 = CIRCLE('',#5772,0.3);
#5772 = AXIS2_PLACEMENT_3D('',#5773,#5774,#5775);
#5773 = CARTESIAN_POINT('',(5.85,-4.95,3.5));
#5774 = DIRECTION('',(-0.,0.,1.));
#5775 = DIRECTION('',(0.,-1.,0.));
#5776 = ORIENTED_EDGE('',*,*,#5777,.T.);
#5777 = EDGE_CURVE('',#5769,#5643,#5778,.T.);
#5778 = LINE('',#5779,#5780);
#5779 = CARTESIAN_POINT('',(6.15,-4.95,3.5));
#5780 = VECTOR('',#5781,1.);
#5781 = DIRECTION('',(0.,0.,1.));
#5782 = ORIENTED_EDGE('',*,*,#5650,.F.);
#5783 = ORIENTED_EDGE('',*,*,#5729,.F.);
#5784 = CYLINDRICAL_SURFACE('',#5785,0.3);
#5785 = AXIS2_PLACEMENT_3D('',#5786,#5787,#5788);
#5786 = CARTESIAN_POINT('',(5.85,-4.95,3.5));
#5787 = DIRECTION('',(0.,0.,1.));
#5788 = DIRECTION('',(0.,-1.,0.));
#5789 = ADVANCED_FACE('',(#5790),#5808,.F.);
#5790 = FACE_BOUND('',#5791,.F.);
#5791 = EDGE_LOOP('',(#5792,#5800,#5806,#5807));
#5792 = ORIENTED_EDGE('',*,*,#5793,.F.);
#5793 = EDGE_CURVE('',#5794,#5746,#5796,.T.);
#5794 = VERTEX_POINT('',#5795);
#5795 = CARTESIAN_POINT('',(0.15,0.45,3.5));
#5796 = LINE('',#5797,#5798);
#5797 = CARTESIAN_POINT('',(0.15,0.75,3.5));
#5798 = VECTOR('',#5799,1.);
#5799 = DIRECTION('',(0.,-1.,0.));
#5800 = ORIENTED_EDGE('',*,*,#5801,.T.);
#5801 = EDGE_CURVE('',#5794,#5609,#5802,.T.);
#5802 = LINE('',#5803,#5804);
#5803 = CARTESIAN_POINT('',(0.15,0.45,3.5));
#5804 = VECTOR('',#5805,1.);
#5805 = DIRECTION('',(0.,0.,1.));
#5806 = ORIENTED_EDGE('',*,*,#5608,.T.);
#5807 = ORIENTED_EDGE('',*,*,#5745,.F.);
#5808 = PLANE('',#5809);
#5809 = AXIS2_PLACEMENT_3D('',#5810,#5811,#5812);
#5810 = CARTESIAN_POINT('',(0.15,0.75,3.5));
#5811 = DIRECTION('',(1.,0.,0.));
#5812 = DIRECTION('',(0.,-1.,0.));
#5813 = ADVANCED_FACE('',(#5814),#5832,.F.);
#5814 = FACE_BOUND('',#5815,.F.);
#5815 = EDGE_LOOP('',(#5816,#5824,#5825,#5826));
#5816 = ORIENTED_EDGE('',*,*,#5817,.F.);
#5817 = EDGE_CURVE('',#5769,#5818,#5820,.T.);
#5818 = VERTEX_POINT('',#5819);
#5819 = CARTESIAN_POINT('',(6.15,0.45,3.5));
#5820 = LINE('',#5821,#5822);
#5821 = CARTESIAN_POINT('',(6.15,-5.25,3.5));
#5822 = VECTOR('',#5823,1.);
#5823 = DIRECTION('',(0.,1.,0.));
#5824 = ORIENTED_EDGE('',*,*,#5777,.T.);
#5825 = ORIENTED_EDGE('',*,*,#5642,.T.);
#5826 = ORIENTED_EDGE('',*,*,#5827,.F.);
#5827 = EDGE_CURVE('',#5818,#5634,#5828,.T.);
#5828 = LINE('',#5829,#5830);
#5829 = CARTESIAN_POINT('',(6.15,0.45,3.5));
#5830 = VECTOR('',#5831,1.);
#5831 = DIRECTION('',(0.,0.,1.));
#5832 = PLANE('',#5833);
#5833 = AXIS2_PLACEMENT_3D('',#5834,#5835,#5836);
#5834 = CARTESIAN_POINT('',(6.15,-5.25,3.5));
#5835 = DIRECTION('',(-1.,0.,0.));
#5836 = DIRECTION('',(0.,1.,0.));
#5837 = ADVANCED_FACE('',(#5838),#5857,.T.);
#5838 = FACE_BOUND('',#5839,.T.);
#5839 = EDGE_LOOP('',(#5840,#5849,#5850,#5851));
#5840 = ORIENTED_EDGE('',*,*,#5841,.T.);
#5841 = EDGE_CURVE('',#5842,#5794,#5844,.T.);
#5842 = VERTEX_POINT('',#5843);
#5843 = CARTESIAN_POINT('',(0.45,0.75,3.5));
#5844 = CIRCLE('',#5845,0.3);
#5845 = AXIS2_PLACEMENT_3D('',#5846,#5847,#5848);
#5846 = CARTESIAN_POINT('',(0.45,0.45,3.5));
#5847 = DIRECTION('',(-0.,0.,1.));
#5848 = DIRECTION('',(0.,-1.,0.));
#5849 = ORIENTED_EDGE('',*,*,#5801,.T.);
#5850 = ORIENTED_EDGE('',*,*,#5616,.F.);
#5851 = ORIENTED_EDGE('',*,*,#5852,.F.);
#5852 = EDGE_CURVE('',#5842,#5617,#5853,.T.);
#5853 = LINE('',#5854,#5855);
#5854 = CARTESIAN_POINT('',(0.45,0.75,3.5));
#5855 = VECTOR('',#5856,1.);
#5856 = DIRECTION('',(0.,0.,1.));
#5857 = CYLINDRICAL_SURFACE('',#5858,0.3);
#5858 = AXIS2_PLACEMENT_3D('',#5859,#5860,#5861);
#5859 = CARTESIAN_POINT('',(0.45,0.45,3.5));
#5860 = DIRECTION('',(0.,0.,1.));
#5861 = DIRECTION('',(0.,1.,0.));
#5862 = ADVANCED_FACE('',(#5863),#5882,.T.);
#5863 = FACE_BOUND('',#5864,.T.);
#5864 = EDGE_LOOP('',(#5865,#5874,#5880,#5881));
#5865 = ORIENTED_EDGE('',*,*,#5866,.T.);
#5866 = EDGE_CURVE('',#5818,#5867,#5869,.T.);
#5867 = VERTEX_POINT('',#5868);
#5868 = CARTESIAN_POINT('',(5.85,0.75,3.5));
#5869 = CIRCLE('',#5870,0.3);
#5870 = AXIS2_PLACEMENT_3D('',#5871,#5872,#5873);
#5871 = CARTESIAN_POINT('',(5.85,0.45,3.5));
#5872 = DIRECTION('',(-0.,0.,1.));
#5873 = DIRECTION('',(0.,-1.,0.));
#5874 = ORIENTED_EDGE('',*,*,#5875,.T.);
#5875 = EDGE_CURVE('',#5867,#5626,#5876,.T.);
#5876 = LINE('',#5877,#5878);
#5877 = CARTESIAN_POINT('',(5.85,0.75,3.5));
#5878 = VECTOR('',#5879,1.);
#5879 = DIRECTION('',(0.,0.,1.));
#5880 = ORIENTED_EDGE('',*,*,#5633,.F.);
#5881 = ORIENTED_EDGE('',*,*,#5827,.F.);
#5882 = CYLINDRICAL_SURFACE('',#5883,0.3);
#5883 = AXIS2_PLACEMENT_3D('',#5884,#5885,#5886);
#5884 = CARTESIAN_POINT('',(5.85,0.45,3.5));
#5885 = DIRECTION('',(0.,0.,1.));
#5886 = DIRECTION('',(1.,0.,-0.));
#5887 = ADVANCED_FACE('',(#5888),#5899,.F.);
#5888 = FACE_BOUND('',#5889,.F.);
#5889 = EDGE_LOOP('',(#5890,#5896,#5897,#5898));
#5890 = ORIENTED_EDGE('',*,*,#5891,.F.);
#5891 = EDGE_CURVE('',#5867,#5842,#5892,.T.);
#5892 = LINE('',#5893,#5894);
#5893 = CARTESIAN_POINT('',(6.15,0.75,3.5));
#5894 = VECTOR('',#5895,1.);
#5895 = DIRECTION('',(-1.,0.,0.));
#5896 = ORIENTED_EDGE('',*,*,#5875,.T.);
#5897 = ORIENTED_EDGE('',*,*,#5625,.T.);
#5898 = ORIENTED_EDGE('',*,*,#5852,.F.);
#5899 = PLANE('',#5900);
#5900 = AXIS2_PLACEMENT_3D('',#5901,#5902,#5903);
#5901 = CARTESIAN_POINT('',(6.15,0.75,3.5));
#5902 = DIRECTION('',(0.,-1.,0.));
#5903 = DIRECTION('',(-1.,0.,0.));
#5904 = ADVANCED_FACE('',(#5905),#5924,.T.);
#5905 = FACE_BOUND('',#5906,.T.);
#5906 = EDGE_LOOP('',(#5907,#5915,#5922,#5923));
#5907 = ORIENTED_EDGE('',*,*,#5908,.T.);
#5908 = EDGE_CURVE('',#5660,#5909,#5911,.T.);
#5909 = VERTEX_POINT('',#5910);
#5910 = CARTESIAN_POINT('',(5.65,-4.25,4.1));
#5911 = LINE('',#5912,#5913);
#5912 = CARTESIAN_POINT('',(5.65,-4.25,3.5));
#5913 = VECTOR('',#5914,1.);
#5914 = DIRECTION('',(0.,0.,1.));
#5915 = ORIENTED_EDGE('',*,*,#5916,.F.);
#5916 = EDGE_CURVE('',#5909,#5909,#5917,.T.);
#5917 = CIRCLE('',#5918,0.5);
#5918 = AXIS2_PLACEMENT_3D('',#5919,#5920,#5921);
#5919 = CARTESIAN_POINT('',(5.15,-4.25,4.1));
#5920 = DIRECTION('',(0.,0.,1.));
#5921 = DIRECTION('',(1.,0.,-0.));
#5922 = ORIENTED_EDGE('',*,*,#5908,.F.);
#5923 = ORIENTED_EDGE('',*,*,#5659,.F.);
#5924 = CYLINDRICAL_SURFACE('',#5925,0.5);
#5925 = AXIS2_PLACEMENT_3D('',#5926,#5927,#5928);
#5926 = CARTESIAN_POINT('',(5.15,-4.25,3.5));
#5927 = DIRECTION('',(-0.,-0.,-1.));
#5928 = DIRECTION('',(1.,0.,0.));
#5929 = ADVANCED_FACE('',(#5930),#5949,.T.);
#5930 = FACE_BOUND('',#5931,.T.);
#5931 = EDGE_LOOP('',(#5932,#5940,#5947,#5948));
#5932 = ORIENTED_EDGE('',*,*,#5933,.T.);
#5933 = EDGE_CURVE('',#5671,#5934,#5936,.T.);
#5934 = VERTEX_POINT('',#5935);
#5935 = CARTESIAN_POINT('',(4.9,-2.25,4.2));
#5936 = LINE('',#5937,#5938);
#5937 = CARTESIAN_POINT('',(4.9,-2.25,3.5));
#5938 = VECTOR('',#5939,1.);
#5939 = DIRECTION('',(0.,0.,1.));
#5940 = ORIENTED_EDGE('',*,*,#5941,.F.);
#5941 = EDGE_CURVE('',#5934,#5934,#5942,.T.);
#5942 = CIRCLE('',#5943,1.75);
#5943 = AXIS2_PLACEMENT_3D('',#5944,#5945,#5946);
#5944 = CARTESIAN_POINT('',(3.15,-2.25,4.2));
#5945 = DIRECTION('',(0.,0.,1.));
#5946 = DIRECTION('',(1.,0.,-0.));
#5947 = ORIENTED_EDGE('',*,*,#5933,.F.);
#5948 = ORIENTED_EDGE('',*,*,#5670,.F.);
#5949 = CYLINDRICAL_SURFACE('',#5950,1.75);
#5950 = AXIS2_PLACEMENT_3D('',#5951,#5952,#5953);
#5951 = CARTESIAN_POINT('',(3.15,-2.25,3.5));
#5952 = DIRECTION('',(-0.,-0.,-1.));
#5953 = DIRECTION('',(1.,0.,0.));
#5954 = ADVANCED_FACE('',(#5955),#5974,.T.);
#5955 = FACE_BOUND('',#5956,.T.);
#5956 = EDGE_LOOP('',(#5957,#5965,#5972,#5973));
#5957 = ORIENTED_EDGE('',*,*,#5958,.T.);
#5958 = EDGE_CURVE('',#5682,#5959,#5961,.T.);
#5959 = VERTEX_POINT('',#5960);
#5960 = CARTESIAN_POINT('',(1.65,-0.25,4.1));
#5961 = LINE('',#5962,#5963);
#5962 = CARTESIAN_POINT('',(1.65,-0.25,3.5));
#5963 = VECTOR('',#5964,1.);
#5964 = DIRECTION('',(0.,0.,1.));
#5965 = ORIENTED_EDGE('',*,*,#5966,.F.);
#5966 = EDGE_CURVE('',#5959,#5959,#5967,.T.);
#5967 = CIRCLE('',#5968,0.5);
#5968 = AXIS2_PLACEMENT_3D('',#5969,#5970,#5971);
#5969 = CARTESIAN_POINT('',(1.15,-0.25,4.1));
#5970 = DIRECTION('',(0.,0.,1.));
#5971 = DIRECTION('',(1.,0.,-0.));
#5972 = ORIENTED_EDGE('',*,*,#5958,.F.);
#5973 = ORIENTED_EDGE('',*,*,#5681,.F.);
#5974 = CYLINDRICAL_SURFACE('',#5975,0.5);
#5975 = AXIS2_PLACEMENT_3D('',#5976,#5977,#5978);
#5976 = CARTESIAN_POINT('',(1.15,-0.25,3.5));
#5977 = DIRECTION('',(-0.,-0.,-1.));
#5978 = DIRECTION('',(1.,0.,0.));
#5979 = ADVANCED_FACE('',(#5980),#5999,.T.);
#5980 = FACE_BOUND('',#5981,.T.);
#5981 = EDGE_LOOP('',(#5982,#5990,#5997,#5998));
#5982 = ORIENTED_EDGE('',*,*,#5983,.T.);
#5983 = EDGE_CURVE('',#5693,#5984,#5986,.T.);
#5984 = VERTEX_POINT('',#5985);
#5985 = CARTESIAN_POINT('',(5.65,-0.25,4.1));
#5986 = LINE('',#5987,#5988);
#5987 = CARTESIAN_POINT('',(5.65,-0.25,3.5));
#5988 = VECTOR('',#5989,1.);
#5989 = DIRECTION('',(0.,0.,1.));
#5990 = ORIENTED_EDGE('',*,*,#5991,.F.);
#5991 = EDGE_CURVE('',#5984,#5984,#5992,.T.);
#5992 = CIRCLE('',#5993,0.5);
#5993 = AXIS2_PLACEMENT_3D('',#5994,#5995,#5996);
#5994 = CARTESIAN_POINT('',(5.15,-0.25,4.1));
#5995 = DIRECTION('',(0.,0.,1.));
#5996 = DIRECTION('',(1.,0.,-0.));
#5997 = ORIENTED_EDGE('',*,*,#5983,.F.);
#5998 = ORIENTED_EDGE('',*,*,#5692,.F.);
#5999 = CYLINDRICAL_SURFACE('',#6000,0.5);
#6000 = AXIS2_PLACEMENT_3D('',#6001,#6002,#6003);
#6001 = CARTESIAN_POINT('',(5.15,-0.25,3.5));
#6002 = DIRECTION('',(-0.,-0.,-1.));
#6003 = DIRECTION('',(1.,0.,0.));
#6004 = ADVANCED_FACE('',(#6005),#6030,.F.);
#6005 = FACE_BOUND('',#6006,.F.);
#6006 = EDGE_LOOP('',(#6007,#6017,#6023,#6024));
#6007 = ORIENTED_EDGE('',*,*,#6008,.F.);
#6008 = EDGE_CURVE('',#6009,#6011,#6013,.T.);
#6009 = VERTEX_POINT('',#6010);
#6010 = CARTESIAN_POINT('',(0.45,-5.25,0.));
#6011 = VERTEX_POINT('',#6012);
#6012 = CARTESIAN_POINT('',(5.85,-5.25,0.));
#6013 = LINE('',#6014,#6015);
#6014 = CARTESIAN_POINT('',(0.15,-5.25,0.));
#6015 = VECTOR('',#6016,1.);
#6016 = DIRECTION('',(1.,0.,0.));
#6017 = ORIENTED_EDGE('',*,*,#6018,.T.);
#6018 = EDGE_CURVE('',#6009,#5713,#6019,.T.);
#6019 = LINE('',#6020,#6021);
#6020 = CARTESIAN_POINT('',(0.45,-5.25,0.));
#6021 = VECTOR('',#6022,1.);
#6022 = DIRECTION('',(0.,0.,1.));
#6023 = ORIENTED_EDGE('',*,*,#5712,.T.);
#6024 = ORIENTED_EDGE('',*,*,#6025,.F.);
#6025 = EDGE_CURVE('',#6011,#5715,#6026,.T.);
#6026 = LINE('',#6027,#6028);
#6027 = CARTESIAN_POINT('',(5.85,-5.25,0.));
#6028 = VECTOR('',#6029,1.);
#6029 = DIRECTION('',(0.,0.,1.));
#6030 = PLANE('',#6031);
#6031 = AXIS2_PLACEMENT_3D('',#6032,#6033,#6034);
#6032 = CARTESIAN_POINT('',(0.15,-5.25,0.));
#6033 = DIRECTION('',(0.,1.,0.));
#6034 = DIRECTION('',(1.,0.,0.));
#6035 = ADVANCED_FACE('',(#6036),#6055,.T.);
#6036 = FACE_BOUND('',#6037,.T.);
#6037 = EDGE_LOOP('',(#6038,#6039,#6040,#6048));
#6038 = ORIENTED_EDGE('',*,*,#6018,.T.);
#6039 = ORIENTED_EDGE('',*,*,#5753,.T.);
#6040 = ORIENTED_EDGE('',*,*,#6041,.F.);
#6041 = EDGE_CURVE('',#6042,#5746,#6044,.T.);
#6042 = VERTEX_POINT('',#6043);
#6043 = CARTESIAN_POINT('',(0.15,-4.95,0.));
#6044 = LINE('',#6045,#6046);
#6045 = CARTESIAN_POINT('',(0.15,-4.95,0.));
#6046 = VECTOR('',#6047,1.);
#6047 = DIRECTION('',(0.,0.,1.));
#6048 = ORIENTED_EDGE('',*,*,#6049,.F.);
#6049 = EDGE_CURVE('',#6009,#6042,#6050,.T.);
#6050 = CIRCLE('',#6051,0.3);
#6051 = AXIS2_PLACEMENT_3D('',#6052,#6053,#6054);
#6052 = CARTESIAN_POINT('',(0.45,-4.95,0.));
#6053 = DIRECTION('',(-0.,-0.,-1.));
#6054 = DIRECTION('',(0.,-1.,0.));
#6055 = CYLINDRICAL_SURFACE('',#6056,0.3);
#6056 = AXIS2_PLACEMENT_3D('',#6057,#6058,#6059);
#6057 = CARTESIAN_POINT('',(0.45,-4.95,0.));
#6058 = DIRECTION('',(0.,0.,1.));
#6059 = DIRECTION('',(0.,-1.,0.));
#6060 = ADVANCED_FACE('',(#6061),#6080,.T.);
#6061 = FACE_BOUND('',#6062,.T.);
#6062 = EDGE_LOOP('',(#6063,#6072,#6078,#6079));
#6063 = ORIENTED_EDGE('',*,*,#6064,.T.);
#6064 = EDGE_CURVE('',#6011,#6065,#6067,.T.);
#6065 = VERTEX_POINT('',#6066);
#6066 = CARTESIAN_POINT('',(6.15,-4.95,0.));
#6067 = CIRCLE('',#6068,0.3);
#6068 = AXIS2_PLACEMENT_3D('',#6069,#6070,#6071);
#6069 = CARTESIAN_POINT('',(5.85,-4.95,0.));
#6070 = DIRECTION('',(-0.,0.,1.));
#6071 = DIRECTION('',(0.,-1.,0.));
#6072 = ORIENTED_EDGE('',*,*,#6073,.T.);
#6073 = EDGE_CURVE('',#6065,#5769,#6074,.T.);
#6074 = LINE('',#6075,#6076);
#6075 = CARTESIAN_POINT('',(6.15,-4.95,0.));
#6076 = VECTOR('',#6077,1.);
#6077 = DIRECTION('',(0.,0.,1.));
#6078 = ORIENTED_EDGE('',*,*,#5768,.F.);
#6079 = ORIENTED_EDGE('',*,*,#6025,.F.);
#6080 = CYLINDRICAL_SURFACE('',#6081,0.3);
#6081 = AXIS2_PLACEMENT_3D('',#6082,#6083,#6084);
#6082 = CARTESIAN_POINT('',(5.85,-4.95,0.));
#6083 = DIRECTION('',(0.,0.,1.));
#6084 = DIRECTION('',(0.,-1.,0.));
#6085 = ADVANCED_FACE('',(#6086),#6168,.F.);
#6086 = FACE_BOUND('',#6087,.F.);
#6087 = EDGE_LOOP('',(#6088,#6098,#6104,#6105,#6106,#6114,#6122,#6130,
    #6138,#6146,#6154,#6162));
#6088 = ORIENTED_EDGE('',*,*,#6089,.F.);
#6089 = EDGE_CURVE('',#6090,#6092,#6094,.T.);
#6090 = VERTEX_POINT('',#6091);
#6091 = CARTESIAN_POINT('',(0.15,0.45,0.));
#6092 = VERTEX_POINT('',#6093);
#6093 = CARTESIAN_POINT('',(0.15,0.35,0.));
#6094 = LINE('',#6095,#6096);
#6095 = CARTESIAN_POINT('',(0.15,0.75,0.));
#6096 = VECTOR('',#6097,1.);
#6097 = DIRECTION('',(0.,-1.,0.));
#6098 = ORIENTED_EDGE('',*,*,#6099,.T.);
#6099 = EDGE_CURVE('',#6090,#5794,#6100,.T.);
#6100 = LINE('',#6101,#6102);
#6101 = CARTESIAN_POINT('',(0.15,0.45,0.));
#6102 = VECTOR('',#6103,1.);
#6103 = DIRECTION('',(0.,0.,1.));
#6104 = ORIENTED_EDGE('',*,*,#5793,.T.);
#6105 = ORIENTED_EDGE('',*,*,#6041,.F.);
#6106 = ORIENTED_EDGE('',*,*,#6107,.F.);
#6107 = EDGE_CURVE('',#6108,#6042,#6110,.T.);
#6108 = VERTEX_POINT('',#6109);
#6109 = CARTESIAN_POINT('',(0.15,-4.85,0.));
#6110 = LINE('',#6111,#6112);
#6111 = CARTESIAN_POINT('',(0.15,0.75,0.));
#6112 = VECTOR('',#6113,1.);
#6113 = DIRECTION('',(0.,-1.,0.));
#6114 = ORIENTED_EDGE('',*,*,#6115,.F.);
#6115 = EDGE_CURVE('',#6116,#6108,#6118,.T.);
#6116 = VERTEX_POINT('',#6117);
#6117 = CARTESIAN_POINT('',(0.15,-4.85,1.5));
#6118 = LINE('',#6119,#6120);
#6119 = CARTESIAN_POINT('',(0.15,-4.85,1.5));
#6120 = VECTOR('',#6121,1.);
#6121 = DIRECTION('',(0.,5.551115123126E-16,-1.));
#6122 = ORIENTED_EDGE('',*,*,#6123,.T.);
#6123 = EDGE_CURVE('',#6116,#6124,#6126,.T.);
#6124 = VERTEX_POINT('',#6125);
#6125 = CARTESIAN_POINT('',(0.15,-4.15,1.5));
#6126 = LINE('',#6127,#6128);
#6127 = CARTESIAN_POINT('',(0.15,-4.85,1.5));
#6128 = VECTOR('',#6129,1.);
#6129 = DIRECTION('',(0.,1.,3.330669073875E-16));
#6130 = ORIENTED_EDGE('',*,*,#6131,.T.);
#6131 = EDGE_CURVE('',#6124,#6132,#6134,.T.);
#6132 = VERTEX_POINT('',#6133);
#6133 = CARTESIAN_POINT('',(0.15,-4.15,0.));
#6134 = LINE('',#6135,#6136);
#6135 = CARTESIAN_POINT('',(0.15,-4.15,1.5));
#6136 = VECTOR('',#6137,1.);
#6137 = DIRECTION('',(0.,5.551115123126E-16,-1.));
#6138 = ORIENTED_EDGE('',*,*,#6139,.F.);
#6139 = EDGE_CURVE('',#6140,#6132,#6142,.T.);
#6140 = VERTEX_POINT('',#6141);
#6141 = CARTESIAN_POINT('',(0.15,-0.35,0.));
#6142 = LINE('',#6143,#6144);
#6143 = CARTESIAN_POINT('',(0.15,0.75,0.));
#6144 = VECTOR('',#6145,1.);
#6145 = DIRECTION('',(0.,-1.,0.));
#6146 = ORIENTED_EDGE('',*,*,#6147,.F.);
#6147 = EDGE_CURVE('',#6148,#6140,#6150,.T.);
#6148 = VERTEX_POINT('',#6149);
#6149 = CARTESIAN_POINT('',(0.15,-0.35,1.5));
#6150 = LINE('',#6151,#6152);
#6151 = CARTESIAN_POINT('',(0.15,-0.35,1.5));
#6152 = VECTOR('',#6153,1.);
#6153 = DIRECTION('',(0.,5.551115123126E-16,-1.));
#6154 = ORIENTED_EDGE('',*,*,#6155,.T.);
#6155 = EDGE_CURVE('',#6148,#6156,#6158,.T.);
#6156 = VERTEX_POINT('',#6157);
#6157 = CARTESIAN_POINT('',(0.15,0.35,1.5));
#6158 = LINE('',#6159,#6160);
#6159 = CARTESIAN_POINT('',(0.15,-0.35,1.5));
#6160 = VECTOR('',#6161,1.);
#6161 = DIRECTION('',(0.,1.,3.330669073875E-16));
#6162 = ORIENTED_EDGE('',*,*,#6163,.T.);
#6163 = EDGE_CURVE('',#6156,#6092,#6164,.T.);
#6164 = LINE('',#6165,#6166);
#6165 = CARTESIAN_POINT('',(0.15,0.35,1.5));
#6166 = VECTOR('',#6167,1.);
#6167 = DIRECTION('',(0.,5.551115123126E-16,-1.));
#6168 = PLANE('',#6169);
#6169 = AXIS2_PLACEMENT_3D('',#6170,#6171,#6172);
#6170 = CARTESIAN_POINT('',(0.15,0.75,0.));
#6171 = DIRECTION('',(1.,0.,0.));
#6172 = DIRECTION('',(0.,-1.,0.));
#6173 = ADVANCED_FACE('',(#6174),#6256,.F.);
#6174 = FACE_BOUND('',#6175,.F.);
#6175 = EDGE_LOOP('',(#6176,#6184,#6185,#6186,#6194,#6202,#6210,#6218,
    #6226,#6234,#6242,#6250));
#6176 = ORIENTED_EDGE('',*,*,#6177,.F.);
#6177 = EDGE_CURVE('',#6065,#6178,#6180,.T.);
#6178 = VERTEX_POINT('',#6179);
#6179 = CARTESIAN_POINT('',(6.15,-4.85,0.));
#6180 = LINE('',#6181,#6182);
#6181 = CARTESIAN_POINT('',(6.15,-5.25,0.));
#6182 = VECTOR('',#6183,1.);
#6183 = DIRECTION('',(0.,1.,0.));
#6184 = ORIENTED_EDGE('',*,*,#6073,.T.);
#6185 = ORIENTED_EDGE('',*,*,#5817,.T.);
#6186 = ORIENTED_EDGE('',*,*,#6187,.F.);
#6187 = EDGE_CURVE('',#6188,#5818,#6190,.T.);
#6188 = VERTEX_POINT('',#6189);
#6189 = CARTESIAN_POINT('',(6.15,0.45,0.));
#6190 = LINE('',#6191,#6192);
#6191 = CARTESIAN_POINT('',(6.15,0.45,0.));
#6192 = VECTOR('',#6193,1.);
#6193 = DIRECTION('',(0.,0.,1.));
#6194 = ORIENTED_EDGE('',*,*,#6195,.F.);
#6195 = EDGE_CURVE('',#6196,#6188,#6198,.T.);
#6196 = VERTEX_POINT('',#6197);
#6197 = CARTESIAN_POINT('',(6.15,0.35,0.));
#6198 = LINE('',#6199,#6200);
#6199 = CARTESIAN_POINT('',(6.15,-5.25,0.));
#6200 = VECTOR('',#6201,1.);
#6201 = DIRECTION('',(0.,1.,0.));
#6202 = ORIENTED_EDGE('',*,*,#6203,.F.);
#6203 = EDGE_CURVE('',#6204,#6196,#6206,.T.);
#6204 = VERTEX_POINT('',#6205);
#6205 = CARTESIAN_POINT('',(6.15,0.35,1.5));
#6206 = LINE('',#6207,#6208);
#6207 = CARTESIAN_POINT('',(6.15,0.35,1.5));
#6208 = VECTOR('',#6209,1.);
#6209 = DIRECTION('',(0.,5.551115123126E-16,-1.));
#6210 = ORIENTED_EDGE('',*,*,#6211,.F.);
#6211 = EDGE_CURVE('',#6212,#6204,#6214,.T.);
#6212 = VERTEX_POINT('',#6213);
#6213 = CARTESIAN_POINT('',(6.15,-0.35,1.5));
#6214 = LINE('',#6215,#6216);
#6215 = CARTESIAN_POINT('',(6.15,-0.35,1.5));
#6216 = VECTOR('',#6217,1.);
#6217 = DIRECTION('',(0.,1.,3.330669073875E-16));
#6218 = ORIENTED_EDGE('',*,*,#6219,.T.);
#6219 = EDGE_CURVE('',#6212,#6220,#6222,.T.);
#6220 = VERTEX_POINT('',#6221);
#6221 = CARTESIAN_POINT('',(6.15,-0.35,0.));
#6222 = LINE('',#6223,#6224);
#6223 = CARTESIAN_POINT('',(6.15,-0.35,1.5));
#6224 = VECTOR('',#6225,1.);
#6225 = DIRECTION('',(0.,5.551115123126E-16,-1.));
#6226 = ORIENTED_EDGE('',*,*,#6227,.F.);
#6227 = EDGE_CURVE('',#6228,#6220,#6230,.T.);
#6228 = VERTEX_POINT('',#6229);
#6229 = CARTESIAN_POINT('',(6.15,-4.15,0.));
#6230 = LINE('',#6231,#6232);
#6231 = CARTESIAN_POINT('',(6.15,-5.25,0.));
#6232 = VECTOR('',#6233,1.);
#6233 = DIRECTION('',(0.,1.,0.));
#6234 = ORIENTED_EDGE('',*,*,#6235,.F.);
#6235 = EDGE_CURVE('',#6236,#6228,#6238,.T.);
#6236 = VERTEX_POINT('',#6237);
#6237 = CARTESIAN_POINT('',(6.15,-4.15,1.5));
#6238 = LINE('',#6239,#6240);
#6239 = CARTESIAN_POINT('',(6.15,-4.15,1.5));
#6240 = VECTOR('',#6241,1.);
#6241 = DIRECTION('',(0.,5.551115123126E-16,-1.));
#6242 = ORIENTED_EDGE('',*,*,#6243,.F.);
#6243 = EDGE_CURVE('',#6244,#6236,#6246,.T.);
#6244 = VERTEX_POINT('',#6245);
#6245 = CARTESIAN_POINT('',(6.15,-4.85,1.5));
#6246 = LINE('',#6247,#6248);
#6247 = CARTESIAN_POINT('',(6.15,-4.85,1.5));
#6248 = VECTOR('',#6249,1.);
#6249 = DIRECTION('',(0.,1.,3.330669073875E-16));
#6250 = ORIENTED_EDGE('',*,*,#6251,.T.);
#6251 = EDGE_CURVE('',#6244,#6178,#6252,.T.);
#6252 = LINE('',#6253,#6254);
#6253 = CARTESIAN_POINT('',(6.15,-4.85,1.5));
#6254 = VECTOR('',#6255,1.);
#6255 = DIRECTION('',(0.,5.551115123126E-16,-1.));
#6256 = PLANE('',#6257);
#6257 = AXIS2_PLACEMENT_3D('',#6258,#6259,#6260);
#6258 = CARTESIAN_POINT('',(6.15,-5.25,0.));
#6259 = DIRECTION('',(-1.,0.,0.));
#6260 = DIRECTION('',(0.,1.,0.));
#6261 = ADVANCED_FACE('',(#6262),#6281,.T.);
#6262 = FACE_BOUND('',#6263,.T.);
#6263 = EDGE_LOOP('',(#6264,#6273,#6274,#6275));
#6264 = ORIENTED_EDGE('',*,*,#6265,.T.);
#6265 = EDGE_CURVE('',#6266,#6090,#6268,.T.);
#6266 = VERTEX_POINT('',#6267);
#6267 = CARTESIAN_POINT('',(0.45,0.75,0.));
#6268 = CIRCLE('',#6269,0.3);
#6269 = AXIS2_PLACEMENT_3D('',#6270,#6271,#6272);
#6270 = CARTESIAN_POINT('',(0.45,0.45,0.));
#6271 = DIRECTION('',(-0.,0.,1.));
#6272 = DIRECTION('',(0.,-1.,0.));
#6273 = ORIENTED_EDGE('',*,*,#6099,.T.);
#6274 = ORIENTED_EDGE('',*,*,#5841,.F.);
#6275 = ORIENTED_EDGE('',*,*,#6276,.F.);
#6276 = EDGE_CURVE('',#6266,#5842,#6277,.T.);
#6277 = LINE('',#6278,#6279);
#6278 = CARTESIAN_POINT('',(0.45,0.75,0.));
#6279 = VECTOR('',#6280,1.);
#6280 = DIRECTION('',(0.,0.,1.));
#6281 = CYLINDRICAL_SURFACE('',#6282,0.3);
#6282 = AXIS2_PLACEMENT_3D('',#6283,#6284,#6285);
#6283 = CARTESIAN_POINT('',(0.45,0.45,0.));
#6284 = DIRECTION('',(0.,0.,1.));
#6285 = DIRECTION('',(0.,1.,0.));
#6286 = ADVANCED_FACE('',(#6287),#6306,.T.);
#6287 = FACE_BOUND('',#6288,.T.);
#6288 = EDGE_LOOP('',(#6289,#6298,#6304,#6305));
#6289 = ORIENTED_EDGE('',*,*,#6290,.T.);
#6290 = EDGE_CURVE('',#6188,#6291,#6293,.T.);
#6291 = VERTEX_POINT('',#6292);
#6292 = CARTESIAN_POINT('',(5.85,0.75,0.));
#6293 = CIRCLE('',#6294,0.3);
#6294 = AXIS2_PLACEMENT_3D('',#6295,#6296,#6297);
#6295 = CARTESIAN_POINT('',(5.85,0.45,0.));
#6296 = DIRECTION('',(-0.,0.,1.));
#6297 = DIRECTION('',(0.,-1.,0.));
#6298 = ORIENTED_EDGE('',*,*,#6299,.T.);
#6299 = EDGE_CURVE('',#6291,#5867,#6300,.T.);
#6300 = LINE('',#6301,#6302);
#6301 = CARTESIAN_POINT('',(5.85,0.75,0.));
#6302 = VECTOR('',#6303,1.);
#6303 = DIRECTION('',(0.,0.,1.));
#6304 = ORIENTED_EDGE('',*,*,#5866,.F.);
#6305 = ORIENTED_EDGE('',*,*,#6187,.F.);
#6306 = CYLINDRICAL_SURFACE('',#6307,0.3);
#6307 = AXIS2_PLACEMENT_3D('',#6308,#6309,#6310);
#6308 = CARTESIAN_POINT('',(5.85,0.45,0.));
#6309 = DIRECTION('',(0.,0.,1.));
#6310 = DIRECTION('',(1.,0.,-0.));
#6311 = ADVANCED_FACE('',(#6312),#6323,.F.);
#6312 = FACE_BOUND('',#6313,.F.);
#6313 = EDGE_LOOP('',(#6314,#6320,#6321,#6322));
#6314 = ORIENTED_EDGE('',*,*,#6315,.F.);
#6315 = EDGE_CURVE('',#6291,#6266,#6316,.T.);
#6316 = LINE('',#6317,#6318);
#6317 = CARTESIAN_POINT('',(6.15,0.75,0.));
#6318 = VECTOR('',#6319,1.);
#6319 = DIRECTION('',(-1.,0.,0.));
#6320 = ORIENTED_EDGE('',*,*,#6299,.T.);
#6321 = ORIENTED_EDGE('',*,*,#5891,.T.);
#6322 = ORIENTED_EDGE('',*,*,#6276,.F.);
#6323 = PLANE('',#6324);
#6324 = AXIS2_PLACEMENT_3D('',#6325,#6326,#6327);
#6325 = CARTESIAN_POINT('',(6.15,0.75,0.));
#6326 = DIRECTION('',(0.,-1.,0.));
#6327 = DIRECTION('',(-1.,0.,0.));
#6328 = ADVANCED_FACE('',(#6329),#6332,.F.);
#6329 = FACE_BOUND('',#6330,.T.);
#6330 = EDGE_LOOP('',(#6331));
#6331 = ORIENTED_EDGE('',*,*,#5916,.T.);
#6332 = PLANE('',#6333);
#6333 = AXIS2_PLACEMENT_3D('',#6334,#6335,#6336);
#6334 = CARTESIAN_POINT('',(5.65,-4.25,4.1));
#6335 = DIRECTION('',(0.,0.,-1.));
#6336 = DIRECTION('',(-1.,0.,0.));
#6337 = ADVANCED_FACE('',(#6338),#6358,.T.);
#6338 = FACE_BOUND('',#6339,.T.);
#6339 = EDGE_LOOP('',(#6340,#6341,#6350,#6357));
#6340 = ORIENTED_EDGE('',*,*,#5941,.T.);
#6341 = ORIENTED_EDGE('',*,*,#6342,.F.);
#6342 = EDGE_CURVE('',#6343,#5934,#6345,.T.);
#6343 = VERTEX_POINT('',#6344);
#6344 = CARTESIAN_POINT('',(4.8,-2.25,4.3));
#6345 = CIRCLE('',#6346,0.1);
#6346 = AXIS2_PLACEMENT_3D('',#6347,#6348,#6349);
#6347 = CARTESIAN_POINT('',(4.8,-2.25,4.2));
#6348 = DIRECTION('',(-0.,1.,0.));
#6349 = DIRECTION('',(1.,0.,0.));
#6350 = ORIENTED_EDGE('',*,*,#6351,.F.);
#6351 = EDGE_CURVE('',#6343,#6343,#6352,.T.);
#6352 = CIRCLE('',#6353,1.65);
#6353 = AXIS2_PLACEMENT_3D('',#6354,#6355,#6356);
#6354 = CARTESIAN_POINT('',(3.15,-2.25,4.3));
#6355 = DIRECTION('',(0.,0.,1.));
#6356 = DIRECTION('',(1.,0.,-0.));
#6357 = ORIENTED_EDGE('',*,*,#6342,.T.);
#6358 = TOROIDAL_SURFACE('',#6359,1.65,0.1);
#6359 = AXIS2_PLACEMENT_3D('',#6360,#6361,#6362);
#6360 = CARTESIAN_POINT('',(3.15,-2.25,4.2));
#6361 = DIRECTION('',(0.,0.,-1.));
#6362 = DIRECTION('',(1.,0.,0.));
#6363 = ADVANCED_FACE('',(#6364),#6367,.F.);
#6364 = FACE_BOUND('',#6365,.T.);
#6365 = EDGE_LOOP('',(#6366));
#6366 = ORIENTED_EDGE('',*,*,#5966,.T.);
#6367 = PLANE('',#6368);
#6368 = AXIS2_PLACEMENT_3D('',#6369,#6370,#6371);
#6369 = CARTESIAN_POINT('',(1.65,-0.25,4.1));
#6370 = DIRECTION('',(0.,0.,-1.));
#6371 = DIRECTION('',(-1.,0.,0.));
#6372 = ADVANCED_FACE('',(#6373),#6376,.F.);
#6373 = FACE_BOUND('',#6374,.T.);
#6374 = EDGE_LOOP('',(#6375));
#6375 = ORIENTED_EDGE('',*,*,#5991,.T.);
#6376 = PLANE('',#6377);
#6377 = AXIS2_PLACEMENT_3D('',#6378,#6379,#6380);
#6378 = CARTESIAN_POINT('',(5.65,-0.25,4.1));
#6379 = DIRECTION('',(0.,0.,-1.));
#6380 = DIRECTION('',(-1.,0.,0.));
#6381 = ADVANCED_FACE('',(#6382),#6420,.T.);
#6382 = FACE_BOUND('',#6383,.T.);
#6383 = EDGE_LOOP('',(#6384,#6385,#6386,#6387,#6393,#6394,#6400,#6401,
    #6402,#6403,#6404,#6405,#6411,#6412,#6418,#6419));
#6384 = ORIENTED_EDGE('',*,*,#6008,.F.);
#6385 = ORIENTED_EDGE('',*,*,#6049,.T.);
#6386 = ORIENTED_EDGE('',*,*,#6107,.F.);
#6387 = ORIENTED_EDGE('',*,*,#6388,.F.);
#6388 = EDGE_CURVE('',#6132,#6108,#6389,.T.);
#6389 = LINE('',#6390,#6391);
#6390 = CARTESIAN_POINT('',(0.15,0.75,0.));
#6391 = VECTOR('',#6392,1.);
#6392 = DIRECTION('',(0.,-1.,0.));
#6393 = ORIENTED_EDGE('',*,*,#6139,.F.);
#6394 = ORIENTED_EDGE('',*,*,#6395,.F.);
#6395 = EDGE_CURVE('',#6092,#6140,#6396,.T.);
#6396 = LINE('',#6397,#6398);
#6397 = CARTESIAN_POINT('',(0.15,0.75,0.));
#6398 = VECTOR('',#6399,1.);
#6399 = DIRECTION('',(0.,-1.,0.));
#6400 = ORIENTED_EDGE('',*,*,#6089,.F.);
#6401 = ORIENTED_EDGE('',*,*,#6265,.F.);
#6402 = ORIENTED_EDGE('',*,*,#6315,.F.);
#6403 = ORIENTED_EDGE('',*,*,#6290,.F.);
#6404 = ORIENTED_EDGE('',*,*,#6195,.F.);
#6405 = ORIENTED_EDGE('',*,*,#6406,.F.);
#6406 = EDGE_CURVE('',#6220,#6196,#6407,.T.);
#6407 = LINE('',#6408,#6409);
#6408 = CARTESIAN_POINT('',(6.15,-5.25,0.));
#6409 = VECTOR('',#6410,1.);
#6410 = DIRECTION('',(0.,1.,0.));
#6411 = ORIENTED_EDGE('',*,*,#6227,.F.);
#6412 = ORIENTED_EDGE('',*,*,#6413,.F.);
#6413 = EDGE_CURVE('',#6178,#6228,#6414,.T.);
#6414 = LINE('',#6415,#6416);
#6415 = CARTESIAN_POINT('',(6.15,-5.25,0.));
#6416 = VECTOR('',#6417,1.);
#6417 = DIRECTION('',(0.,1.,0.));
#6418 = ORIENTED_EDGE('',*,*,#6177,.F.);
#6419 = ORIENTED_EDGE('',*,*,#6064,.F.);
#6420 = PLANE('',#6421);
#6421 = AXIS2_PLACEMENT_3D('',#6422,#6423,#6424);
#6422 = CARTESIAN_POINT('',(0.15,-5.25,0.));
#6423 = DIRECTION('',(0.,0.,-1.));
#6424 = DIRECTION('',(-1.,0.,0.));
#6425 = ADVANCED_FACE('',(#6426),#6570,.F.);
#6426 = FACE_BOUND('',#6427,.F.);
#6427 = EDGE_LOOP('',(#6428,#6438,#6447,#6455,#6464,#6472,#6480,#6488,
    #6497,#6505,#6514,#6522,#6531,#6537,#6538,#6546,#6555,#6563));
#6428 = ORIENTED_EDGE('',*,*,#6429,.T.);
#6429 = EDGE_CURVE('',#6430,#6432,#6434,.T.);
#6430 = VERTEX_POINT('',#6431);
#6431 = CARTESIAN_POINT('',(-0.162230377286,0.35,-0.540767924286));
#6432 = VERTEX_POINT('',#6433);
#6433 = CARTESIAN_POINT('',(-0.425000733956,0.35,-1.416669113186));
#6434 = LINE('',#6435,#6436);
#6435 = CARTESIAN_POINT('',(-0.15,0.35,-0.5));
#6436 = VECTOR('',#6437,1.);
#6437 = DIRECTION('',(-0.287347885566,5.31700397722E-16,-0.957826285221)
  );
#6438 = ORIENTED_EDGE('',*,*,#6439,.T.);
#6439 = EDGE_CURVE('',#6432,#6440,#6442,.T.);
#6440 = VERTEX_POINT('',#6441);
#6441 = CARTESIAN_POINT('',(-0.425000733956,0.35,-1.583330886814));
#6442 = CIRCLE('',#6443,0.29);
#6443 = AXIS2_PLACEMENT_3D('',#6444,#6445,#6446);
#6444 = CARTESIAN_POINT('',(-0.147231111242,0.35,-1.5));
#6445 = DIRECTION('',(0.,-1.,-3.330669073875E-16));
#6446 = DIRECTION('',(0.,-3.330669073875E-16,1.));
#6447 = ORIENTED_EDGE('',*,*,#6448,.T.);
#6448 = EDGE_CURVE('',#6440,#6449,#6451,.T.);
#6449 = VERTEX_POINT('',#6450);
#6450 = CARTESIAN_POINT('',(-0.162230377286,0.35,-2.459232075714));
#6451 = LINE('',#6452,#6453);
#6452 = CARTESIAN_POINT('',(-0.45,0.35,-1.5));
#6453 = VECTOR('',#6454,1.);
#6454 = DIRECTION('',(0.287347885566,5.31700397722E-16,-0.957826285221)
  );
#6455 = ORIENTED_EDGE('',*,*,#6456,.F.);
#6456 = EDGE_CURVE('',#6457,#6449,#6459,.T.);
#6457 = VERTEX_POINT('',#6458);
#6458 = CARTESIAN_POINT('',(-0.15,0.35,-2.542562962528));
#6459 = CIRCLE('',#6460,0.29);
#6460 = AXIS2_PLACEMENT_3D('',#6461,#6462,#6463);
#6461 = CARTESIAN_POINT('',(-0.44,0.35,-2.542562962528));
#6462 = DIRECTION('',(0.,-1.,-3.330669073875E-16));
#6463 = DIRECTION('',(0.,-3.330669073875E-16,1.));
#6464 = ORIENTED_EDGE('',*,*,#6465,.F.);
#6465 = EDGE_CURVE('',#6466,#6457,#6468,.T.);
#6466 = VERTEX_POINT('',#6467);
#6467 = CARTESIAN_POINT('',(-0.15,0.35,-3.5));
#6468 = LINE('',#6469,#6470);
#6469 = CARTESIAN_POINT('',(-0.15,0.35,-3.5));
#6470 = VECTOR('',#6471,1.);
#6471 = DIRECTION('',(0.,-5.551115123126E-16,1.));
#6472 = ORIENTED_EDGE('',*,*,#6473,.F.);
#6473 = EDGE_CURVE('',#6474,#6466,#6476,.T.);
#6474 = VERTEX_POINT('',#6475);
#6475 = CARTESIAN_POINT('',(0.15,0.35,-3.5));
#6476 = LINE('',#6477,#6478);
#6477 = CARTESIAN_POINT('',(0.15,0.35,-3.5));
#6478 = VECTOR('',#6479,1.);
#6479 = DIRECTION('',(-1.,-0.,0.));
#6480 = ORIENTED_EDGE('',*,*,#6481,.F.);
#6481 = EDGE_CURVE('',#6482,#6474,#6484,.T.);
#6482 = VERTEX_POINT('',#6483);
#6483 = CARTESIAN_POINT('',(0.15,0.35,-2.542562962528));
#6484 = LINE('',#6485,#6486);
#6485 = CARTESIAN_POINT('',(0.15,0.35,-2.5));
#6486 = VECTOR('',#6487,1.);
#6487 = DIRECTION('',(0.,5.551115123126E-16,-1.));
#6488 = ORIENTED_EDGE('',*,*,#6489,.F.);
#6489 = EDGE_CURVE('',#6490,#6482,#6492,.T.);
#6490 = VERTEX_POINT('',#6491);
#6491 = CARTESIAN_POINT('',(0.137769622714,0.35,-2.459232075714));
#6492 = CIRCLE('',#6493,0.29);
#6493 = AXIS2_PLACEMENT_3D('',#6494,#6495,#6496);
#6494 = CARTESIAN_POINT('',(-0.14,0.35,-2.542562962528));
#6495 = DIRECTION('',(-0.,1.,3.330669073875E-16));
#6496 = DIRECTION('',(0.,-3.330669073875E-16,1.));
#6497 = ORIENTED_EDGE('',*,*,#6498,.T.);
#6498 = EDGE_CURVE('',#6490,#6499,#6501,.T.);
#6499 = VERTEX_POINT('',#6500);
#6500 = CARTESIAN_POINT('',(-0.125000733956,0.35,-1.583330886814));
#6501 = LINE('',#6502,#6503);
#6502 = CARTESIAN_POINT('',(0.15,0.35,-2.5));
#6503 = VECTOR('',#6504,1.);
#6504 = DIRECTION('',(-0.287347885566,-5.31700397722E-16,0.957826285221)
  );
#6505 = ORIENTED_EDGE('',*,*,#6506,.F.);
#6506 = EDGE_CURVE('',#6507,#6499,#6509,.T.);
#6507 = VERTEX_POINT('',#6508);
#6508 = CARTESIAN_POINT('',(-0.125000733956,0.35,-1.416669113186));
#6509 = CIRCLE('',#6510,0.29);
#6510 = AXIS2_PLACEMENT_3D('',#6511,#6512,#6513);
#6511 = CARTESIAN_POINT('',(0.152768888758,0.35,-1.5));
#6512 = DIRECTION('',(0.,-1.,-3.330669073875E-16));
#6513 = DIRECTION('',(0.,-3.330669073875E-16,1.));
#6514 = ORIENTED_EDGE('',*,*,#6515,.T.);
#6515 = EDGE_CURVE('',#6507,#6516,#6518,.T.);
#6516 = VERTEX_POINT('',#6517);
#6517 = CARTESIAN_POINT('',(0.137769622714,0.35,-0.540767924286));
#6518 = LINE('',#6519,#6520);
#6519 = CARTESIAN_POINT('',(-0.15,0.35,-1.5));
#6520 = VECTOR('',#6521,1.);
#6521 = DIRECTION('',(0.287347885566,-5.31700397722E-16,0.957826285221)
  );
#6522 = ORIENTED_EDGE('',*,*,#6523,.F.);
#6523 = EDGE_CURVE('',#6524,#6516,#6526,.T.);
#6524 = VERTEX_POINT('',#6525);
#6525 = CARTESIAN_POINT('',(0.15,0.35,-0.457437037472));
#6526 = CIRCLE('',#6527,0.29);
#6527 = AXIS2_PLACEMENT_3D('',#6528,#6529,#6530);
#6528 = CARTESIAN_POINT('',(-0.14,0.35,-0.457437037472));
#6529 = DIRECTION('',(-0.,1.,3.330669073875E-16));
#6530 = DIRECTION('',(0.,-3.330669073875E-16,1.));
#6531 = ORIENTED_EDGE('',*,*,#6532,.F.);
#6532 = EDGE_CURVE('',#6092,#6524,#6533,.T.);
#6533 = LINE('',#6534,#6535);
#6534 = CARTESIAN_POINT('',(0.15,0.35,1.5));
#6535 = VECTOR('',#6536,1.);
#6536 = DIRECTION('',(0.,5.551115123126E-16,-1.));
#6537 = ORIENTED_EDGE('',*,*,#6163,.F.);
#6538 = ORIENTED_EDGE('',*,*,#6539,.F.);
#6539 = EDGE_CURVE('',#6540,#6156,#6542,.T.);
#6540 = VERTEX_POINT('',#6541);
#6541 = CARTESIAN_POINT('',(0.14,0.35,1.5));
#6542 = LINE('',#6543,#6544);
#6543 = CARTESIAN_POINT('',(-0.15,0.35,1.5));
#6544 = VECTOR('',#6545,1.);
#6545 = DIRECTION('',(1.,0.,0.));
#6546 = ORIENTED_EDGE('',*,*,#6547,.F.);
#6547 = EDGE_CURVE('',#6548,#6540,#6550,.T.);
#6548 = VERTEX_POINT('',#6549);
#6549 = CARTESIAN_POINT('',(-0.15,0.35,1.21));
#6550 = CIRCLE('',#6551,0.29);
#6551 = AXIS2_PLACEMENT_3D('',#6552,#6553,#6554);
#6552 = CARTESIAN_POINT('',(0.14,0.35,1.21));
#6553 = DIRECTION('',(-0.,1.,3.330669073875E-16));
#6554 = DIRECTION('',(0.,-3.330669073875E-16,1.));
#6555 = ORIENTED_EDGE('',*,*,#6556,.F.);
#6556 = EDGE_CURVE('',#6557,#6548,#6559,.T.);
#6557 = VERTEX_POINT('',#6558);
#6558 = CARTESIAN_POINT('',(-0.15,0.35,-0.457437037472));
#6559 = LINE('',#6560,#6561);
#6560 = CARTESIAN_POINT('',(-0.15,0.35,-0.5));
#6561 = VECTOR('',#6562,1.);
#6562 = DIRECTION('',(0.,-5.551115123126E-16,1.));
#6563 = ORIENTED_EDGE('',*,*,#6564,.F.);
#6564 = EDGE_CURVE('',#6430,#6557,#6565,.T.);
#6565 = CIRCLE('',#6566,0.29);
#6566 = AXIS2_PLACEMENT_3D('',#6567,#6568,#6569);
#6567 = CARTESIAN_POINT('',(-0.44,0.35,-0.457437037472));
#6568 = DIRECTION('',(0.,-1.,-3.330669073875E-16));
#6569 = DIRECTION('',(0.,-3.330669073875E-16,1.));
#6570 = PLANE('',#6571);
#6571 = AXIS2_PLACEMENT_3D('',#6572,#6573,#6574);
#6572 = CARTESIAN_POINT('',(-0.15,0.35,-0.5));
#6573 = DIRECTION('',(1.64346021921E-31,-1.,-5.551115123126E-16));
#6574 = DIRECTION('',(0.,5.551115123126E-16,-1.));
#6575 = ADVANCED_FACE('',(#6576),#6594,.F.);
#6576 = FACE_BOUND('',#6577,.F.);
#6577 = EDGE_LOOP('',(#6578,#6586,#6592,#6593));
#6578 = ORIENTED_EDGE('',*,*,#6579,.F.);
#6579 = EDGE_CURVE('',#6580,#6148,#6582,.T.);
#6580 = VERTEX_POINT('',#6581);
#6581 = CARTESIAN_POINT('',(0.14,-0.35,1.5));
#6582 = LINE('',#6583,#6584);
#6583 = CARTESIAN_POINT('',(-0.15,-0.35,1.5));
#6584 = VECTOR('',#6585,1.);
#6585 = DIRECTION('',(1.,0.,0.));
#6586 = ORIENTED_EDGE('',*,*,#6587,.T.);
#6587 = EDGE_CURVE('',#6580,#6540,#6588,.T.);
#6588 = LINE('',#6589,#6590);
#6589 = CARTESIAN_POINT('',(0.14,-0.35,1.5));
#6590 = VECTOR('',#6591,1.);
#6591 = DIRECTION('',(0.,1.,3.330669073875E-16));
#6592 = ORIENTED_EDGE('',*,*,#6539,.T.);
#6593 = ORIENTED_EDGE('',*,*,#6155,.F.);
#6594 = PLANE('',#6595);
#6595 = AXIS2_PLACEMENT_3D('',#6596,#6597,#6598);
#6596 = CARTESIAN_POINT('',(-0.15,-0.35,1.5));
#6597 = DIRECTION('',(0.,3.330669073875E-16,-1.));
#6598 = DIRECTION('',(1.,0.,0.));
#6599 = ADVANCED_FACE('',(#6600),#6737,.T.);
#6600 = FACE_BOUND('',#6601,.T.);
#6601 = EDGE_LOOP('',(#6602,#6612,#6621,#6629,#6638,#6646,#6654,#6662,
    #6671,#6679,#6688,#6696,#6705,#6711,#6712,#6713,#6722,#6730));
#6602 = ORIENTED_EDGE('',*,*,#6603,.T.);
#6603 = EDGE_CURVE('',#6604,#6606,#6608,.T.);
#6604 = VERTEX_POINT('',#6605);
#6605 = CARTESIAN_POINT('',(-0.162230377286,-0.35,-0.540767924286));
#6606 = VERTEX_POINT('',#6607);
#6607 = CARTESIAN_POINT('',(-0.425000733956,-0.35,-1.416669113186));
#6608 = LINE('',#6609,#6610);
#6609 = CARTESIAN_POINT('',(-0.15,-0.35,-0.5));
#6610 = VECTOR('',#6611,1.);
#6611 = DIRECTION('',(-0.287347885566,5.31700397722E-16,-0.957826285221)
  );
#6612 = ORIENTED_EDGE('',*,*,#6613,.T.);
#6613 = EDGE_CURVE('',#6606,#6614,#6616,.T.);
#6614 = VERTEX_POINT('',#6615);
#6615 = CARTESIAN_POINT('',(-0.425000733956,-0.35,-1.583330886814));
#6616 = CIRCLE('',#6617,0.29);
#6617 = AXIS2_PLACEMENT_3D('',#6618,#6619,#6620);
#6618 = CARTESIAN_POINT('',(-0.147231111242,-0.35,-1.5));
#6619 = DIRECTION('',(0.,-1.,-3.330669073875E-16));
#6620 = DIRECTION('',(0.,-3.330669073875E-16,1.));
#6621 = ORIENTED_EDGE('',*,*,#6622,.T.);
#6622 = EDGE_CURVE('',#6614,#6623,#6625,.T.);
#6623 = VERTEX_POINT('',#6624);
#6624 = CARTESIAN_POINT('',(-0.162230377286,-0.35,-2.459232075714));
#6625 = LINE('',#6626,#6627);
#6626 = CARTESIAN_POINT('',(-0.45,-0.35,-1.5));
#6627 = VECTOR('',#6628,1.);
#6628 = DIRECTION('',(0.287347885566,5.31700397722E-16,-0.957826285221)
  );
#6629 = ORIENTED_EDGE('',*,*,#6630,.F.);
#6630 = EDGE_CURVE('',#6631,#6623,#6633,.T.);
#6631 = VERTEX_POINT('',#6632);
#6632 = CARTESIAN_POINT('',(-0.15,-0.35,-2.542562962528));
#6633 = CIRCLE('',#6634,0.29);
#6634 = AXIS2_PLACEMENT_3D('',#6635,#6636,#6637);
#6635 = CARTESIAN_POINT('',(-0.44,-0.35,-2.542562962528));
#6636 = DIRECTION('',(0.,-1.,-3.330669073875E-16));
#6637 = DIRECTION('',(0.,-3.330669073875E-16,1.));
#6638 = ORIENTED_EDGE('',*,*,#6639,.F.);
#6639 = EDGE_CURVE('',#6640,#6631,#6642,.T.);
#6640 = VERTEX_POINT('',#6641);
#6641 = CARTESIAN_POINT('',(-0.15,-0.35,-3.5));
#6642 = LINE('',#6643,#6644);
#6643 = CARTESIAN_POINT('',(-0.15,-0.35,-3.5));
#6644 = VECTOR('',#6645,1.);
#6645 = DIRECTION('',(0.,-5.551115123126E-16,1.));
#6646 = ORIENTED_EDGE('',*,*,#6647,.F.);
#6647 = EDGE_CURVE('',#6648,#6640,#6650,.T.);
#6648 = VERTEX_POINT('',#6649);
#6649 = CARTESIAN_POINT('',(0.15,-0.35,-3.5));
#6650 = LINE('',#6651,#6652);
#6651 = CARTESIAN_POINT('',(0.15,-0.35,-3.5));
#6652 = VECTOR('',#6653,1.);
#6653 = DIRECTION('',(-1.,-0.,0.));
#6654 = ORIENTED_EDGE('',*,*,#6655,.F.);
#6655 = EDGE_CURVE('',#6656,#6648,#6658,.T.);
#6656 = VERTEX_POINT('',#6657);
#6657 = CARTESIAN_POINT('',(0.15,-0.35,-2.542562962528));
#6658 = LINE('',#6659,#6660);
#6659 = CARTESIAN_POINT('',(0.15,-0.35,-2.5));
#6660 = VECTOR('',#6661,1.);
#6661 = DIRECTION('',(0.,5.551115123126E-16,-1.));
#6662 = ORIENTED_EDGE('',*,*,#6663,.F.);
#6663 = EDGE_CURVE('',#6664,#6656,#6666,.T.);
#6664 = VERTEX_POINT('',#6665);
#6665 = CARTESIAN_POINT('',(0.137769622714,-0.35,-2.459232075714));
#6666 = CIRCLE('',#6667,0.29);
#6667 = AXIS2_PLACEMENT_3D('',#6668,#6669,#6670);
#6668 = CARTESIAN_POINT('',(-0.14,-0.35,-2.542562962528));
#6669 = DIRECTION('',(-0.,1.,3.330669073875E-16));
#6670 = DIRECTION('',(0.,-3.330669073875E-16,1.));
#6671 = ORIENTED_EDGE('',*,*,#6672,.T.);
#6672 = EDGE_CURVE('',#6664,#6673,#6675,.T.);
#6673 = VERTEX_POINT('',#6674);
#6674 = CARTESIAN_POINT('',(-0.125000733956,-0.35,-1.583330886814));
#6675 = LINE('',#6676,#6677);
#6676 = CARTESIAN_POINT('',(0.15,-0.35,-2.5));
#6677 = VECTOR('',#6678,1.);
#6678 = DIRECTION('',(-0.287347885566,-5.31700397722E-16,0.957826285221)
  );
#6679 = ORIENTED_EDGE('',*,*,#6680,.F.);
#6680 = EDGE_CURVE('',#6681,#6673,#6683,.T.);
#6681 = VERTEX_POINT('',#6682);
#6682 = CARTESIAN_POINT('',(-0.125000733956,-0.35,-1.416669113186));
#6683 = CIRCLE('',#6684,0.29);
#6684 = AXIS2_PLACEMENT_3D('',#6685,#6686,#6687);
#6685 = CARTESIAN_POINT('',(0.152768888758,-0.35,-1.5));
#6686 = DIRECTION('',(0.,-1.,-3.330669073875E-16));
#6687 = DIRECTION('',(0.,-3.330669073875E-16,1.));
#6688 = ORIENTED_EDGE('',*,*,#6689,.T.);
#6689 = EDGE_CURVE('',#6681,#6690,#6692,.T.);
#6690 = VERTEX_POINT('',#6691);
#6691 = CARTESIAN_POINT('',(0.137769622714,-0.35,-0.540767924286));
#6692 = LINE('',#6693,#6694);
#6693 = CARTESIAN_POINT('',(-0.15,-0.35,-1.5));
#6694 = VECTOR('',#6695,1.);
#6695 = DIRECTION('',(0.287347885566,-5.31700397722E-16,0.957826285221)
  );
#6696 = ORIENTED_EDGE('',*,*,#6697,.F.);
#6697 = EDGE_CURVE('',#6698,#6690,#6700,.T.);
#6698 = VERTEX_POINT('',#6699);
#6699 = CARTESIAN_POINT('',(0.15,-0.35,-0.457437037472));
#6700 = CIRCLE('',#6701,0.29);
#6701 = AXIS2_PLACEMENT_3D('',#6702,#6703,#6704);
#6702 = CARTESIAN_POINT('',(-0.14,-0.35,-0.457437037472));
#6703 = DIRECTION('',(-0.,1.,3.330669073875E-16));
#6704 = DIRECTION('',(0.,-3.330669073875E-16,1.));
#6705 = ORIENTED_EDGE('',*,*,#6706,.F.);
#6706 = EDGE_CURVE('',#6140,#6698,#6707,.T.);
#6707 = LINE('',#6708,#6709);
#6708 = CARTESIAN_POINT('',(0.15,-0.35,1.5));
#6709 = VECTOR('',#6710,1.);
#6710 = DIRECTION('',(0.,5.551115123126E-16,-1.));
#6711 = ORIENTED_EDGE('',*,*,#6147,.F.);
#6712 = ORIENTED_EDGE('',*,*,#6579,.F.);
#6713 = ORIENTED_EDGE('',*,*,#6714,.F.);
#6714 = EDGE_CURVE('',#6715,#6580,#6717,.T.);
#6715 = VERTEX_POINT('',#6716);
#6716 = CARTESIAN_POINT('',(-0.15,-0.35,1.21));
#6717 = CIRCLE('',#6718,0.29);
#6718 = AXIS2_PLACEMENT_3D('',#6719,#6720,#6721);
#6719 = CARTESIAN_POINT('',(0.14,-0.35,1.21));
#6720 = DIRECTION('',(-0.,1.,3.330669073875E-16));
#6721 = DIRECTION('',(0.,-3.330669073875E-16,1.));
#6722 = ORIENTED_EDGE('',*,*,#6723,.F.);
#6723 = EDGE_CURVE('',#6724,#6715,#6726,.T.);
#6724 = VERTEX_POINT('',#6725);
#6725 = CARTESIAN_POINT('',(-0.15,-0.35,-0.457437037472));
#6726 = LINE('',#6727,#6728);
#6727 = CARTESIAN_POINT('',(-0.15,-0.35,-0.5));
#6728 = VECTOR('',#6729,1.);
#6729 = DIRECTION('',(0.,-5.551115123126E-16,1.));
#6730 = ORIENTED_EDGE('',*,*,#6731,.F.);
#6731 = EDGE_CURVE('',#6604,#6724,#6732,.T.);
#6732 = CIRCLE('',#6733,0.29);
#6733 = AXIS2_PLACEMENT_3D('',#6734,#6735,#6736);
#6734 = CARTESIAN_POINT('',(-0.44,-0.35,-0.457437037472));
#6735 = DIRECTION('',(0.,-1.,-3.330669073875E-16));
#6736 = DIRECTION('',(0.,-3.330669073875E-16,1.));
#6737 = PLANE('',#6738);
#6738 = AXIS2_PLACEMENT_3D('',#6739,#6740,#6741);
#6739 = CARTESIAN_POINT('',(-0.15,-0.35,-0.5));
#6740 = DIRECTION('',(1.64346021921E-31,-1.,-5.551115123126E-16));
#6741 = DIRECTION('',(0.,5.551115123126E-16,-1.));
#6742 = ADVANCED_FACE('',(#6743),#6887,.T.);
#6743 = FACE_BOUND('',#6744,.T.);
#6744 = EDGE_LOOP('',(#6745,#6755,#6764,#6772,#6781,#6789,#6797,#6805,
    #6814,#6822,#6831,#6839,#6848,#6854,#6855,#6863,#6872,#6880));
#6745 = ORIENTED_EDGE('',*,*,#6746,.T.);
#6746 = EDGE_CURVE('',#6747,#6749,#6751,.T.);
#6747 = VERTEX_POINT('',#6748);
#6748 = CARTESIAN_POINT('',(-0.162230377286,-4.85,-0.540767924286));
#6749 = VERTEX_POINT('',#6750);
#6750 = CARTESIAN_POINT('',(-0.425000733956,-4.85,-1.416669113186));
#6751 = LINE('',#6752,#6753);
#6752 = CARTESIAN_POINT('',(-0.15,-4.85,-0.5));
#6753 = VECTOR('',#6754,1.);
#6754 = DIRECTION('',(-0.287347885566,5.31700397722E-16,-0.957826285221)
  );
#6755 = ORIENTED_EDGE('',*,*,#6756,.T.);
#6756 = EDGE_CURVE('',#6749,#6757,#6759,.T.);
#6757 = VERTEX_POINT('',#6758);
#6758 = CARTESIAN_POINT('',(-0.425000733956,-4.85,-1.583330886814));
#6759 = CIRCLE('',#6760,0.29);
#6760 = AXIS2_PLACEMENT_3D('',#6761,#6762,#6763);
#6761 = CARTESIAN_POINT('',(-0.147231111242,-4.85,-1.5));
#6762 = DIRECTION('',(0.,-1.,-3.330669073875E-16));
#6763 = DIRECTION('',(0.,-3.330669073875E-16,1.));
#6764 = ORIENTED_EDGE('',*,*,#6765,.T.);
#6765 = EDGE_CURVE('',#6757,#6766,#6768,.T.);
#6766 = VERTEX_POINT('',#6767);
#6767 = CARTESIAN_POINT('',(-0.162230377286,-4.85,-2.459232075714));
#6768 = LINE('',#6769,#6770);
#6769 = CARTESIAN_POINT('',(-0.45,-4.85,-1.5));
#6770 = VECTOR('',#6771,1.);
#6771 = DIRECTION('',(0.287347885566,5.31700397722E-16,-0.957826285221)
  );
#6772 = ORIENTED_EDGE('',*,*,#6773,.F.);
#6773 = EDGE_CURVE('',#6774,#6766,#6776,.T.);
#6774 = VERTEX_POINT('',#6775);
#6775 = CARTESIAN_POINT('',(-0.15,-4.85,-2.542562962528));
#6776 = CIRCLE('',#6777,0.29);
#6777 = AXIS2_PLACEMENT_3D('',#6778,#6779,#6780);
#6778 = CARTESIAN_POINT('',(-0.44,-4.85,-2.542562962528));
#6779 = DIRECTION('',(0.,-1.,-3.330669073875E-16));
#6780 = DIRECTION('',(0.,-3.330669073875E-16,1.));
#6781 = ORIENTED_EDGE('',*,*,#6782,.F.);
#6782 = EDGE_CURVE('',#6783,#6774,#6785,.T.);
#6783 = VERTEX_POINT('',#6784);
#6784 = CARTESIAN_POINT('',(-0.15,-4.85,-3.5));
#6785 = LINE('',#6786,#6787);
#6786 = CARTESIAN_POINT('',(-0.15,-4.85,-3.5));
#6787 = VECTOR('',#6788,1.);
#6788 = DIRECTION('',(0.,-5.551115123126E-16,1.));
#6789 = ORIENTED_EDGE('',*,*,#6790,.F.);
#6790 = EDGE_CURVE('',#6791,#6783,#6793,.T.);
#6791 = VERTEX_POINT('',#6792);
#6792 = CARTESIAN_POINT('',(0.15,-4.85,-3.5));
#6793 = LINE('',#6794,#6795);
#6794 = CARTESIAN_POINT('',(0.15,-4.85,-3.5));
#6795 = VECTOR('',#6796,1.);
#6796 = DIRECTION('',(-1.,-0.,0.));
#6797 = ORIENTED_EDGE('',*,*,#6798,.F.);
#6798 = EDGE_CURVE('',#6799,#6791,#6801,.T.);
#6799 = VERTEX_POINT('',#6800);
#6800 = CARTESIAN_POINT('',(0.15,-4.85,-2.542562962528));
#6801 = LINE('',#6802,#6803);
#6802 = CARTESIAN_POINT('',(0.15,-4.85,-2.5));
#6803 = VECTOR('',#6804,1.);
#6804 = DIRECTION('',(0.,5.551115123126E-16,-1.));
#6805 = ORIENTED_EDGE('',*,*,#6806,.F.);
#6806 = EDGE_CURVE('',#6807,#6799,#6809,.T.);
#6807 = VERTEX_POINT('',#6808);
#6808 = CARTESIAN_POINT('',(0.137769622714,-4.85,-2.459232075714));
#6809 = CIRCLE('',#6810,0.29);
#6810 = AXIS2_PLACEMENT_3D('',#6811,#6812,#6813);
#6811 = CARTESIAN_POINT('',(-0.14,-4.85,-2.542562962528));
#6812 = DIRECTION('',(-0.,1.,3.330669073875E-16));
#6813 = DIRECTION('',(0.,-3.330669073875E-16,1.));
#6814 = ORIENTED_EDGE('',*,*,#6815,.T.);
#6815 = EDGE_CURVE('',#6807,#6816,#6818,.T.);
#6816 = VERTEX_POINT('',#6817);
#6817 = CARTESIAN_POINT('',(-0.125000733956,-4.85,-1.583330886814));
#6818 = LINE('',#6819,#6820);
#6819 = CARTESIAN_POINT('',(0.15,-4.85,-2.5));
#6820 = VECTOR('',#6821,1.);
#6821 = DIRECTION('',(-0.287347885566,-5.31700397722E-16,0.957826285221)
  );
#6822 = ORIENTED_EDGE('',*,*,#6823,.F.);
#6823 = EDGE_CURVE('',#6824,#6816,#6826,.T.);
#6824 = VERTEX_POINT('',#6825);
#6825 = CARTESIAN_POINT('',(-0.125000733956,-4.85,-1.416669113186));
#6826 = CIRCLE('',#6827,0.29);
#6827 = AXIS2_PLACEMENT_3D('',#6828,#6829,#6830);
#6828 = CARTESIAN_POINT('',(0.152768888758,-4.85,-1.5));
#6829 = DIRECTION('',(0.,-1.,-3.330669073875E-16));
#6830 = DIRECTION('',(0.,-3.330669073875E-16,1.));
#6831 = ORIENTED_EDGE('',*,*,#6832,.T.);
#6832 = EDGE_CURVE('',#6824,#6833,#6835,.T.);
#6833 = VERTEX_POINT('',#6834);
#6834 = CARTESIAN_POINT('',(0.137769622714,-4.85,-0.540767924286));
#6835 = LINE('',#6836,#6837);
#6836 = CARTESIAN_POINT('',(-0.15,-4.85,-1.5));
#6837 = VECTOR('',#6838,1.);
#6838 = DIRECTION('',(0.287347885566,-5.31700397722E-16,0.957826285221)
  );
#6839 = ORIENTED_EDGE('',*,*,#6840,.F.);
#6840 = EDGE_CURVE('',#6841,#6833,#6843,.T.);
#6841 = VERTEX_POINT('',#6842);
#6842 = CARTESIAN_POINT('',(0.15,-4.85,-0.457437037472));
#6843 = CIRCLE('',#6844,0.29);
#6844 = AXIS2_PLACEMENT_3D('',#6845,#6846,#6847);
#6845 = CARTESIAN_POINT('',(-0.14,-4.85,-0.457437037472));
#6846 = DIRECTION('',(-0.,1.,3.330669073875E-16));
#6847 = DIRECTION('',(0.,-3.330669073875E-16,1.));
#6848 = ORIENTED_EDGE('',*,*,#6849,.F.);
#6849 = EDGE_CURVE('',#6108,#6841,#6850,.T.);
#6850 = LINE('',#6851,#6852);
#6851 = CARTESIAN_POINT('',(0.15,-4.85,1.5));
#6852 = VECTOR('',#6853,1.);
#6853 = DIRECTION('',(0.,5.551115123126E-16,-1.));
#6854 = ORIENTED_EDGE('',*,*,#6115,.F.);
#6855 = ORIENTED_EDGE('',*,*,#6856,.F.);
#6856 = EDGE_CURVE('',#6857,#6116,#6859,.T.);
#6857 = VERTEX_POINT('',#6858);
#6858 = CARTESIAN_POINT('',(0.14,-4.85,1.5));
#6859 = LINE('',#6860,#6861);
#6860 = CARTESIAN_POINT('',(-0.15,-4.85,1.5));
#6861 = VECTOR('',#6862,1.);
#6862 = DIRECTION('',(1.,0.,0.));
#6863 = ORIENTED_EDGE('',*,*,#6864,.F.);
#6864 = EDGE_CURVE('',#6865,#6857,#6867,.T.);
#6865 = VERTEX_POINT('',#6866);
#6866 = CARTESIAN_POINT('',(-0.15,-4.85,1.21));
#6867 = CIRCLE('',#6868,0.29);
#6868 = AXIS2_PLACEMENT_3D('',#6869,#6870,#6871);
#6869 = CARTESIAN_POINT('',(0.14,-4.85,1.21));
#6870 = DIRECTION('',(-0.,1.,3.330669073875E-16));
#6871 = DIRECTION('',(0.,-3.330669073875E-16,1.));
#6872 = ORIENTED_EDGE('',*,*,#6873,.F.);
#6873 = EDGE_CURVE('',#6874,#6865,#6876,.T.);
#6874 = VERTEX_POINT('',#6875);
#6875 = CARTESIAN_POINT('',(-0.15,-4.85,-0.457437037472));
#6876 = LINE('',#6877,#6878);
#6877 = CARTESIAN_POINT('',(-0.15,-4.85,-0.5));
#6878 = VECTOR('',#6879,1.);
#6879 = DIRECTION('',(0.,-5.551115123126E-16,1.));
#6880 = ORIENTED_EDGE('',*,*,#6881,.F.);
#6881 = EDGE_CURVE('',#6747,#6874,#6882,.T.);
#6882 = CIRCLE('',#6883,0.29);
#6883 = AXIS2_PLACEMENT_3D('',#6884,#6885,#6886);
#6884 = CARTESIAN_POINT('',(-0.44,-4.85,-0.457437037472));
#6885 = DIRECTION('',(0.,-1.,-3.330669073875E-16));
#6886 = DIRECTION('',(0.,-3.330669073875E-16,1.));
#6887 = PLANE('',#6888);
#6888 = AXIS2_PLACEMENT_3D('',#6889,#6890,#6891);
#6889 = CARTESIAN_POINT('',(-0.15,-4.85,-0.5));
#6890 = DIRECTION('',(0.,-1.,-3.330669073875E-16));
#6891 = DIRECTION('',(0.,3.330669073875E-16,-1.));
#6892 = ADVANCED_FACE('',(#6893),#7037,.F.);
#6893 = FACE_BOUND('',#6894,.F.);
#6894 = EDGE_LOOP('',(#6895,#6905,#6914,#6922,#6931,#6939,#6947,#6955,
    #6964,#6972,#6981,#6989,#6998,#7004,#7005,#7013,#7022,#7030));
#6895 = ORIENTED_EDGE('',*,*,#6896,.T.);
#6896 = EDGE_CURVE('',#6897,#6899,#6901,.T.);
#6897 = VERTEX_POINT('',#6898);
#6898 = CARTESIAN_POINT('',(-0.162230377286,-4.15,-0.540767924286));
#6899 = VERTEX_POINT('',#6900);
#6900 = CARTESIAN_POINT('',(-0.425000733956,-4.15,-1.416669113186));
#6901 = LINE('',#6902,#6903);
#6902 = CARTESIAN_POINT('',(-0.15,-4.15,-0.5));
#6903 = VECTOR('',#6904,1.);
#6904 = DIRECTION('',(-0.287347885566,5.31700397722E-16,-0.957826285221)
  );
#6905 = ORIENTED_EDGE('',*,*,#6906,.T.);
#6906 = EDGE_CURVE('',#6899,#6907,#6909,.T.);
#6907 = VERTEX_POINT('',#6908);
#6908 = CARTESIAN_POINT('',(-0.425000733956,-4.15,-1.583330886814));
#6909 = CIRCLE('',#6910,0.29);
#6910 = AXIS2_PLACEMENT_3D('',#6911,#6912,#6913);
#6911 = CARTESIAN_POINT('',(-0.147231111242,-4.15,-1.5));
#6912 = DIRECTION('',(0.,-1.,-3.330669073875E-16));
#6913 = DIRECTION('',(0.,-3.330669073875E-16,1.));
#6914 = ORIENTED_EDGE('',*,*,#6915,.T.);
#6915 = EDGE_CURVE('',#6907,#6916,#6918,.T.);
#6916 = VERTEX_POINT('',#6917);
#6917 = CARTESIAN_POINT('',(-0.162230377286,-4.15,-2.459232075714));
#6918 = LINE('',#6919,#6920);
#6919 = CARTESIAN_POINT('',(-0.45,-4.15,-1.5));
#6920 = VECTOR('',#6921,1.);
#6921 = DIRECTION('',(0.287347885566,5.31700397722E-16,-0.957826285221)
  );
#6922 = ORIENTED_EDGE('',*,*,#6923,.F.);
#6923 = EDGE_CURVE('',#6924,#6916,#6926,.T.);
#6924 = VERTEX_POINT('',#6925);
#6925 = CARTESIAN_POINT('',(-0.15,-4.15,-2.542562962528));
#6926 = CIRCLE('',#6927,0.29);
#6927 = AXIS2_PLACEMENT_3D('',#6928,#6929,#6930);
#6928 = CARTESIAN_POINT('',(-0.44,-4.15,-2.542562962528));
#6929 = DIRECTION('',(0.,-1.,-3.330669073875E-16));
#6930 = DIRECTION('',(0.,-3.330669073875E-16,1.));
#6931 = ORIENTED_EDGE('',*,*,#6932,.F.);
#6932 = EDGE_CURVE('',#6933,#6924,#6935,.T.);
#6933 = VERTEX_POINT('',#6934);
#6934 = CARTESIAN_POINT('',(-0.15,-4.15,-3.5));
#6935 = LINE('',#6936,#6937);
#6936 = CARTESIAN_POINT('',(-0.15,-4.15,-3.5));
#6937 = VECTOR('',#6938,1.);
#6938 = DIRECTION('',(0.,-5.551115123126E-16,1.));
#6939 = ORIENTED_EDGE('',*,*,#6940,.F.);
#6940 = EDGE_CURVE('',#6941,#6933,#6943,.T.);
#6941 = VERTEX_POINT('',#6942);
#6942 = CARTESIAN_POINT('',(0.15,-4.15,-3.5));
#6943 = LINE('',#6944,#6945);
#6944 = CARTESIAN_POINT('',(0.15,-4.15,-3.5));
#6945 = VECTOR('',#6946,1.);
#6946 = DIRECTION('',(-1.,-0.,0.));
#6947 = ORIENTED_EDGE('',*,*,#6948,.F.);
#6948 = EDGE_CURVE('',#6949,#6941,#6951,.T.);
#6949 = VERTEX_POINT('',#6950);
#6950 = CARTESIAN_POINT('',(0.15,-4.15,-2.542562962528));
#6951 = LINE('',#6952,#6953);
#6952 = CARTESIAN_POINT('',(0.15,-4.15,-2.5));
#6953 = VECTOR('',#6954,1.);
#6954 = DIRECTION('',(0.,5.551115123126E-16,-1.));
#6955 = ORIENTED_EDGE('',*,*,#6956,.F.);
#6956 = EDGE_CURVE('',#6957,#6949,#6959,.T.);
#6957 = VERTEX_POINT('',#6958);
#6958 = CARTESIAN_POINT('',(0.137769622714,-4.15,-2.459232075714));
#6959 = CIRCLE('',#6960,0.29);
#6960 = AXIS2_PLACEMENT_3D('',#6961,#6962,#6963);
#6961 = CARTESIAN_POINT('',(-0.14,-4.15,-2.542562962528));
#6962 = DIRECTION('',(-0.,1.,3.330669073875E-16));
#6963 = DIRECTION('',(0.,-3.330669073875E-16,1.));
#6964 = ORIENTED_EDGE('',*,*,#6965,.T.);
#6965 = EDGE_CURVE('',#6957,#6966,#6968,.T.);
#6966 = VERTEX_POINT('',#6967);
#6967 = CARTESIAN_POINT('',(-0.125000733956,-4.15,-1.583330886814));
#6968 = LINE('',#6969,#6970);
#6969 = CARTESIAN_POINT('',(0.15,-4.15,-2.5));
#6970 = VECTOR('',#6971,1.);
#6971 = DIRECTION('',(-0.287347885566,-5.31700397722E-16,0.957826285221)
  );
#6972 = ORIENTED_EDGE('',*,*,#6973,.F.);
#6973 = EDGE_CURVE('',#6974,#6966,#6976,.T.);
#6974 = VERTEX_POINT('',#6975);
#6975 = CARTESIAN_POINT('',(-0.125000733956,-4.15,-1.416669113186));
#6976 = CIRCLE('',#6977,0.29);
#6977 = AXIS2_PLACEMENT_3D('',#6978,#6979,#6980);
#6978 = CARTESIAN_POINT('',(0.152768888758,-4.15,-1.5));
#6979 = DIRECTION('',(0.,-1.,-3.330669073875E-16));
#6980 = DIRECTION('',(0.,-3.330669073875E-16,1.));
#6981 = ORIENTED_EDGE('',*,*,#6982,.T.);
#6982 = EDGE_CURVE('',#6974,#6983,#6985,.T.);
#6983 = VERTEX_POINT('',#6984);
#6984 = CARTESIAN_POINT('',(0.137769622714,-4.15,-0.540767924286));
#6985 = LINE('',#6986,#6987);
#6986 = CARTESIAN_POINT('',(-0.15,-4.15,-1.5));
#6987 = VECTOR('',#6988,1.);
#6988 = DIRECTION('',(0.287347885566,-5.31700397722E-16,0.957826285221)
  );
#6989 = ORIENTED_EDGE('',*,*,#6990,.F.);
#6990 = EDGE_CURVE('',#6991,#6983,#6993,.T.);
#6991 = VERTEX_POINT('',#6992);
#6992 = CARTESIAN_POINT('',(0.15,-4.15,-0.457437037472));
#6993 = CIRCLE('',#6994,0.29);
#6994 = AXIS2_PLACEMENT_3D('',#6995,#6996,#6997);
#6995 = CARTESIAN_POINT('',(-0.14,-4.15,-0.457437037472));
#6996 = DIRECTION('',(-0.,1.,3.330669073875E-16));
#6997 = DIRECTION('',(0.,-3.330669073875E-16,1.));
#6998 = ORIENTED_EDGE('',*,*,#6999,.F.);
#6999 = EDGE_CURVE('',#6132,#6991,#7000,.T.);
#7000 = LINE('',#7001,#7002);
#7001 = CARTESIAN_POINT('',(0.15,-4.15,1.5));
#7002 = VECTOR('',#7003,1.);
#7003 = DIRECTION('',(0.,5.551115123126E-16,-1.));
#7004 = ORIENTED_EDGE('',*,*,#6131,.F.);
#7005 = ORIENTED_EDGE('',*,*,#7006,.F.);
#7006 = EDGE_CURVE('',#7007,#6124,#7009,.T.);
#7007 = VERTEX_POINT('',#7008);
#7008 = CARTESIAN_POINT('',(0.14,-4.15,1.5));
#7009 = LINE('',#7010,#7011);
#7010 = CARTESIAN_POINT('',(-0.15,-4.15,1.5));
#7011 = VECTOR('',#7012,1.);
#7012 = DIRECTION('',(1.,0.,0.));
#7013 = ORIENTED_EDGE('',*,*,#7014,.F.);
#7014 = EDGE_CURVE('',#7015,#7007,#7017,.T.);
#7015 = VERTEX_POINT('',#7016);
#7016 = CARTESIAN_POINT('',(-0.15,-4.15,1.21));
#7017 = CIRCLE('',#7018,0.29);
#7018 = AXIS2_PLACEMENT_3D('',#7019,#7020,#7021);
#7019 = CARTESIAN_POINT('',(0.14,-4.15,1.21));
#7020 = DIRECTION('',(-0.,1.,3.330669073875E-16));
#7021 = DIRECTION('',(0.,-3.330669073875E-16,1.));
#7022 = ORIENTED_EDGE('',*,*,#7023,.F.);
#7023 = EDGE_CURVE('',#7024,#7015,#7026,.T.);
#7024 = VERTEX_POINT('',#7025);
#7025 = CARTESIAN_POINT('',(-0.15,-4.15,-0.457437037472));
#7026 = LINE('',#7027,#7028);
#7027 = CARTESIAN_POINT('',(-0.15,-4.15,-0.5));
#7028 = VECTOR('',#7029,1.);
#7029 = DIRECTION('',(0.,-5.551115123126E-16,1.));
#7030 = ORIENTED_EDGE('',*,*,#7031,.F.);
#7031 = EDGE_CURVE('',#6897,#7024,#7032,.T.);
#7032 = CIRCLE('',#7033,0.29);
#7033 = AXIS2_PLACEMENT_3D('',#7034,#7035,#7036);
#7034 = CARTESIAN_POINT('',(-0.44,-4.15,-0.457437037472));
#7035 = DIRECTION('',(0.,-1.,-3.330669073875E-16));
#7036 = DIRECTION('',(0.,-3.330669073875E-16,1.));
#7037 = PLANE('',#7038);
#7038 = AXIS2_PLACEMENT_3D('',#7039,#7040,#7041);
#7039 = CARTESIAN_POINT('',(-0.15,-4.15,-0.5));
#7040 = DIRECTION('',(0.,-1.,-3.330669073875E-16));
#7041 = DIRECTION('',(0.,3.330669073875E-16,-1.));
#7042 = ADVANCED_FACE('',(#7043),#7054,.F.);
#7043 = FACE_BOUND('',#7044,.F.);
#7044 = EDGE_LOOP('',(#7045,#7046,#7052,#7053));
#7045 = ORIENTED_EDGE('',*,*,#6856,.F.);
#7046 = ORIENTED_EDGE('',*,*,#7047,.T.);
#7047 = EDGE_CURVE('',#6857,#7007,#7048,.T.);
#7048 = LINE('',#7049,#7050);
#7049 = CARTESIAN_POINT('',(0.14,-4.85,1.5));
#7050 = VECTOR('',#7051,1.);
#7051 = DIRECTION('',(0.,1.,3.330669073875E-16));
#7052 = ORIENTED_EDGE('',*,*,#7006,.T.);
#7053 = ORIENTED_EDGE('',*,*,#6123,.F.);
#7054 = PLANE('',#7055);
#7055 = AXIS2_PLACEMENT_3D('',#7056,#7057,#7058);
#7056 = CARTESIAN_POINT('',(-0.15,-4.85,1.5));
#7057 = DIRECTION('',(0.,3.330669073875E-16,-1.));
#7058 = DIRECTION('',(1.,0.,0.));
#7059 = ADVANCED_FACE('',(#7060),#7204,.F.);
#7060 = FACE_BOUND('',#7061,.F.);
#7061 = EDGE_LOOP('',(#7062,#7072,#7081,#7089,#7098,#7106,#7114,#7122,
    #7131,#7139,#7148,#7156,#7165,#7171,#7172,#7180,#7189,#7197));
#7062 = ORIENTED_EDGE('',*,*,#7063,.T.);
#7063 = EDGE_CURVE('',#7064,#7066,#7068,.T.);
#7064 = VERTEX_POINT('',#7065);
#7065 = CARTESIAN_POINT('',(6.462230377286,-4.85,-0.540767924286));
#7066 = VERTEX_POINT('',#7067);
#7067 = CARTESIAN_POINT('',(6.725000733956,-4.85,-1.416669113186));
#7068 = LINE('',#7069,#7070);
#7069 = CARTESIAN_POINT('',(6.45,-4.85,-0.5));
#7070 = VECTOR('',#7071,1.);
#7071 = DIRECTION('',(0.287347885566,5.31700397722E-16,-0.957826285221)
  );
#7072 = ORIENTED_EDGE('',*,*,#7073,.T.);
#7073 = EDGE_CURVE('',#7066,#7074,#7076,.T.);
#7074 = VERTEX_POINT('',#7075);
#7075 = CARTESIAN_POINT('',(6.725000733956,-4.85,-1.583330886814));
#7076 = CIRCLE('',#7077,0.29);
#7077 = AXIS2_PLACEMENT_3D('',#7078,#7079,#7080);
#7078 = CARTESIAN_POINT('',(6.447231111242,-4.85,-1.5));
#7079 = DIRECTION('',(-0.,1.,3.330669073875E-16));
#7080 = DIRECTION('',(0.,-3.330669073875E-16,1.));
#7081 = ORIENTED_EDGE('',*,*,#7082,.T.);
#7082 = EDGE_CURVE('',#7074,#7083,#7085,.T.);
#7083 = VERTEX_POINT('',#7084);
#7084 = CARTESIAN_POINT('',(6.462230377286,-4.85,-2.459232075714));
#7085 = LINE('',#7086,#7087);
#7086 = CARTESIAN_POINT('',(6.75,-4.85,-1.5));
#7087 = VECTOR('',#7088,1.);
#7088 = DIRECTION('',(-0.287347885566,5.31700397722E-16,-0.957826285221)
  );
#7089 = ORIENTED_EDGE('',*,*,#7090,.F.);
#7090 = EDGE_CURVE('',#7091,#7083,#7093,.T.);
#7091 = VERTEX_POINT('',#7092);
#7092 = CARTESIAN_POINT('',(6.45,-4.85,-2.542562962528));
#7093 = CIRCLE('',#7094,0.29);
#7094 = AXIS2_PLACEMENT_3D('',#7095,#7096,#7097);
#7095 = CARTESIAN_POINT('',(6.74,-4.85,-2.542562962528));
#7096 = DIRECTION('',(-0.,1.,3.330669073875E-16));
#7097 = DIRECTION('',(0.,-3.330669073875E-16,1.));
#7098 = ORIENTED_EDGE('',*,*,#7099,.F.);
#7099 = EDGE_CURVE('',#7100,#7091,#7102,.T.);
#7100 = VERTEX_POINT('',#7101);
#7101 = CARTESIAN_POINT('',(6.45,-4.85,-3.5));
#7102 = LINE('',#7103,#7104);
#7103 = CARTESIAN_POINT('',(6.45,-4.85,-3.5));
#7104 = VECTOR('',#7105,1.);
#7105 = DIRECTION('',(0.,-5.551115123126E-16,1.));
#7106 = ORIENTED_EDGE('',*,*,#7107,.F.);
#7107 = EDGE_CURVE('',#7108,#7100,#7110,.T.);
#7108 = VERTEX_POINT('',#7109);
#7109 = CARTESIAN_POINT('',(6.15,-4.85,-3.5));
#7110 = LINE('',#7111,#7112);
#7111 = CARTESIAN_POINT('',(6.15,-4.85,-3.5));
#7112 = VECTOR('',#7113,1.);
#7113 = DIRECTION('',(1.,0.,0.));
#7114 = ORIENTED_EDGE('',*,*,#7115,.F.);
#7115 = EDGE_CURVE('',#7116,#7108,#7118,.T.);
#7116 = VERTEX_POINT('',#7117);
#7117 = CARTESIAN_POINT('',(6.15,-4.85,-2.542562962528));
#7118 = LINE('',#7119,#7120);
#7119 = CARTESIAN_POINT('',(6.15,-4.85,-2.5));
#7120 = VECTOR('',#7121,1.);
#7121 = DIRECTION('',(0.,5.551115123126E-16,-1.));
#7122 = ORIENTED_EDGE('',*,*,#7123,.F.);
#7123 = EDGE_CURVE('',#7124,#7116,#7126,.T.);
#7124 = VERTEX_POINT('',#7125);
#7125 = CARTESIAN_POINT('',(6.162230377286,-4.85,-2.459232075714));
#7126 = CIRCLE('',#7127,0.29);
#7127 = AXIS2_PLACEMENT_3D('',#7128,#7129,#7130);
#7128 = CARTESIAN_POINT('',(6.44,-4.85,-2.542562962528));
#7129 = DIRECTION('',(0.,-1.,-3.330669073875E-16));
#7130 = DIRECTION('',(0.,-3.330669073875E-16,1.));
#7131 = ORIENTED_EDGE('',*,*,#7132,.T.);
#7132 = EDGE_CURVE('',#7124,#7133,#7135,.T.);
#7133 = VERTEX_POINT('',#7134);
#7134 = CARTESIAN_POINT('',(6.425000733956,-4.85,-1.583330886814));
#7135 = LINE('',#7136,#7137);
#7136 = CARTESIAN_POINT('',(6.15,-4.85,-2.5));
#7137 = VECTOR('',#7138,1.);
#7138 = DIRECTION('',(0.287347885566,-5.31700397722E-16,0.957826285221)
  );
#7139 = ORIENTED_EDGE('',*,*,#7140,.F.);
#7140 = EDGE_CURVE('',#7141,#7133,#7143,.T.);
#7141 = VERTEX_POINT('',#7142);
#7142 = CARTESIAN_POINT('',(6.425000733956,-4.85,-1.416669113186));
#7143 = CIRCLE('',#7144,0.29);
#7144 = AXIS2_PLACEMENT_3D('',#7145,#7146,#7147);
#7145 = CARTESIAN_POINT('',(6.147231111242,-4.85,-1.5));
#7146 = DIRECTION('',(-0.,1.,3.330669073875E-16));
#7147 = DIRECTION('',(0.,-3.330669073875E-16,1.));
#7148 = ORIENTED_EDGE('',*,*,#7149,.T.);
#7149 = EDGE_CURVE('',#7141,#7150,#7152,.T.);
#7150 = VERTEX_POINT('',#7151);
#7151 = CARTESIAN_POINT('',(6.162230377286,-4.85,-0.540767924286));
#7152 = LINE('',#7153,#7154);
#7153 = CARTESIAN_POINT('',(6.45,-4.85,-1.5));
#7154 = VECTOR('',#7155,1.);
#7155 = DIRECTION('',(-0.287347885566,-5.31700397722E-16,0.957826285221)
  );
#7156 = ORIENTED_EDGE('',*,*,#7157,.F.);
#7157 = EDGE_CURVE('',#7158,#7150,#7160,.T.);
#7158 = VERTEX_POINT('',#7159);
#7159 = CARTESIAN_POINT('',(6.15,-4.85,-0.457437037472));
#7160 = CIRCLE('',#7161,0.29);
#7161 = AXIS2_PLACEMENT_3D('',#7162,#7163,#7164);
#7162 = CARTESIAN_POINT('',(6.44,-4.85,-0.457437037472));
#7163 = DIRECTION('',(0.,-1.,-3.330669073875E-16));
#7164 = DIRECTION('',(0.,-3.330669073875E-16,1.));
#7165 = ORIENTED_EDGE('',*,*,#7166,.F.);
#7166 = EDGE_CURVE('',#6178,#7158,#7167,.T.);
#7167 = LINE('',#7168,#7169);
#7168 = CARTESIAN_POINT('',(6.15,-4.85,1.5));
#7169 = VECTOR('',#7170,1.);
#7170 = DIRECTION('',(0.,5.551115123126E-16,-1.));
#7171 = ORIENTED_EDGE('',*,*,#6251,.F.);
#7172 = ORIENTED_EDGE('',*,*,#7173,.F.);
#7173 = EDGE_CURVE('',#7174,#6244,#7176,.T.);
#7174 = VERTEX_POINT('',#7175);
#7175 = CARTESIAN_POINT('',(6.16,-4.85,1.5));
#7176 = LINE('',#7177,#7178);
#7177 = CARTESIAN_POINT('',(6.45,-4.85,1.5));
#7178 = VECTOR('',#7179,1.);
#7179 = DIRECTION('',(-1.,-0.,0.));
#7180 = ORIENTED_EDGE('',*,*,#7181,.F.);
#7181 = EDGE_CURVE('',#7182,#7174,#7184,.T.);
#7182 = VERTEX_POINT('',#7183);
#7183 = CARTESIAN_POINT('',(6.45,-4.85,1.21));
#7184 = CIRCLE('',#7185,0.29);
#7185 = AXIS2_PLACEMENT_3D('',#7186,#7187,#7188);
#7186 = CARTESIAN_POINT('',(6.16,-4.85,1.21));
#7187 = DIRECTION('',(0.,-1.,-3.330669073875E-16));
#7188 = DIRECTION('',(0.,-3.330669073875E-16,1.));
#7189 = ORIENTED_EDGE('',*,*,#7190,.F.);
#7190 = EDGE_CURVE('',#7191,#7182,#7193,.T.);
#7191 = VERTEX_POINT('',#7192);
#7192 = CARTESIAN_POINT('',(6.45,-4.85,-0.457437037472));
#7193 = LINE('',#7194,#7195);
#7194 = CARTESIAN_POINT('',(6.45,-4.85,-0.5));
#7195 = VECTOR('',#7196,1.);
#7196 = DIRECTION('',(0.,-5.551115123126E-16,1.));
#7197 = ORIENTED_EDGE('',*,*,#7198,.F.);
#7198 = EDGE_CURVE('',#7064,#7191,#7199,.T.);
#7199 = CIRCLE('',#7200,0.29);
#7200 = AXIS2_PLACEMENT_3D('',#7201,#7202,#7203);
#7201 = CARTESIAN_POINT('',(6.74,-4.85,-0.457437037472));
#7202 = DIRECTION('',(-0.,1.,3.330669073875E-16));
#7203 = DIRECTION('',(0.,-3.330669073875E-16,1.));
#7204 = PLANE('',#7205);
#7205 = AXIS2_PLACEMENT_3D('',#7206,#7207,#7208);
#7206 = CARTESIAN_POINT('',(6.45,-4.85,-0.5));
#7207 = DIRECTION('',(0.,1.,3.330669073875E-16));
#7208 = DIRECTION('',(0.,-3.330669073875E-16,1.));
#7209 = ADVANCED_FACE('',(#7210),#7228,.T.);
#7210 = FACE_BOUND('',#7211,.T.);
#7211 = EDGE_LOOP('',(#7212,#7213,#7221,#7227));
#7212 = ORIENTED_EDGE('',*,*,#7173,.F.);
#7213 = ORIENTED_EDGE('',*,*,#7214,.T.);
#7214 = EDGE_CURVE('',#7174,#7215,#7217,.T.);
#7215 = VERTEX_POINT('',#7216);
#7216 = CARTESIAN_POINT('',(6.16,-4.15,1.5));
#7217 = LINE('',#7218,#7219);
#7218 = CARTESIAN_POINT('',(6.16,-4.85,1.5));
#7219 = VECTOR('',#7220,1.);
#7220 = DIRECTION('',(0.,1.,3.330669073875E-16));
#7221 = ORIENTED_EDGE('',*,*,#7222,.T.);
#7222 = EDGE_CURVE('',#7215,#6236,#7223,.T.);
#7223 = LINE('',#7224,#7225);
#7224 = CARTESIAN_POINT('',(6.45,-4.15,1.5));
#7225 = VECTOR('',#7226,1.);
#7226 = DIRECTION('',(-1.,-0.,0.));
#7227 = ORIENTED_EDGE('',*,*,#6243,.F.);
#7228 = PLANE('',#7229);
#7229 = AXIS2_PLACEMENT_3D('',#7230,#7231,#7232);
#7230 = CARTESIAN_POINT('',(6.45,-4.85,1.5));
#7231 = DIRECTION('',(0.,-3.330669073875E-16,1.));
#7232 = DIRECTION('',(-1.,0.,0.));
#7233 = ADVANCED_FACE('',(#7234),#7371,.T.);
#7234 = FACE_BOUND('',#7235,.T.);
#7235 = EDGE_LOOP('',(#7236,#7246,#7255,#7263,#7272,#7280,#7288,#7296,
    #7305,#7313,#7322,#7330,#7339,#7345,#7346,#7347,#7356,#7364));
#7236 = ORIENTED_EDGE('',*,*,#7237,.T.);
#7237 = EDGE_CURVE('',#7238,#7240,#7242,.T.);
#7238 = VERTEX_POINT('',#7239);
#7239 = CARTESIAN_POINT('',(6.462230377286,-4.15,-0.540767924286));
#7240 = VERTEX_POINT('',#7241);
#7241 = CARTESIAN_POINT('',(6.725000733956,-4.15,-1.416669113186));
#7242 = LINE('',#7243,#7244);
#7243 = CARTESIAN_POINT('',(6.45,-4.15,-0.5));
#7244 = VECTOR('',#7245,1.);
#7245 = DIRECTION('',(0.287347885566,5.31700397722E-16,-0.957826285221)
  );
#7246 = ORIENTED_EDGE('',*,*,#7247,.T.);
#7247 = EDGE_CURVE('',#7240,#7248,#7250,.T.);
#7248 = VERTEX_POINT('',#7249);
#7249 = CARTESIAN_POINT('',(6.725000733956,-4.15,-1.583330886814));
#7250 = CIRCLE('',#7251,0.29);
#7251 = AXIS2_PLACEMENT_3D('',#7252,#7253,#7254);
#7252 = CARTESIAN_POINT('',(6.447231111242,-4.15,-1.5));
#7253 = DIRECTION('',(-0.,1.,3.330669073875E-16));
#7254 = DIRECTION('',(0.,-3.330669073875E-16,1.));
#7255 = ORIENTED_EDGE('',*,*,#7256,.T.);
#7256 = EDGE_CURVE('',#7248,#7257,#7259,.T.);
#7257 = VERTEX_POINT('',#7258);
#7258 = CARTESIAN_POINT('',(6.462230377286,-4.15,-2.459232075714));
#7259 = LINE('',#7260,#7261);
#7260 = CARTESIAN_POINT('',(6.75,-4.15,-1.5));
#7261 = VECTOR('',#7262,1.);
#7262 = DIRECTION('',(-0.287347885566,5.31700397722E-16,-0.957826285221)
  );
#7263 = ORIENTED_EDGE('',*,*,#7264,.F.);
#7264 = EDGE_CURVE('',#7265,#7257,#7267,.T.);
#7265 = VERTEX_POINT('',#7266);
#7266 = CARTESIAN_POINT('',(6.45,-4.15,-2.542562962528));
#7267 = CIRCLE('',#7268,0.29);
#7268 = AXIS2_PLACEMENT_3D('',#7269,#7270,#7271);
#7269 = CARTESIAN_POINT('',(6.74,-4.15,-2.542562962528));
#7270 = DIRECTION('',(-0.,1.,3.330669073875E-16));
#7271 = DIRECTION('',(0.,-3.330669073875E-16,1.));
#7272 = ORIENTED_EDGE('',*,*,#7273,.F.);
#7273 = EDGE_CURVE('',#7274,#7265,#7276,.T.);
#7274 = VERTEX_POINT('',#7275);
#7275 = CARTESIAN_POINT('',(6.45,-4.15,-3.5));
#7276 = LINE('',#7277,#7278);
#7277 = CARTESIAN_POINT('',(6.45,-4.15,-3.5));
#7278 = VECTOR('',#7279,1.);
#7279 = DIRECTION('',(0.,-5.551115123126E-16,1.));
#7280 = ORIENTED_EDGE('',*,*,#7281,.F.);
#7281 = EDGE_CURVE('',#7282,#7274,#7284,.T.);
#7282 = VERTEX_POINT('',#7283);
#7283 = CARTESIAN_POINT('',(6.15,-4.15,-3.5));
#7284 = LINE('',#7285,#7286);
#7285 = CARTESIAN_POINT('',(6.15,-4.15,-3.5));
#7286 = VECTOR('',#7287,1.);
#7287 = DIRECTION('',(1.,0.,0.));
#7288 = ORIENTED_EDGE('',*,*,#7289,.F.);
#7289 = EDGE_CURVE('',#7290,#7282,#7292,.T.);
#7290 = VERTEX_POINT('',#7291);
#7291 = CARTESIAN_POINT('',(6.15,-4.15,-2.542562962528));
#7292 = LINE('',#7293,#7294);
#7293 = CARTESIAN_POINT('',(6.15,-4.15,-2.5));
#7294 = VECTOR('',#7295,1.);
#7295 = DIRECTION('',(0.,5.551115123126E-16,-1.));
#7296 = ORIENTED_EDGE('',*,*,#7297,.F.);
#7297 = EDGE_CURVE('',#7298,#7290,#7300,.T.);
#7298 = VERTEX_POINT('',#7299);
#7299 = CARTESIAN_POINT('',(6.162230377286,-4.15,-2.459232075714));
#7300 = CIRCLE('',#7301,0.29);
#7301 = AXIS2_PLACEMENT_3D('',#7302,#7303,#7304);
#7302 = CARTESIAN_POINT('',(6.44,-4.15,-2.542562962528));
#7303 = DIRECTION('',(0.,-1.,-3.330669073875E-16));
#7304 = DIRECTION('',(0.,-3.330669073875E-16,1.));
#7305 = ORIENTED_EDGE('',*,*,#7306,.T.);
#7306 = EDGE_CURVE('',#7298,#7307,#7309,.T.);
#7307 = VERTEX_POINT('',#7308);
#7308 = CARTESIAN_POINT('',(6.425000733956,-4.15,-1.583330886814));
#7309 = LINE('',#7310,#7311);
#7310 = CARTESIAN_POINT('',(6.15,-4.15,-2.5));
#7311 = VECTOR('',#7312,1.);
#7312 = DIRECTION('',(0.287347885566,-5.31700397722E-16,0.957826285221)
  );
#7313 = ORIENTED_EDGE('',*,*,#7314,.F.);
#7314 = EDGE_CURVE('',#7315,#7307,#7317,.T.);
#7315 = VERTEX_POINT('',#7316);
#7316 = CARTESIAN_POINT('',(6.425000733956,-4.15,-1.416669113186));
#7317 = CIRCLE('',#7318,0.29);
#7318 = AXIS2_PLACEMENT_3D('',#7319,#7320,#7321);
#7319 = CARTESIAN_POINT('',(6.147231111242,-4.15,-1.5));
#7320 = DIRECTION('',(-0.,1.,3.330669073875E-16));
#7321 = DIRECTION('',(0.,-3.330669073875E-16,1.));
#7322 = ORIENTED_EDGE('',*,*,#7323,.T.);
#7323 = EDGE_CURVE('',#7315,#7324,#7326,.T.);
#7324 = VERTEX_POINT('',#7325);
#7325 = CARTESIAN_POINT('',(6.162230377286,-4.15,-0.540767924286));
#7326 = LINE('',#7327,#7328);
#7327 = CARTESIAN_POINT('',(6.45,-4.15,-1.5));
#7328 = VECTOR('',#7329,1.);
#7329 = DIRECTION('',(-0.287347885566,-5.31700397722E-16,0.957826285221)
  );
#7330 = ORIENTED_EDGE('',*,*,#7331,.F.);
#7331 = EDGE_CURVE('',#7332,#7324,#7334,.T.);
#7332 = VERTEX_POINT('',#7333);
#7333 = CARTESIAN_POINT('',(6.15,-4.15,-0.457437037472));
#7334 = CIRCLE('',#7335,0.29);
#7335 = AXIS2_PLACEMENT_3D('',#7336,#7337,#7338);
#7336 = CARTESIAN_POINT('',(6.44,-4.15,-0.457437037472));
#7337 = DIRECTION('',(0.,-1.,-3.330669073875E-16));
#7338 = DIRECTION('',(0.,-3.330669073875E-16,1.));
#7339 = ORIENTED_EDGE('',*,*,#7340,.F.);
#7340 = EDGE_CURVE('',#6228,#7332,#7341,.T.);
#7341 = LINE('',#7342,#7343);
#7342 = CARTESIAN_POINT('',(6.15,-4.15,1.5));
#7343 = VECTOR('',#7344,1.);
#7344 = DIRECTION('',(0.,5.551115123126E-16,-1.));
#7345 = ORIENTED_EDGE('',*,*,#6235,.F.);
#7346 = ORIENTED_EDGE('',*,*,#7222,.F.);
#7347 = ORIENTED_EDGE('',*,*,#7348,.F.);
#7348 = EDGE_CURVE('',#7349,#7215,#7351,.T.);
#7349 = VERTEX_POINT('',#7350);
#7350 = CARTESIAN_POINT('',(6.45,-4.15,1.21));
#7351 = CIRCLE('',#7352,0.29);
#7352 = AXIS2_PLACEMENT_3D('',#7353,#7354,#7355);
#7353 = CARTESIAN_POINT('',(6.16,-4.15,1.21));
#7354 = DIRECTION('',(0.,-1.,-3.330669073875E-16));
#7355 = DIRECTION('',(0.,-3.330669073875E-16,1.));
#7356 = ORIENTED_EDGE('',*,*,#7357,.F.);
#7357 = EDGE_CURVE('',#7358,#7349,#7360,.T.);
#7358 = VERTEX_POINT('',#7359);
#7359 = CARTESIAN_POINT('',(6.45,-4.15,-0.457437037472));
#7360 = LINE('',#7361,#7362);
#7361 = CARTESIAN_POINT('',(6.45,-4.15,-0.5));
#7362 = VECTOR('',#7363,1.);
#7363 = DIRECTION('',(0.,-5.551115123126E-16,1.));
#7364 = ORIENTED_EDGE('',*,*,#7365,.F.);
#7365 = EDGE_CURVE('',#7238,#7358,#7366,.T.);
#7366 = CIRCLE('',#7367,0.29);
#7367 = AXIS2_PLACEMENT_3D('',#7368,#7369,#7370);
#7368 = CARTESIAN_POINT('',(6.74,-4.15,-0.457437037472));
#7369 = DIRECTION('',(-0.,1.,3.330669073875E-16));
#7370 = DIRECTION('',(0.,-3.330669073875E-16,1.));
#7371 = PLANE('',#7372);
#7372 = AXIS2_PLACEMENT_3D('',#7373,#7374,#7375);
#7373 = CARTESIAN_POINT('',(6.45,-4.15,-0.5));
#7374 = DIRECTION('',(0.,1.,3.330669073875E-16));
#7375 = DIRECTION('',(0.,-3.330669073875E-16,1.));
#7376 = ADVANCED_FACE('',(#7377),#7521,.T.);
#7377 = FACE_BOUND('',#7378,.T.);
#7378 = EDGE_LOOP('',(#7379,#7389,#7398,#7406,#7415,#7423,#7431,#7439,
    #7448,#7456,#7465,#7473,#7482,#7488,#7489,#7497,#7506,#7514));
#7379 = ORIENTED_EDGE('',*,*,#7380,.T.);
#7380 = EDGE_CURVE('',#7381,#7383,#7385,.T.);
#7381 = VERTEX_POINT('',#7382);
#7382 = CARTESIAN_POINT('',(6.462230377286,0.35,-0.540767924286));
#7383 = VERTEX_POINT('',#7384);
#7384 = CARTESIAN_POINT('',(6.725000733956,0.35,-1.416669113186));
#7385 = LINE('',#7386,#7387);
#7386 = CARTESIAN_POINT('',(6.45,0.35,-0.5));
#7387 = VECTOR('',#7388,1.);
#7388 = DIRECTION('',(0.287347885566,5.31700397722E-16,-0.957826285221)
  );
#7389 = ORIENTED_EDGE('',*,*,#7390,.T.);
#7390 = EDGE_CURVE('',#7383,#7391,#7393,.T.);
#7391 = VERTEX_POINT('',#7392);
#7392 = CARTESIAN_POINT('',(6.725000733956,0.35,-1.583330886814));
#7393 = CIRCLE('',#7394,0.29);
#7394 = AXIS2_PLACEMENT_3D('',#7395,#7396,#7397);
#7395 = CARTESIAN_POINT('',(6.447231111242,0.35,-1.5));
#7396 = DIRECTION('',(-0.,1.,3.330669073875E-16));
#7397 = DIRECTION('',(0.,-3.330669073875E-16,1.));
#7398 = ORIENTED_EDGE('',*,*,#7399,.T.);
#7399 = EDGE_CURVE('',#7391,#7400,#7402,.T.);
#7400 = VERTEX_POINT('',#7401);
#7401 = CARTESIAN_POINT('',(6.462230377286,0.35,-2.459232075714));
#7402 = LINE('',#7403,#7404);
#7403 = CARTESIAN_POINT('',(6.75,0.35,-1.5));
#7404 = VECTOR('',#7405,1.);
#7405 = DIRECTION('',(-0.287347885566,5.31700397722E-16,-0.957826285221)
  );
#7406 = ORIENTED_EDGE('',*,*,#7407,.F.);
#7407 = EDGE_CURVE('',#7408,#7400,#7410,.T.);
#7408 = VERTEX_POINT('',#7409);
#7409 = CARTESIAN_POINT('',(6.45,0.35,-2.542562962528));
#7410 = CIRCLE('',#7411,0.29);
#7411 = AXIS2_PLACEMENT_3D('',#7412,#7413,#7414);
#7412 = CARTESIAN_POINT('',(6.74,0.35,-2.542562962528));
#7413 = DIRECTION('',(-0.,1.,3.330669073875E-16));
#7414 = DIRECTION('',(0.,-3.330669073875E-16,1.));
#7415 = ORIENTED_EDGE('',*,*,#7416,.F.);
#7416 = EDGE_CURVE('',#7417,#7408,#7419,.T.);
#7417 = VERTEX_POINT('',#7418);
#7418 = CARTESIAN_POINT('',(6.45,0.35,-3.5));
#7419 = LINE('',#7420,#7421);
#7420 = CARTESIAN_POINT('',(6.45,0.35,-3.5));
#7421 = VECTOR('',#7422,1.);
#7422 = DIRECTION('',(0.,-5.551115123126E-16,1.));
#7423 = ORIENTED_EDGE('',*,*,#7424,.F.);
#7424 = EDGE_CURVE('',#7425,#7417,#7427,.T.);
#7425 = VERTEX_POINT('',#7426);
#7426 = CARTESIAN_POINT('',(6.15,0.35,-3.5));
#7427 = LINE('',#7428,#7429);
#7428 = CARTESIAN_POINT('',(6.15,0.35,-3.5));
#7429 = VECTOR('',#7430,1.);
#7430 = DIRECTION('',(1.,0.,0.));
#7431 = ORIENTED_EDGE('',*,*,#7432,.F.);
#7432 = EDGE_CURVE('',#7433,#7425,#7435,.T.);
#7433 = VERTEX_POINT('',#7434);
#7434 = CARTESIAN_POINT('',(6.15,0.35,-2.542562962528));
#7435 = LINE('',#7436,#7437);
#7436 = CARTESIAN_POINT('',(6.15,0.35,-2.5));
#7437 = VECTOR('',#7438,1.);
#7438 = DIRECTION('',(0.,5.551115123126E-16,-1.));
#7439 = ORIENTED_EDGE('',*,*,#7440,.F.);
#7440 = EDGE_CURVE('',#7441,#7433,#7443,.T.);
#7441 = VERTEX_POINT('',#7442);
#7442 = CARTESIAN_POINT('',(6.162230377286,0.35,-2.459232075714));
#7443 = CIRCLE('',#7444,0.29);
#7444 = AXIS2_PLACEMENT_3D('',#7445,#7446,#7447);
#7445 = CARTESIAN_POINT('',(6.44,0.35,-2.542562962528));
#7446 = DIRECTION('',(0.,-1.,-3.330669073875E-16));
#7447 = DIRECTION('',(0.,-3.330669073875E-16,1.));
#7448 = ORIENTED_EDGE('',*,*,#7449,.T.);
#7449 = EDGE_CURVE('',#7441,#7450,#7452,.T.);
#7450 = VERTEX_POINT('',#7451);
#7451 = CARTESIAN_POINT('',(6.425000733956,0.35,-1.583330886814));
#7452 = LINE('',#7453,#7454);
#7453 = CARTESIAN_POINT('',(6.15,0.35,-2.5));
#7454 = VECTOR('',#7455,1.);
#7455 = DIRECTION('',(0.287347885566,-5.31700397722E-16,0.957826285221)
  );
#7456 = ORIENTED_EDGE('',*,*,#7457,.F.);
#7457 = EDGE_CURVE('',#7458,#7450,#7460,.T.);
#7458 = VERTEX_POINT('',#7459);
#7459 = CARTESIAN_POINT('',(6.425000733956,0.35,-1.416669113186));
#7460 = CIRCLE('',#7461,0.29);
#7461 = AXIS2_PLACEMENT_3D('',#7462,#7463,#7464);
#7462 = CARTESIAN_POINT('',(6.147231111242,0.35,-1.5));
#7463 = DIRECTION('',(-0.,1.,3.330669073875E-16));
#7464 = DIRECTION('',(0.,-3.330669073875E-16,1.));
#7465 = ORIENTED_EDGE('',*,*,#7466,.T.);
#7466 = EDGE_CURVE('',#7458,#7467,#7469,.T.);
#7467 = VERTEX_POINT('',#7468);
#7468 = CARTESIAN_POINT('',(6.162230377286,0.35,-0.540767924286));
#7469 = LINE('',#7470,#7471);
#7470 = CARTESIAN_POINT('',(6.45,0.35,-1.5));
#7471 = VECTOR('',#7472,1.);
#7472 = DIRECTION('',(-0.287347885566,-5.31700397722E-16,0.957826285221)
  );
#7473 = ORIENTED_EDGE('',*,*,#7474,.F.);
#7474 = EDGE_CURVE('',#7475,#7467,#7477,.T.);
#7475 = VERTEX_POINT('',#7476);
#7476 = CARTESIAN_POINT('',(6.15,0.35,-0.457437037472));
#7477 = CIRCLE('',#7478,0.29);
#7478 = AXIS2_PLACEMENT_3D('',#7479,#7480,#7481);
#7479 = CARTESIAN_POINT('',(6.44,0.35,-0.457437037472));
#7480 = DIRECTION('',(0.,-1.,-3.330669073875E-16));
#7481 = DIRECTION('',(0.,-3.330669073875E-16,1.));
#7482 = ORIENTED_EDGE('',*,*,#7483,.F.);
#7483 = EDGE_CURVE('',#6196,#7475,#7484,.T.);
#7484 = LINE('',#7485,#7486);
#7485 = CARTESIAN_POINT('',(6.15,0.35,1.5));
#7486 = VECTOR('',#7487,1.);
#7487 = DIRECTION('',(0.,5.551115123126E-16,-1.));
#7488 = ORIENTED_EDGE('',*,*,#6203,.F.);
#7489 = ORIENTED_EDGE('',*,*,#7490,.F.);
#7490 = EDGE_CURVE('',#7491,#6204,#7493,.T.);
#7491 = VERTEX_POINT('',#7492);
#7492 = CARTESIAN_POINT('',(6.16,0.35,1.5));
#7493 = LINE('',#7494,#7495);
#7494 = CARTESIAN_POINT('',(6.45,0.35,1.5));
#7495 = VECTOR('',#7496,1.);
#7496 = DIRECTION('',(-1.,-0.,0.));
#7497 = ORIENTED_EDGE('',*,*,#7498,.F.);
#7498 = EDGE_CURVE('',#7499,#7491,#7501,.T.);
#7499 = VERTEX_POINT('',#7500);
#7500 = CARTESIAN_POINT('',(6.45,0.35,1.21));
#7501 = CIRCLE('',#7502,0.29);
#7502 = AXIS2_PLACEMENT_3D('',#7503,#7504,#7505);
#7503 = CARTESIAN_POINT('',(6.16,0.35,1.21));
#7504 = DIRECTION('',(0.,-1.,-3.330669073875E-16));
#7505 = DIRECTION('',(0.,-3.330669073875E-16,1.));
#7506 = ORIENTED_EDGE('',*,*,#7507,.F.);
#7507 = EDGE_CURVE('',#7508,#7499,#7510,.T.);
#7508 = VERTEX_POINT('',#7509);
#7509 = CARTESIAN_POINT('',(6.45,0.35,-0.457437037472));
#7510 = LINE('',#7511,#7512);
#7511 = CARTESIAN_POINT('',(6.45,0.35,-0.5));
#7512 = VECTOR('',#7513,1.);
#7513 = DIRECTION('',(0.,-5.551115123126E-16,1.));
#7514 = ORIENTED_EDGE('',*,*,#7515,.F.);
#7515 = EDGE_CURVE('',#7381,#7508,#7516,.T.);
#7516 = CIRCLE('',#7517,0.29);
#7517 = AXIS2_PLACEMENT_3D('',#7518,#7519,#7520);
#7518 = CARTESIAN_POINT('',(6.74,0.35,-0.457437037472));
#7519 = DIRECTION('',(-0.,1.,3.330669073875E-16));
#7520 = DIRECTION('',(0.,-3.330669073875E-16,1.));
#7521 = PLANE('',#7522);
#7522 = AXIS2_PLACEMENT_3D('',#7523,#7524,#7525);
#7523 = CARTESIAN_POINT('',(6.45,0.35,-0.5));
#7524 = DIRECTION('',(1.64346021921E-31,1.,5.551115123126E-16));
#7525 = DIRECTION('',(0.,-5.551115123126E-16,1.));
#7526 = ADVANCED_FACE('',(#7527),#7671,.F.);
#7527 = FACE_BOUND('',#7528,.F.);
#7528 = EDGE_LOOP('',(#7529,#7539,#7548,#7556,#7565,#7573,#7581,#7589,
    #7598,#7606,#7615,#7623,#7632,#7638,#7639,#7647,#7656,#7664));
#7529 = ORIENTED_EDGE('',*,*,#7530,.T.);
#7530 = EDGE_CURVE('',#7531,#7533,#7535,.T.);
#7531 = VERTEX_POINT('',#7532);
#7532 = CARTESIAN_POINT('',(6.462230377286,-0.35,-0.540767924286));
#7533 = VERTEX_POINT('',#7534);
#7534 = CARTESIAN_POINT('',(6.725000733956,-0.35,-1.416669113186));
#7535 = LINE('',#7536,#7537);
#7536 = CARTESIAN_POINT('',(6.45,-0.35,-0.5));
#7537 = VECTOR('',#7538,1.);
#7538 = DIRECTION('',(0.287347885566,5.31700397722E-16,-0.957826285221)
  );
#7539 = ORIENTED_EDGE('',*,*,#7540,.T.);
#7540 = EDGE_CURVE('',#7533,#7541,#7543,.T.);
#7541 = VERTEX_POINT('',#7542);
#7542 = CARTESIAN_POINT('',(6.725000733956,-0.35,-1.583330886814));
#7543 = CIRCLE('',#7544,0.29);
#7544 = AXIS2_PLACEMENT_3D('',#7545,#7546,#7547);
#7545 = CARTESIAN_POINT('',(6.447231111242,-0.35,-1.5));
#7546 = DIRECTION('',(-0.,1.,3.330669073875E-16));
#7547 = DIRECTION('',(0.,-3.330669073875E-16,1.));
#7548 = ORIENTED_EDGE('',*,*,#7549,.T.);
#7549 = EDGE_CURVE('',#7541,#7550,#7552,.T.);
#7550 = VERTEX_POINT('',#7551);
#7551 = CARTESIAN_POINT('',(6.462230377286,-0.35,-2.459232075714));
#7552 = LINE('',#7553,#7554);
#7553 = CARTESIAN_POINT('',(6.75,-0.35,-1.5));
#7554 = VECTOR('',#7555,1.);
#7555 = DIRECTION('',(-0.287347885566,5.31700397722E-16,-0.957826285221)
  );
#7556 = ORIENTED_EDGE('',*,*,#7557,.F.);
#7557 = EDGE_CURVE('',#7558,#7550,#7560,.T.);
#7558 = VERTEX_POINT('',#7559);
#7559 = CARTESIAN_POINT('',(6.45,-0.35,-2.542562962528));
#7560 = CIRCLE('',#7561,0.29);
#7561 = AXIS2_PLACEMENT_3D('',#7562,#7563,#7564);
#7562 = CARTESIAN_POINT('',(6.74,-0.35,-2.542562962528));
#7563 = DIRECTION('',(-0.,1.,3.330669073875E-16));
#7564 = DIRECTION('',(0.,-3.330669073875E-16,1.));
#7565 = ORIENTED_EDGE('',*,*,#7566,.F.);
#7566 = EDGE_CURVE('',#7567,#7558,#7569,.T.);
#7567 = VERTEX_POINT('',#7568);
#7568 = CARTESIAN_POINT('',(6.45,-0.35,-3.5));
#7569 = LINE('',#7570,#7571);
#7570 = CARTESIAN_POINT('',(6.45,-0.35,-3.5));
#7571 = VECTOR('',#7572,1.);
#7572 = DIRECTION('',(0.,-5.551115123126E-16,1.));
#7573 = ORIENTED_EDGE('',*,*,#7574,.F.);
#7574 = EDGE_CURVE('',#7575,#7567,#7577,.T.);
#7575 = VERTEX_POINT('',#7576);
#7576 = CARTESIAN_POINT('',(6.15,-0.35,-3.5));
#7577 = LINE('',#7578,#7579);
#7578 = CARTESIAN_POINT('',(6.15,-0.35,-3.5));
#7579 = VECTOR('',#7580,1.);
#7580 = DIRECTION('',(1.,0.,0.));
#7581 = ORIENTED_EDGE('',*,*,#7582,.F.);
#7582 = EDGE_CURVE('',#7583,#7575,#7585,.T.);
#7583 = VERTEX_POINT('',#7584);
#7584 = CARTESIAN_POINT('',(6.15,-0.35,-2.542562962528));
#7585 = LINE('',#7586,#7587);
#7586 = CARTESIAN_POINT('',(6.15,-0.35,-2.5));
#7587 = VECTOR('',#7588,1.);
#7588 = DIRECTION('',(0.,5.551115123126E-16,-1.));
#7589 = ORIENTED_EDGE('',*,*,#7590,.F.);
#7590 = EDGE_CURVE('',#7591,#7583,#7593,.T.);
#7591 = VERTEX_POINT('',#7592);
#7592 = CARTESIAN_POINT('',(6.162230377286,-0.35,-2.459232075714));
#7593 = CIRCLE('',#7594,0.29);
#7594 = AXIS2_PLACEMENT_3D('',#7595,#7596,#7597);
#7595 = CARTESIAN_POINT('',(6.44,-0.35,-2.542562962528));
#7596 = DIRECTION('',(0.,-1.,-3.330669073875E-16));
#7597 = DIRECTION('',(0.,-3.330669073875E-16,1.));
#7598 = ORIENTED_EDGE('',*,*,#7599,.T.);
#7599 = EDGE_CURVE('',#7591,#7600,#7602,.T.);
#7600 = VERTEX_POINT('',#7601);
#7601 = CARTESIAN_POINT('',(6.425000733956,-0.35,-1.583330886814));
#7602 = LINE('',#7603,#7604);
#7603 = CARTESIAN_POINT('',(6.15,-0.35,-2.5));
#7604 = VECTOR('',#7605,1.);
#7605 = DIRECTION('',(0.287347885566,-5.31700397722E-16,0.957826285221)
  );
#7606 = ORIENTED_EDGE('',*,*,#7607,.F.);
#7607 = EDGE_CURVE('',#7608,#7600,#7610,.T.);
#7608 = VERTEX_POINT('',#7609);
#7609 = CARTESIAN_POINT('',(6.425000733956,-0.35,-1.416669113186));
#7610 = CIRCLE('',#7611,0.29);
#7611 = AXIS2_PLACEMENT_3D('',#7612,#7613,#7614);
#7612 = CARTESIAN_POINT('',(6.147231111242,-0.35,-1.5));
#7613 = DIRECTION('',(-0.,1.,3.330669073875E-16));
#7614 = DIRECTION('',(0.,-3.330669073875E-16,1.));
#7615 = ORIENTED_EDGE('',*,*,#7616,.T.);
#7616 = EDGE_CURVE('',#7608,#7617,#7619,.T.);
#7617 = VERTEX_POINT('',#7618);
#7618 = CARTESIAN_POINT('',(6.162230377286,-0.35,-0.540767924286));
#7619 = LINE('',#7620,#7621);
#7620 = CARTESIAN_POINT('',(6.45,-0.35,-1.5));
#7621 = VECTOR('',#7622,1.);
#7622 = DIRECTION('',(-0.287347885566,-5.31700397722E-16,0.957826285221)
  );
#7623 = ORIENTED_EDGE('',*,*,#7624,.F.);
#7624 = EDGE_CURVE('',#7625,#7617,#7627,.T.);
#7625 = VERTEX_POINT('',#7626);
#7626 = CARTESIAN_POINT('',(6.15,-0.35,-0.457437037472));
#7627 = CIRCLE('',#7628,0.29);
#7628 = AXIS2_PLACEMENT_3D('',#7629,#7630,#7631);
#7629 = CARTESIAN_POINT('',(6.44,-0.35,-0.457437037472));
#7630 = DIRECTION('',(0.,-1.,-3.330669073875E-16));
#7631 = DIRECTION('',(0.,-3.330669073875E-16,1.));
#7632 = ORIENTED_EDGE('',*,*,#7633,.F.);
#7633 = EDGE_CURVE('',#6220,#7625,#7634,.T.);
#7634 = LINE('',#7635,#7636);
#7635 = CARTESIAN_POINT('',(6.15,-0.35,1.5));
#7636 = VECTOR('',#7637,1.);
#7637 = DIRECTION('',(0.,5.551115123126E-16,-1.));
#7638 = ORIENTED_EDGE('',*,*,#6219,.F.);
#7639 = ORIENTED_EDGE('',*,*,#7640,.F.);
#7640 = EDGE_CURVE('',#7641,#6212,#7643,.T.);
#7641 = VERTEX_POINT('',#7642);
#7642 = CARTESIAN_POINT('',(6.16,-0.35,1.5));
#7643 = LINE('',#7644,#7645);
#7644 = CARTESIAN_POINT('',(6.45,-0.35,1.5));
#7645 = VECTOR('',#7646,1.);
#7646 = DIRECTION('',(-1.,-0.,0.));
#7647 = ORIENTED_EDGE('',*,*,#7648,.F.);
#7648 = EDGE_CURVE('',#7649,#7641,#7651,.T.);
#7649 = VERTEX_POINT('',#7650);
#7650 = CARTESIAN_POINT('',(6.45,-0.35,1.21));
#7651 = CIRCLE('',#7652,0.29);
#7652 = AXIS2_PLACEMENT_3D('',#7653,#7654,#7655);
#7653 = CARTESIAN_POINT('',(6.16,-0.35,1.21));
#7654 = DIRECTION('',(0.,-1.,-3.330669073875E-16));
#7655 = DIRECTION('',(0.,-3.330669073875E-16,1.));
#7656 = ORIENTED_EDGE('',*,*,#7657,.F.);
#7657 = EDGE_CURVE('',#7658,#7649,#7660,.T.);
#7658 = VERTEX_POINT('',#7659);
#7659 = CARTESIAN_POINT('',(6.45,-0.35,-0.457437037472));
#7660 = LINE('',#7661,#7662);
#7661 = CARTESIAN_POINT('',(6.45,-0.35,-0.5));
#7662 = VECTOR('',#7663,1.);
#7663 = DIRECTION('',(0.,-5.551115123126E-16,1.));
#7664 = ORIENTED_EDGE('',*,*,#7665,.F.);
#7665 = EDGE_CURVE('',#7531,#7658,#7666,.T.);
#7666 = CIRCLE('',#7667,0.29);
#7667 = AXIS2_PLACEMENT_3D('',#7668,#7669,#7670);
#7668 = CARTESIAN_POINT('',(6.74,-0.35,-0.457437037472));
#7669 = DIRECTION('',(-0.,1.,3.330669073875E-16));
#7670 = DIRECTION('',(0.,-3.330669073875E-16,1.));
#7671 = PLANE('',#7672);
#7672 = AXIS2_PLACEMENT_3D('',#7673,#7674,#7675);
#7673 = CARTESIAN_POINT('',(6.45,-0.35,-0.5));
#7674 = DIRECTION('',(1.64346021921E-31,1.,5.551115123126E-16));
#7675 = DIRECTION('',(0.,-5.551115123126E-16,1.));
#7676 = ADVANCED_FACE('',(#7677),#7688,.T.);
#7677 = FACE_BOUND('',#7678,.T.);
#7678 = EDGE_LOOP('',(#7679,#7680,#7686,#7687));
#7679 = ORIENTED_EDGE('',*,*,#7640,.F.);
#7680 = ORIENTED_EDGE('',*,*,#7681,.T.);
#7681 = EDGE_CURVE('',#7641,#7491,#7682,.T.);
#7682 = LINE('',#7683,#7684);
#7683 = CARTESIAN_POINT('',(6.16,-0.35,1.5));
#7684 = VECTOR('',#7685,1.);
#7685 = DIRECTION('',(0.,1.,3.330669073875E-16));
#7686 = ORIENTED_EDGE('',*,*,#7490,.T.);
#7687 = ORIENTED_EDGE('',*,*,#6211,.F.);
#7688 = PLANE('',#7689);
#7689 = AXIS2_PLACEMENT_3D('',#7690,#7691,#7692);
#7690 = CARTESIAN_POINT('',(6.45,-0.35,1.5));
#7691 = DIRECTION('',(0.,-3.330669073875E-16,1.));
#7692 = DIRECTION('',(-1.,0.,0.));
#7693 = ADVANCED_FACE('',(#7694),#7697,.F.);
#7694 = FACE_BOUND('',#7695,.F.);
#7695 = EDGE_LOOP('',(#7696));
#7696 = ORIENTED_EDGE('',*,*,#6351,.F.);
#7697 = PLANE('',#7698);
#7698 = AXIS2_PLACEMENT_3D('',#7699,#7700,#7701);
#7699 = CARTESIAN_POINT('',(4.9,-2.25,4.3));
#7700 = DIRECTION('',(0.,0.,-1.));
#7701 = DIRECTION('',(-1.,0.,0.));
#7702 = ADVANCED_FACE('',(#7703),#7714,.F.);
#7703 = FACE_BOUND('',#7704,.F.);
#7704 = EDGE_LOOP('',(#7705,#7706,#7707,#7708));
#7705 = ORIENTED_EDGE('',*,*,#6849,.F.);
#7706 = ORIENTED_EDGE('',*,*,#6388,.F.);
#7707 = ORIENTED_EDGE('',*,*,#6999,.T.);
#7708 = ORIENTED_EDGE('',*,*,#7709,.F.);
#7709 = EDGE_CURVE('',#6841,#6991,#7710,.T.);
#7710 = LINE('',#7711,#7712);
#7711 = CARTESIAN_POINT('',(0.15,-4.85,-0.457437037472));
#7712 = VECTOR('',#7713,1.);
#7713 = DIRECTION('',(0.,1.,3.330669073875E-16));
#7714 = PLANE('',#7715);
#7715 = AXIS2_PLACEMENT_3D('',#7716,#7717,#7718);
#7716 = CARTESIAN_POINT('',(0.15,-4.85,1.5));
#7717 = DIRECTION('',(-1.,0.,-0.));
#7718 = DIRECTION('',(0.,5.551115123126E-16,-1.));
#7719 = ADVANCED_FACE('',(#7720),#7731,.T.);
#7720 = FACE_BOUND('',#7721,.T.);
#7721 = EDGE_LOOP('',(#7722,#7723,#7724,#7725));
#7722 = ORIENTED_EDGE('',*,*,#7166,.F.);
#7723 = ORIENTED_EDGE('',*,*,#6413,.T.);
#7724 = ORIENTED_EDGE('',*,*,#7340,.T.);
#7725 = ORIENTED_EDGE('',*,*,#7726,.F.);
#7726 = EDGE_CURVE('',#7158,#7332,#7727,.T.);
#7727 = LINE('',#7728,#7729);
#7728 = CARTESIAN_POINT('',(6.15,-4.85,-0.457437037472));
#7729 = VECTOR('',#7730,1.);
#7730 = DIRECTION('',(0.,1.,3.330669073875E-16));
#7731 = PLANE('',#7732);
#7732 = AXIS2_PLACEMENT_3D('',#7733,#7734,#7735);
#7733 = CARTESIAN_POINT('',(6.15,-4.85,1.5));
#7734 = DIRECTION('',(-1.,0.,-0.));
#7735 = DIRECTION('',(0.,5.551115123126E-16,-1.));
#7736 = ADVANCED_FACE('',(#7737),#7748,.F.);
#7737 = FACE_BOUND('',#7738,.F.);
#7738 = EDGE_LOOP('',(#7739,#7740,#7741,#7742));
#7739 = ORIENTED_EDGE('',*,*,#6706,.F.);
#7740 = ORIENTED_EDGE('',*,*,#6395,.F.);
#7741 = ORIENTED_EDGE('',*,*,#6532,.T.);
#7742 = ORIENTED_EDGE('',*,*,#7743,.F.);
#7743 = EDGE_CURVE('',#6698,#6524,#7744,.T.);
#7744 = LINE('',#7745,#7746);
#7745 = CARTESIAN_POINT('',(0.15,-0.35,-0.457437037472));
#7746 = VECTOR('',#7747,1.);
#7747 = DIRECTION('',(0.,1.,3.330669073875E-16));
#7748 = PLANE('',#7749);
#7749 = AXIS2_PLACEMENT_3D('',#7750,#7751,#7752);
#7750 = CARTESIAN_POINT('',(0.15,-0.35,1.5));
#7751 = DIRECTION('',(-1.,0.,-0.));
#7752 = DIRECTION('',(0.,5.551115123126E-16,-1.));
#7753 = ADVANCED_FACE('',(#7754),#7765,.T.);
#7754 = FACE_BOUND('',#7755,.T.);
#7755 = EDGE_LOOP('',(#7756,#7757,#7758,#7759));
#7756 = ORIENTED_EDGE('',*,*,#7633,.F.);
#7757 = ORIENTED_EDGE('',*,*,#6406,.T.);
#7758 = ORIENTED_EDGE('',*,*,#7483,.T.);
#7759 = ORIENTED_EDGE('',*,*,#7760,.F.);
#7760 = EDGE_CURVE('',#7625,#7475,#7761,.T.);
#7761 = LINE('',#7762,#7763);
#7762 = CARTESIAN_POINT('',(6.15,-0.35,-0.457437037472));
#7763 = VECTOR('',#7764,1.);
#7764 = DIRECTION('',(0.,1.,3.330669073875E-16));
#7765 = PLANE('',#7766);
#7766 = AXIS2_PLACEMENT_3D('',#7767,#7768,#7769);
#7767 = CARTESIAN_POINT('',(6.15,-0.35,1.5));
#7768 = DIRECTION('',(-1.,0.,-0.));
#7769 = DIRECTION('',(0.,5.551115123126E-16,-1.));
#7770 = ADVANCED_FACE('',(#7771),#7787,.T.);
#7771 = FACE_BOUND('',#7772,.T.);
#7772 = EDGE_LOOP('',(#7773,#7774,#7780,#7781));
#7773 = ORIENTED_EDGE('',*,*,#6603,.F.);
#7774 = ORIENTED_EDGE('',*,*,#7775,.T.);
#7775 = EDGE_CURVE('',#6604,#6430,#7776,.T.);
#7776 = LINE('',#7777,#7778);
#7777 = CARTESIAN_POINT('',(-0.162230377286,-0.35,-0.540767924286));
#7778 = VECTOR('',#7779,1.);
#7779 = DIRECTION('',(0.,1.,3.330669073875E-16));
#7780 = ORIENTED_EDGE('',*,*,#6429,.T.);
#7781 = ORIENTED_EDGE('',*,*,#7782,.F.);
#7782 = EDGE_CURVE('',#6606,#6432,#7783,.T.);
#7783 = LINE('',#7784,#7785);
#7784 = CARTESIAN_POINT('',(-0.425000733956,-0.35,-1.416669113186));
#7785 = VECTOR('',#7786,1.);
#7786 = DIRECTION('',(0.,1.,3.330669073875E-16));
#7787 = PLANE('',#7788);
#7788 = AXIS2_PLACEMENT_3D('',#7789,#7790,#7791);
#7789 = CARTESIAN_POINT('',(-0.15,-0.35,-0.5));
#7790 = DIRECTION('',(-0.957826285221,-9.570607158995E-17,0.287347885566
    ));
#7791 = DIRECTION('',(-0.287347885566,5.31700397722E-16,-0.957826285221)
  );
#7792 = ADVANCED_FACE('',(#7793),#7804,.F.);
#7793 = FACE_BOUND('',#7794,.F.);
#7794 = EDGE_LOOP('',(#7795,#7796,#7797,#7803));
#7795 = ORIENTED_EDGE('',*,*,#7775,.T.);
#7796 = ORIENTED_EDGE('',*,*,#6564,.T.);
#7797 = ORIENTED_EDGE('',*,*,#7798,.F.);
#7798 = EDGE_CURVE('',#6724,#6557,#7799,.T.);
#7799 = LINE('',#7800,#7801);
#7800 = CARTESIAN_POINT('',(-0.15,-0.35,-0.457437037472));
#7801 = VECTOR('',#7802,1.);
#7802 = DIRECTION('',(0.,1.,3.330669073875E-16));
#7803 = ORIENTED_EDGE('',*,*,#6731,.F.);
#7804 = CYLINDRICAL_SURFACE('',#7805,0.29);
#7805 = AXIS2_PLACEMENT_3D('',#7806,#7807,#7808);
#7806 = CARTESIAN_POINT('',(-0.44,-0.35,-0.457437037472));
#7807 = DIRECTION('',(0.,1.,3.330669073875E-16));
#7808 = DIRECTION('',(0.957826285221,9.570607158983E-17,-0.287347885566)
  );
#7809 = ADVANCED_FACE('',(#7810),#7821,.T.);
#7810 = FACE_BOUND('',#7811,.T.);
#7811 = EDGE_LOOP('',(#7812,#7813,#7814,#7820));
#7812 = ORIENTED_EDGE('',*,*,#7782,.T.);
#7813 = ORIENTED_EDGE('',*,*,#6439,.T.);
#7814 = ORIENTED_EDGE('',*,*,#7815,.F.);
#7815 = EDGE_CURVE('',#6614,#6440,#7816,.T.);
#7816 = LINE('',#7817,#7818);
#7817 = CARTESIAN_POINT('',(-0.425000733956,-0.35,-1.583330886814));
#7818 = VECTOR('',#7819,1.);
#7819 = DIRECTION('',(0.,1.,3.330669073875E-16));
#7820 = ORIENTED_EDGE('',*,*,#6613,.F.);
#7821 = CYLINDRICAL_SURFACE('',#7822,0.29);
#7822 = AXIS2_PLACEMENT_3D('',#7823,#7824,#7825);
#7823 = CARTESIAN_POINT('',(-0.147231111242,-0.35,-1.5));
#7824 = DIRECTION('',(0.,1.,3.330669073875E-16));
#7825 = DIRECTION('',(-0.957826285221,-9.570607158983E-17,0.287347885566
    ));
#7826 = ADVANCED_FACE('',(#7827),#7838,.F.);
#7827 = FACE_BOUND('',#7828,.F.);
#7828 = EDGE_LOOP('',(#7829,#7830,#7831,#7832));
#7829 = ORIENTED_EDGE('',*,*,#6723,.F.);
#7830 = ORIENTED_EDGE('',*,*,#7798,.T.);
#7831 = ORIENTED_EDGE('',*,*,#6556,.T.);
#7832 = ORIENTED_EDGE('',*,*,#7833,.F.);
#7833 = EDGE_CURVE('',#6715,#6548,#7834,.T.);
#7834 = LINE('',#7835,#7836);
#7835 = CARTESIAN_POINT('',(-0.15,-0.35,1.21));
#7836 = VECTOR('',#7837,1.);
#7837 = DIRECTION('',(0.,1.,3.330669073875E-16));
#7838 = PLANE('',#7839);
#7839 = AXIS2_PLACEMENT_3D('',#7840,#7841,#7842);
#7840 = CARTESIAN_POINT('',(-0.15,-0.35,-0.5));
#7841 = DIRECTION('',(1.,0.,0.));
#7842 = DIRECTION('',(0.,-5.551115123126E-16,1.));
#7843 = ADVANCED_FACE('',(#7844),#7855,.T.);
#7844 = FACE_BOUND('',#7845,.T.);
#7845 = EDGE_LOOP('',(#7846,#7847,#7848,#7849));
#7846 = ORIENTED_EDGE('',*,*,#6622,.F.);
#7847 = ORIENTED_EDGE('',*,*,#7815,.T.);
#7848 = ORIENTED_EDGE('',*,*,#6448,.T.);
#7849 = ORIENTED_EDGE('',*,*,#7850,.F.);
#7850 = EDGE_CURVE('',#6623,#6449,#7851,.T.);
#7851 = LINE('',#7852,#7853);
#7852 = CARTESIAN_POINT('',(-0.162230377286,-0.35,-2.459232075714));
#7853 = VECTOR('',#7854,1.);
#7854 = DIRECTION('',(0.,1.,3.330669073875E-16));
#7855 = PLANE('',#7856);
#7856 = AXIS2_PLACEMENT_3D('',#7857,#7858,#7859);
#7857 = CARTESIAN_POINT('',(-0.45,-0.35,-1.5));
#7858 = DIRECTION('',(-0.957826285221,9.570607158995E-17,-0.287347885566
    ));
#7859 = DIRECTION('',(0.287347885566,5.31700397722E-16,-0.957826285221)
  );
#7860 = ADVANCED_FACE('',(#7861),#7867,.T.);
#7861 = FACE_BOUND('',#7862,.T.);
#7862 = EDGE_LOOP('',(#7863,#7864,#7865,#7866));
#7863 = ORIENTED_EDGE('',*,*,#6714,.T.);
#7864 = ORIENTED_EDGE('',*,*,#6587,.T.);
#7865 = ORIENTED_EDGE('',*,*,#6547,.F.);
#7866 = ORIENTED_EDGE('',*,*,#7833,.F.);
#7867 = CYLINDRICAL_SURFACE('',#7868,0.29);
#7868 = AXIS2_PLACEMENT_3D('',#7869,#7870,#7871);
#7869 = CARTESIAN_POINT('',(0.14,-0.35,1.21));
#7870 = DIRECTION('',(0.,1.,3.330669073875E-16));
#7871 = DIRECTION('',(-1.,0.,0.));
#7872 = ADVANCED_FACE('',(#7873),#7884,.F.);
#7873 = FACE_BOUND('',#7874,.F.);
#7874 = EDGE_LOOP('',(#7875,#7881,#7882,#7883));
#7875 = ORIENTED_EDGE('',*,*,#7876,.T.);
#7876 = EDGE_CURVE('',#6631,#6457,#7877,.T.);
#7877 = LINE('',#7878,#7879);
#7878 = CARTESIAN_POINT('',(-0.15,-0.35,-2.542562962528));
#7879 = VECTOR('',#7880,1.);
#7880 = DIRECTION('',(0.,1.,3.330669073875E-16));
#7881 = ORIENTED_EDGE('',*,*,#6456,.T.);
#7882 = ORIENTED_EDGE('',*,*,#7850,.F.);
#7883 = ORIENTED_EDGE('',*,*,#6630,.F.);
#7884 = CYLINDRICAL_SURFACE('',#7885,0.29);
#7885 = AXIS2_PLACEMENT_3D('',#7886,#7887,#7888);
#7886 = CARTESIAN_POINT('',(-0.44,-0.35,-2.542562962528));
#7887 = DIRECTION('',(0.,1.,3.330669073875E-16));
#7888 = DIRECTION('',(1.,0.,-0.));
#7889 = ADVANCED_FACE('',(#7890),#7901,.F.);
#7890 = FACE_BOUND('',#7891,.F.);
#7891 = EDGE_LOOP('',(#7892,#7893,#7899,#7900));
#7892 = ORIENTED_EDGE('',*,*,#6639,.F.);
#7893 = ORIENTED_EDGE('',*,*,#7894,.T.);
#7894 = EDGE_CURVE('',#6640,#6466,#7895,.T.);
#7895 = LINE('',#7896,#7897);
#7896 = CARTESIAN_POINT('',(-0.15,-0.35,-3.5));
#7897 = VECTOR('',#7898,1.);
#7898 = DIRECTION('',(0.,1.,3.330669073875E-16));
#7899 = ORIENTED_EDGE('',*,*,#6465,.T.);
#7900 = ORIENTED_EDGE('',*,*,#7876,.F.);
#7901 = PLANE('',#7902);
#7902 = AXIS2_PLACEMENT_3D('',#7903,#7904,#7905);
#7903 = CARTESIAN_POINT('',(-0.15,-0.35,-3.5));
#7904 = DIRECTION('',(1.,0.,0.));
#7905 = DIRECTION('',(0.,-5.551115123126E-16,1.));
#7906 = ADVANCED_FACE('',(#7907),#7918,.F.);
#7907 = FACE_BOUND('',#7908,.F.);
#7908 = EDGE_LOOP('',(#7909,#7915,#7916,#7917));
#7909 = ORIENTED_EDGE('',*,*,#7910,.T.);
#7910 = EDGE_CURVE('',#6648,#6474,#7911,.T.);
#7911 = LINE('',#7912,#7913);
#7912 = CARTESIAN_POINT('',(0.15,-0.35,-3.5));
#7913 = VECTOR('',#7914,1.);
#7914 = DIRECTION('',(0.,1.,3.330669073875E-16));
#7915 = ORIENTED_EDGE('',*,*,#6473,.T.);
#7916 = ORIENTED_EDGE('',*,*,#7894,.F.);
#7917 = ORIENTED_EDGE('',*,*,#6647,.F.);
#7918 = PLANE('',#7919);
#7919 = AXIS2_PLACEMENT_3D('',#7920,#7921,#7922);
#7920 = CARTESIAN_POINT('',(0.15,-0.35,-3.5));
#7921 = DIRECTION('',(0.,-3.330669073875E-16,1.));
#7922 = DIRECTION('',(-1.,0.,0.));
#7923 = ADVANCED_FACE('',(#7924),#7935,.F.);
#7924 = FACE_BOUND('',#7925,.F.);
#7925 = EDGE_LOOP('',(#7926,#7927,#7933,#7934));
#7926 = ORIENTED_EDGE('',*,*,#6655,.F.);
#7927 = ORIENTED_EDGE('',*,*,#7928,.T.);
#7928 = EDGE_CURVE('',#6656,#6482,#7929,.T.);
#7929 = LINE('',#7930,#7931);
#7930 = CARTESIAN_POINT('',(0.15,-0.35,-2.542562962528));
#7931 = VECTOR('',#7932,1.);
#7932 = DIRECTION('',(0.,1.,3.330669073875E-16));
#7933 = ORIENTED_EDGE('',*,*,#6481,.T.);
#7934 = ORIENTED_EDGE('',*,*,#7910,.F.);
#7935 = PLANE('',#7936);
#7936 = AXIS2_PLACEMENT_3D('',#7937,#7938,#7939);
#7937 = CARTESIAN_POINT('',(0.15,-0.35,-2.5));
#7938 = DIRECTION('',(-1.,0.,-0.));
#7939 = DIRECTION('',(0.,5.551115123126E-16,-1.));
#7940 = ADVANCED_FACE('',(#7941),#7952,.T.);
#7941 = FACE_BOUND('',#7942,.T.);
#7942 = EDGE_LOOP('',(#7943,#7944,#7950,#7951));
#7943 = ORIENTED_EDGE('',*,*,#6697,.T.);
#7944 = ORIENTED_EDGE('',*,*,#7945,.T.);
#7945 = EDGE_CURVE('',#6690,#6516,#7946,.T.);
#7946 = LINE('',#7947,#7948);
#7947 = CARTESIAN_POINT('',(0.137769622714,-0.35,-0.540767924286));
#7948 = VECTOR('',#7949,1.);
#7949 = DIRECTION('',(0.,1.,3.330669073875E-16));
#7950 = ORIENTED_EDGE('',*,*,#6523,.F.);
#7951 = ORIENTED_EDGE('',*,*,#7743,.F.);
#7952 = CYLINDRICAL_SURFACE('',#7953,0.29);
#7953 = AXIS2_PLACEMENT_3D('',#7954,#7955,#7956);
#7954 = CARTESIAN_POINT('',(-0.14,-0.35,-0.457437037472));
#7955 = DIRECTION('',(0.,1.,3.330669073875E-16));
#7956 = DIRECTION('',(1.,0.,-0.));
#7957 = ADVANCED_FACE('',(#7958),#7969,.T.);
#7958 = FACE_BOUND('',#7959,.T.);
#7959 = EDGE_LOOP('',(#7960,#7961,#7962,#7963));
#7960 = ORIENTED_EDGE('',*,*,#6663,.T.);
#7961 = ORIENTED_EDGE('',*,*,#7928,.T.);
#7962 = ORIENTED_EDGE('',*,*,#6489,.F.);
#7963 = ORIENTED_EDGE('',*,*,#7964,.F.);
#7964 = EDGE_CURVE('',#6664,#6490,#7965,.T.);
#7965 = LINE('',#7966,#7967);
#7966 = CARTESIAN_POINT('',(0.137769622714,-0.35,-2.459232075714));
#7967 = VECTOR('',#7968,1.);
#7968 = DIRECTION('',(0.,1.,3.330669073875E-16));
#7969 = CYLINDRICAL_SURFACE('',#7970,0.29);
#7970 = AXIS2_PLACEMENT_3D('',#7971,#7972,#7973);
#7971 = CARTESIAN_POINT('',(-0.14,-0.35,-2.542562962528));
#7972 = DIRECTION('',(0.,1.,3.330669073875E-16));
#7973 = DIRECTION('',(0.957826285221,-9.570607158983E-17,0.287347885566)
  );
#7974 = ADVANCED_FACE('',(#7975),#7986,.T.);
#7975 = FACE_BOUND('',#7976,.T.);
#7976 = EDGE_LOOP('',(#7977,#7978,#7984,#7985));
#7977 = ORIENTED_EDGE('',*,*,#6689,.F.);
#7978 = ORIENTED_EDGE('',*,*,#7979,.T.);
#7979 = EDGE_CURVE('',#6681,#6507,#7980,.T.);
#7980 = LINE('',#7981,#7982);
#7981 = CARTESIAN_POINT('',(-0.125000733956,-0.35,-1.416669113186));
#7982 = VECTOR('',#7983,1.);
#7983 = DIRECTION('',(0.,1.,3.330669073875E-16));
#7984 = ORIENTED_EDGE('',*,*,#6515,.T.);
#7985 = ORIENTED_EDGE('',*,*,#7945,.F.);
#7986 = PLANE('',#7987);
#7987 = AXIS2_PLACEMENT_3D('',#7988,#7989,#7990);
#7988 = CARTESIAN_POINT('',(-0.15,-0.35,-1.5));
#7989 = DIRECTION('',(0.957826285221,9.570607158995E-17,-0.287347885566)
  );
#7990 = DIRECTION('',(0.287347885566,-5.31700397722E-16,0.957826285221)
  );
#7991 = ADVANCED_FACE('',(#7992),#8003,.T.);
#7992 = FACE_BOUND('',#7993,.T.);
#7993 = EDGE_LOOP('',(#7994,#7995,#7996,#7997));
#7994 = ORIENTED_EDGE('',*,*,#6672,.F.);
#7995 = ORIENTED_EDGE('',*,*,#7964,.T.);
#7996 = ORIENTED_EDGE('',*,*,#6498,.T.);
#7997 = ORIENTED_EDGE('',*,*,#7998,.F.);
#7998 = EDGE_CURVE('',#6673,#6499,#7999,.T.);
#7999 = LINE('',#8000,#8001);
#8000 = CARTESIAN_POINT('',(-0.125000733956,-0.35,-1.583330886814));
#8001 = VECTOR('',#8002,1.);
#8002 = DIRECTION('',(0.,1.,3.330669073875E-16));
#8003 = PLANE('',#8004);
#8004 = AXIS2_PLACEMENT_3D('',#8005,#8006,#8007);
#8005 = CARTESIAN_POINT('',(0.15,-0.35,-2.5));
#8006 = DIRECTION('',(0.957826285221,-9.570607158995E-17,0.287347885566)
  );
#8007 = DIRECTION('',(-0.287347885566,-5.31700397722E-16,0.957826285221)
  );
#8008 = ADVANCED_FACE('',(#8009),#8015,.F.);
#8009 = FACE_BOUND('',#8010,.F.);
#8010 = EDGE_LOOP('',(#8011,#8012,#8013,#8014));
#8011 = ORIENTED_EDGE('',*,*,#7979,.T.);
#8012 = ORIENTED_EDGE('',*,*,#6506,.T.);
#8013 = ORIENTED_EDGE('',*,*,#7998,.F.);
#8014 = ORIENTED_EDGE('',*,*,#6680,.F.);
#8015 = CYLINDRICAL_SURFACE('',#8016,0.29);
#8016 = AXIS2_PLACEMENT_3D('',#8017,#8018,#8019);
#8017 = CARTESIAN_POINT('',(0.152768888758,-0.35,-1.5));
#8018 = DIRECTION('',(0.,1.,3.330669073875E-16));
#8019 = DIRECTION('',(-0.957826285221,-9.570607158983E-17,0.287347885566
    ));
#8020 = ADVANCED_FACE('',(#8021),#8037,.T.);
#8021 = FACE_BOUND('',#8022,.T.);
#8022 = EDGE_LOOP('',(#8023,#8024,#8030,#8031));
#8023 = ORIENTED_EDGE('',*,*,#6746,.F.);
#8024 = ORIENTED_EDGE('',*,*,#8025,.T.);
#8025 = EDGE_CURVE('',#6747,#6897,#8026,.T.);
#8026 = LINE('',#8027,#8028);
#8027 = CARTESIAN_POINT('',(-0.162230377286,-4.85,-0.540767924286));
#8028 = VECTOR('',#8029,1.);
#8029 = DIRECTION('',(0.,1.,3.330669073875E-16));
#8030 = ORIENTED_EDGE('',*,*,#6896,.T.);
#8031 = ORIENTED_EDGE('',*,*,#8032,.F.);
#8032 = EDGE_CURVE('',#6749,#6899,#8033,.T.);
#8033 = LINE('',#8034,#8035);
#8034 = CARTESIAN_POINT('',(-0.425000733956,-4.85,-1.416669113186));
#8035 = VECTOR('',#8036,1.);
#8036 = DIRECTION('',(0.,1.,3.330669073875E-16));
#8037 = PLANE('',#8038);
#8038 = AXIS2_PLACEMENT_3D('',#8039,#8040,#8041);
#8039 = CARTESIAN_POINT('',(-0.15,-4.85,-0.5));
#8040 = DIRECTION('',(-0.957826285221,-9.570607158995E-17,0.287347885566
    ));
#8041 = DIRECTION('',(-0.287347885566,5.31700397722E-16,-0.957826285221)
  );
#8042 = ADVANCED_FACE('',(#8043),#8054,.F.);
#8043 = FACE_BOUND('',#8044,.F.);
#8044 = EDGE_LOOP('',(#8045,#8046,#8047,#8053));
#8045 = ORIENTED_EDGE('',*,*,#8025,.T.);
#8046 = ORIENTED_EDGE('',*,*,#7031,.T.);
#8047 = ORIENTED_EDGE('',*,*,#8048,.F.);
#8048 = EDGE_CURVE('',#6874,#7024,#8049,.T.);
#8049 = LINE('',#8050,#8051);
#8050 = CARTESIAN_POINT('',(-0.15,-4.85,-0.457437037472));
#8051 = VECTOR('',#8052,1.);
#8052 = DIRECTION('',(0.,1.,3.330669073875E-16));
#8053 = ORIENTED_EDGE('',*,*,#6881,.F.);
#8054 = CYLINDRICAL_SURFACE('',#8055,0.29);
#8055 = AXIS2_PLACEMENT_3D('',#8056,#8057,#8058);
#8056 = CARTESIAN_POINT('',(-0.44,-4.85,-0.457437037472));
#8057 = DIRECTION('',(0.,1.,3.330669073875E-16));
#8058 = DIRECTION('',(0.957826285221,9.570607158983E-17,-0.287347885566)
  );
#8059 = ADVANCED_FACE('',(#8060),#8071,.T.);
#8060 = FACE_BOUND('',#8061,.T.);
#8061 = EDGE_LOOP('',(#8062,#8063,#8064,#8070));
#8062 = ORIENTED_EDGE('',*,*,#8032,.T.);
#8063 = ORIENTED_EDGE('',*,*,#6906,.T.);
#8064 = ORIENTED_EDGE('',*,*,#8065,.F.);
#8065 = EDGE_CURVE('',#6757,#6907,#8066,.T.);
#8066 = LINE('',#8067,#8068);
#8067 = CARTESIAN_POINT('',(-0.425000733956,-4.85,-1.583330886814));
#8068 = VECTOR('',#8069,1.);
#8069 = DIRECTION('',(0.,1.,3.330669073875E-16));
#8070 = ORIENTED_EDGE('',*,*,#6756,.F.);
#8071 = CYLINDRICAL_SURFACE('',#8072,0.29);
#8072 = AXIS2_PLACEMENT_3D('',#8073,#8074,#8075);
#8073 = CARTESIAN_POINT('',(-0.147231111242,-4.85,-1.5));
#8074 = DIRECTION('',(0.,1.,3.330669073875E-16));
#8075 = DIRECTION('',(-0.957826285221,-9.570607158983E-17,0.287347885566
    ));
#8076 = ADVANCED_FACE('',(#8077),#8088,.F.);
#8077 = FACE_BOUND('',#8078,.F.);
#8078 = EDGE_LOOP('',(#8079,#8080,#8081,#8082));
#8079 = ORIENTED_EDGE('',*,*,#6873,.F.);
#8080 = ORIENTED_EDGE('',*,*,#8048,.T.);
#8081 = ORIENTED_EDGE('',*,*,#7023,.T.);
#8082 = ORIENTED_EDGE('',*,*,#8083,.F.);
#8083 = EDGE_CURVE('',#6865,#7015,#8084,.T.);
#8084 = LINE('',#8085,#8086);
#8085 = CARTESIAN_POINT('',(-0.15,-4.85,1.21));
#8086 = VECTOR('',#8087,1.);
#8087 = DIRECTION('',(0.,1.,3.330669073875E-16));
#8088 = PLANE('',#8089);
#8089 = AXIS2_PLACEMENT_3D('',#8090,#8091,#8092);
#8090 = CARTESIAN_POINT('',(-0.15,-4.85,-0.5));
#8091 = DIRECTION('',(1.,0.,0.));
#8092 = DIRECTION('',(0.,-5.551115123126E-16,1.));
#8093 = ADVANCED_FACE('',(#8094),#8105,.T.);
#8094 = FACE_BOUND('',#8095,.T.);
#8095 = EDGE_LOOP('',(#8096,#8097,#8098,#8099));
#8096 = ORIENTED_EDGE('',*,*,#6765,.F.);
#8097 = ORIENTED_EDGE('',*,*,#8065,.T.);
#8098 = ORIENTED_EDGE('',*,*,#6915,.T.);
#8099 = ORIENTED_EDGE('',*,*,#8100,.F.);
#8100 = EDGE_CURVE('',#6766,#6916,#8101,.T.);
#8101 = LINE('',#8102,#8103);
#8102 = CARTESIAN_POINT('',(-0.162230377286,-4.85,-2.459232075714));
#8103 = VECTOR('',#8104,1.);
#8104 = DIRECTION('',(0.,1.,3.330669073875E-16));
#8105 = PLANE('',#8106);
#8106 = AXIS2_PLACEMENT_3D('',#8107,#8108,#8109);
#8107 = CARTESIAN_POINT('',(-0.45,-4.85,-1.5));
#8108 = DIRECTION('',(-0.957826285221,9.570607158995E-17,-0.287347885566
    ));
#8109 = DIRECTION('',(0.287347885566,5.31700397722E-16,-0.957826285221)
  );
#8110 = ADVANCED_FACE('',(#8111),#8117,.T.);
#8111 = FACE_BOUND('',#8112,.T.);
#8112 = EDGE_LOOP('',(#8113,#8114,#8115,#8116));
#8113 = ORIENTED_EDGE('',*,*,#6864,.T.);
#8114 = ORIENTED_EDGE('',*,*,#7047,.T.);
#8115 = ORIENTED_EDGE('',*,*,#7014,.F.);
#8116 = ORIENTED_EDGE('',*,*,#8083,.F.);
#8117 = CYLINDRICAL_SURFACE('',#8118,0.29);
#8118 = AXIS2_PLACEMENT_3D('',#8119,#8120,#8121);
#8119 = CARTESIAN_POINT('',(0.14,-4.85,1.21));
#8120 = DIRECTION('',(0.,1.,3.330669073875E-16));
#8121 = DIRECTION('',(-1.,0.,0.));
#8122 = ADVANCED_FACE('',(#8123),#8134,.F.);
#8123 = FACE_BOUND('',#8124,.F.);
#8124 = EDGE_LOOP('',(#8125,#8131,#8132,#8133));
#8125 = ORIENTED_EDGE('',*,*,#8126,.T.);
#8126 = EDGE_CURVE('',#6774,#6924,#8127,.T.);
#8127 = LINE('',#8128,#8129);
#8128 = CARTESIAN_POINT('',(-0.15,-4.85,-2.542562962528));
#8129 = VECTOR('',#8130,1.);
#8130 = DIRECTION('',(0.,1.,3.330669073875E-16));
#8131 = ORIENTED_EDGE('',*,*,#6923,.T.);
#8132 = ORIENTED_EDGE('',*,*,#8100,.F.);
#8133 = ORIENTED_EDGE('',*,*,#6773,.F.);
#8134 = CYLINDRICAL_SURFACE('',#8135,0.29);
#8135 = AXIS2_PLACEMENT_3D('',#8136,#8137,#8138);
#8136 = CARTESIAN_POINT('',(-0.44,-4.85,-2.542562962528));
#8137 = DIRECTION('',(0.,1.,3.330669073875E-16));
#8138 = DIRECTION('',(1.,0.,-0.));
#8139 = ADVANCED_FACE('',(#8140),#8151,.F.);
#8140 = FACE_BOUND('',#8141,.F.);
#8141 = EDGE_LOOP('',(#8142,#8143,#8149,#8150));
#8142 = ORIENTED_EDGE('',*,*,#6782,.F.);
#8143 = ORIENTED_EDGE('',*,*,#8144,.T.);
#8144 = EDGE_CURVE('',#6783,#6933,#8145,.T.);
#8145 = LINE('',#8146,#8147);
#8146 = CARTESIAN_POINT('',(-0.15,-4.85,-3.5));
#8147 = VECTOR('',#8148,1.);
#8148 = DIRECTION('',(0.,1.,3.330669073875E-16));
#8149 = ORIENTED_EDGE('',*,*,#6932,.T.);
#8150 = ORIENTED_EDGE('',*,*,#8126,.F.);
#8151 = PLANE('',#8152);
#8152 = AXIS2_PLACEMENT_3D('',#8153,#8154,#8155);
#8153 = CARTESIAN_POINT('',(-0.15,-4.85,-3.5));
#8154 = DIRECTION('',(1.,0.,0.));
#8155 = DIRECTION('',(0.,-5.551115123126E-16,1.));
#8156 = ADVANCED_FACE('',(#8157),#8168,.F.);
#8157 = FACE_BOUND('',#8158,.F.);
#8158 = EDGE_LOOP('',(#8159,#8165,#8166,#8167));
#8159 = ORIENTED_EDGE('',*,*,#8160,.T.);
#8160 = EDGE_CURVE('',#6791,#6941,#8161,.T.);
#8161 = LINE('',#8162,#8163);
#8162 = CARTESIAN_POINT('',(0.15,-4.85,-3.5));
#8163 = VECTOR('',#8164,1.);
#8164 = DIRECTION('',(0.,1.,3.330669073875E-16));
#8165 = ORIENTED_EDGE('',*,*,#6940,.T.);
#8166 = ORIENTED_EDGE('',*,*,#8144,.F.);
#8167 = ORIENTED_EDGE('',*,*,#6790,.F.);
#8168 = PLANE('',#8169);
#8169 = AXIS2_PLACEMENT_3D('',#8170,#8171,#8172);
#8170 = CARTESIAN_POINT('',(0.15,-4.85,-3.5));
#8171 = DIRECTION('',(0.,-3.330669073875E-16,1.));
#8172 = DIRECTION('',(-1.,0.,0.));
#8173 = ADVANCED_FACE('',(#8174),#8185,.F.);
#8174 = FACE_BOUND('',#8175,.F.);
#8175 = EDGE_LOOP('',(#8176,#8177,#8183,#8184));
#8176 = ORIENTED_EDGE('',*,*,#6798,.F.);
#8177 = ORIENTED_EDGE('',*,*,#8178,.T.);
#8178 = EDGE_CURVE('',#6799,#6949,#8179,.T.);
#8179 = LINE('',#8180,#8181);
#8180 = CARTESIAN_POINT('',(0.15,-4.85,-2.542562962528));
#8181 = VECTOR('',#8182,1.);
#8182 = DIRECTION('',(0.,1.,3.330669073875E-16));
#8183 = ORIENTED_EDGE('',*,*,#6948,.T.);
#8184 = ORIENTED_EDGE('',*,*,#8160,.F.);
#8185 = PLANE('',#8186);
#8186 = AXIS2_PLACEMENT_3D('',#8187,#8188,#8189);
#8187 = CARTESIAN_POINT('',(0.15,-4.85,-2.5));
#8188 = DIRECTION('',(-1.,0.,-0.));
#8189 = DIRECTION('',(0.,5.551115123126E-16,-1.));
#8190 = ADVANCED_FACE('',(#8191),#8202,.T.);
#8191 = FACE_BOUND('',#8192,.T.);
#8192 = EDGE_LOOP('',(#8193,#8194,#8200,#8201));
#8193 = ORIENTED_EDGE('',*,*,#6840,.T.);
#8194 = ORIENTED_EDGE('',*,*,#8195,.T.);
#8195 = EDGE_CURVE('',#6833,#6983,#8196,.T.);
#8196 = LINE('',#8197,#8198);
#8197 = CARTESIAN_POINT('',(0.137769622714,-4.85,-0.540767924286));
#8198 = VECTOR('',#8199,1.);
#8199 = DIRECTION('',(0.,1.,3.330669073875E-16));
#8200 = ORIENTED_EDGE('',*,*,#6990,.F.);
#8201 = ORIENTED_EDGE('',*,*,#7709,.F.);
#8202 = CYLINDRICAL_SURFACE('',#8203,0.29);
#8203 = AXIS2_PLACEMENT_3D('',#8204,#8205,#8206);
#8204 = CARTESIAN_POINT('',(-0.14,-4.85,-0.457437037472));
#8205 = DIRECTION('',(0.,1.,3.330669073875E-16));
#8206 = DIRECTION('',(1.,0.,-0.));
#8207 = ADVANCED_FACE('',(#8208),#8219,.T.);
#8208 = FACE_BOUND('',#8209,.T.);
#8209 = EDGE_LOOP('',(#8210,#8211,#8212,#8213));
#8210 = ORIENTED_EDGE('',*,*,#6806,.T.);
#8211 = ORIENTED_EDGE('',*,*,#8178,.T.);
#8212 = ORIENTED_EDGE('',*,*,#6956,.F.);
#8213 = ORIENTED_EDGE('',*,*,#8214,.F.);
#8214 = EDGE_CURVE('',#6807,#6957,#8215,.T.);
#8215 = LINE('',#8216,#8217);
#8216 = CARTESIAN_POINT('',(0.137769622714,-4.85,-2.459232075714));
#8217 = VECTOR('',#8218,1.);
#8218 = DIRECTION('',(0.,1.,3.330669073875E-16));
#8219 = CYLINDRICAL_SURFACE('',#8220,0.29);
#8220 = AXIS2_PLACEMENT_3D('',#8221,#8222,#8223);
#8221 = CARTESIAN_POINT('',(-0.14,-4.85,-2.542562962528));
#8222 = DIRECTION('',(0.,1.,3.330669073875E-16));
#8223 = DIRECTION('',(0.957826285221,-9.570607158983E-17,0.287347885566)
  );
#8224 = ADVANCED_FACE('',(#8225),#8236,.T.);
#8225 = FACE_BOUND('',#8226,.T.);
#8226 = EDGE_LOOP('',(#8227,#8228,#8234,#8235));
#8227 = ORIENTED_EDGE('',*,*,#6832,.F.);
#8228 = ORIENTED_EDGE('',*,*,#8229,.T.);
#8229 = EDGE_CURVE('',#6824,#6974,#8230,.T.);
#8230 = LINE('',#8231,#8232);
#8231 = CARTESIAN_POINT('',(-0.125000733956,-4.85,-1.416669113186));
#8232 = VECTOR('',#8233,1.);
#8233 = DIRECTION('',(0.,1.,3.330669073875E-16));
#8234 = ORIENTED_EDGE('',*,*,#6982,.T.);
#8235 = ORIENTED_EDGE('',*,*,#8195,.F.);
#8236 = PLANE('',#8237);
#8237 = AXIS2_PLACEMENT_3D('',#8238,#8239,#8240);
#8238 = CARTESIAN_POINT('',(-0.15,-4.85,-1.5));
#8239 = DIRECTION('',(0.957826285221,9.570607158995E-17,-0.287347885566)
  );
#8240 = DIRECTION('',(0.287347885566,-5.31700397722E-16,0.957826285221)
  );
#8241 = ADVANCED_FACE('',(#8242),#8253,.T.);
#8242 = FACE_BOUND('',#8243,.T.);
#8243 = EDGE_LOOP('',(#8244,#8245,#8246,#8247));
#8244 = ORIENTED_EDGE('',*,*,#6815,.F.);
#8245 = ORIENTED_EDGE('',*,*,#8214,.T.);
#8246 = ORIENTED_EDGE('',*,*,#6965,.T.);
#8247 = ORIENTED_EDGE('',*,*,#8248,.F.);
#8248 = EDGE_CURVE('',#6816,#6966,#8249,.T.);
#8249 = LINE('',#8250,#8251);
#8250 = CARTESIAN_POINT('',(-0.125000733956,-4.85,-1.583330886814));
#8251 = VECTOR('',#8252,1.);
#8252 = DIRECTION('',(0.,1.,3.330669073875E-16));
#8253 = PLANE('',#8254);
#8254 = AXIS2_PLACEMENT_3D('',#8255,#8256,#8257);
#8255 = CARTESIAN_POINT('',(0.15,-4.85,-2.5));
#8256 = DIRECTION('',(0.957826285221,-9.570607158995E-17,0.287347885566)
  );
#8257 = DIRECTION('',(-0.287347885566,-5.31700397722E-16,0.957826285221)
  );
#8258 = ADVANCED_FACE('',(#8259),#8265,.F.);
#8259 = FACE_BOUND('',#8260,.F.);
#8260 = EDGE_LOOP('',(#8261,#8262,#8263,#8264));
#8261 = ORIENTED_EDGE('',*,*,#8229,.T.);
#8262 = ORIENTED_EDGE('',*,*,#6973,.T.);
#8263 = ORIENTED_EDGE('',*,*,#8248,.F.);
#8264 = ORIENTED_EDGE('',*,*,#6823,.F.);
#8265 = CYLINDRICAL_SURFACE('',#8266,0.29);
#8266 = AXIS2_PLACEMENT_3D('',#8267,#8268,#8269);
#8267 = CARTESIAN_POINT('',(0.152768888758,-4.85,-1.5));
#8268 = DIRECTION('',(0.,1.,3.330669073875E-16));
#8269 = DIRECTION('',(-0.957826285221,-9.570607158983E-17,0.287347885566
    ));
#8270 = ADVANCED_FACE('',(#8271),#8287,.F.);
#8271 = FACE_BOUND('',#8272,.F.);
#8272 = EDGE_LOOP('',(#8273,#8274,#8280,#8281));
#8273 = ORIENTED_EDGE('',*,*,#7063,.F.);
#8274 = ORIENTED_EDGE('',*,*,#8275,.T.);
#8275 = EDGE_CURVE('',#7064,#7238,#8276,.T.);
#8276 = LINE('',#8277,#8278);
#8277 = CARTESIAN_POINT('',(6.462230377286,-4.85,-0.540767924286));
#8278 = VECTOR('',#8279,1.);
#8279 = DIRECTION('',(0.,1.,3.330669073875E-16));
#8280 = ORIENTED_EDGE('',*,*,#7237,.T.);
#8281 = ORIENTED_EDGE('',*,*,#8282,.F.);
#8282 = EDGE_CURVE('',#7066,#7240,#8283,.T.);
#8283 = LINE('',#8284,#8285);
#8284 = CARTESIAN_POINT('',(6.725000733956,-4.85,-1.416669113186));
#8285 = VECTOR('',#8286,1.);
#8286 = DIRECTION('',(0.,1.,3.330669073875E-16));
#8287 = PLANE('',#8288);
#8288 = AXIS2_PLACEMENT_3D('',#8289,#8290,#8291);
#8289 = CARTESIAN_POINT('',(6.45,-4.85,-0.5));
#8290 = DIRECTION('',(-0.957826285221,9.570607158995E-17,-0.287347885566
    ));
#8291 = DIRECTION('',(0.287347885566,5.31700397722E-16,-0.957826285221)
  );
#8292 = ADVANCED_FACE('',(#8293),#8304,.F.);
#8293 = FACE_BOUND('',#8294,.F.);
#8294 = EDGE_LOOP('',(#8295,#8296,#8302,#8303));
#8295 = ORIENTED_EDGE('',*,*,#7198,.T.);
#8296 = ORIENTED_EDGE('',*,*,#8297,.T.);
#8297 = EDGE_CURVE('',#7191,#7358,#8298,.T.);
#8298 = LINE('',#8299,#8300);
#8299 = CARTESIAN_POINT('',(6.45,-4.85,-0.457437037472));
#8300 = VECTOR('',#8301,1.);
#8301 = DIRECTION('',(0.,1.,3.330669073875E-16));
#8302 = ORIENTED_EDGE('',*,*,#7365,.F.);
#8303 = ORIENTED_EDGE('',*,*,#8275,.F.);
#8304 = CYLINDRICAL_SURFACE('',#8305,0.29);
#8305 = AXIS2_PLACEMENT_3D('',#8306,#8307,#8308);
#8306 = CARTESIAN_POINT('',(6.74,-4.85,-0.457437037472));
#8307 = DIRECTION('',(0.,1.,3.330669073875E-16));
#8308 = DIRECTION('',(-0.957826285221,9.570607158983E-17,-0.287347885566
    ));
#8309 = ADVANCED_FACE('',(#8310),#8321,.T.);
#8310 = FACE_BOUND('',#8311,.T.);
#8311 = EDGE_LOOP('',(#8312,#8313,#8319,#8320));
#8312 = ORIENTED_EDGE('',*,*,#7073,.T.);
#8313 = ORIENTED_EDGE('',*,*,#8314,.T.);
#8314 = EDGE_CURVE('',#7074,#7248,#8315,.T.);
#8315 = LINE('',#8316,#8317);
#8316 = CARTESIAN_POINT('',(6.725000733956,-4.85,-1.583330886814));
#8317 = VECTOR('',#8318,1.);
#8318 = DIRECTION('',(0.,1.,3.330669073875E-16));
#8319 = ORIENTED_EDGE('',*,*,#7247,.F.);
#8320 = ORIENTED_EDGE('',*,*,#8282,.F.);
#8321 = CYLINDRICAL_SURFACE('',#8322,0.29);
#8322 = AXIS2_PLACEMENT_3D('',#8323,#8324,#8325);
#8323 = CARTESIAN_POINT('',(6.447231111242,-4.85,-1.5));
#8324 = DIRECTION('',(0.,1.,3.330669073875E-16));
#8325 = DIRECTION('',(0.957826285221,-9.570607158983E-17,0.287347885566)
  );
#8326 = ADVANCED_FACE('',(#8327),#8338,.T.);
#8327 = FACE_BOUND('',#8328,.T.);
#8328 = EDGE_LOOP('',(#8329,#8330,#8331,#8332));
#8329 = ORIENTED_EDGE('',*,*,#7190,.F.);
#8330 = ORIENTED_EDGE('',*,*,#8297,.T.);
#8331 = ORIENTED_EDGE('',*,*,#7357,.T.);
#8332 = ORIENTED_EDGE('',*,*,#8333,.F.);
#8333 = EDGE_CURVE('',#7182,#7349,#8334,.T.);
#8334 = LINE('',#8335,#8336);
#8335 = CARTESIAN_POINT('',(6.45,-4.85,1.21));
#8336 = VECTOR('',#8337,1.);
#8337 = DIRECTION('',(0.,1.,3.330669073875E-16));
#8338 = PLANE('',#8339);
#8339 = AXIS2_PLACEMENT_3D('',#8340,#8341,#8342);
#8340 = CARTESIAN_POINT('',(6.45,-4.85,-0.5));
#8341 = DIRECTION('',(1.,0.,0.));
#8342 = DIRECTION('',(0.,-5.551115123126E-16,1.));
#8343 = ADVANCED_FACE('',(#8344),#8355,.F.);
#8344 = FACE_BOUND('',#8345,.F.);
#8345 = EDGE_LOOP('',(#8346,#8347,#8348,#8349));
#8346 = ORIENTED_EDGE('',*,*,#7082,.F.);
#8347 = ORIENTED_EDGE('',*,*,#8314,.T.);
#8348 = ORIENTED_EDGE('',*,*,#7256,.T.);
#8349 = ORIENTED_EDGE('',*,*,#8350,.F.);
#8350 = EDGE_CURVE('',#7083,#7257,#8351,.T.);
#8351 = LINE('',#8352,#8353);
#8352 = CARTESIAN_POINT('',(6.462230377286,-4.85,-2.459232075714));
#8353 = VECTOR('',#8354,1.);
#8354 = DIRECTION('',(0.,1.,3.330669073875E-16));
#8355 = PLANE('',#8356);
#8356 = AXIS2_PLACEMENT_3D('',#8357,#8358,#8359);
#8357 = CARTESIAN_POINT('',(6.75,-4.85,-1.5));
#8358 = DIRECTION('',(-0.957826285221,-9.570607158995E-17,0.287347885566
    ));
#8359 = DIRECTION('',(-0.287347885566,5.31700397722E-16,-0.957826285221)
  );
#8360 = ADVANCED_FACE('',(#8361),#8367,.T.);
#8361 = FACE_BOUND('',#8362,.T.);
#8362 = EDGE_LOOP('',(#8363,#8364,#8365,#8366));
#8363 = ORIENTED_EDGE('',*,*,#8333,.T.);
#8364 = ORIENTED_EDGE('',*,*,#7348,.T.);
#8365 = ORIENTED_EDGE('',*,*,#7214,.F.);
#8366 = ORIENTED_EDGE('',*,*,#7181,.F.);
#8367 = CYLINDRICAL_SURFACE('',#8368,0.29);
#8368 = AXIS2_PLACEMENT_3D('',#8369,#8370,#8371);
#8369 = CARTESIAN_POINT('',(6.16,-4.85,1.21));
#8370 = DIRECTION('',(0.,1.,3.330669073875E-16));
#8371 = DIRECTION('',(1.,0.,-0.));
#8372 = ADVANCED_FACE('',(#8373),#8384,.F.);
#8373 = FACE_BOUND('',#8374,.F.);
#8374 = EDGE_LOOP('',(#8375,#8376,#8377,#8378));
#8375 = ORIENTED_EDGE('',*,*,#7090,.T.);
#8376 = ORIENTED_EDGE('',*,*,#8350,.T.);
#8377 = ORIENTED_EDGE('',*,*,#7264,.F.);
#8378 = ORIENTED_EDGE('',*,*,#8379,.F.);
#8379 = EDGE_CURVE('',#7091,#7265,#8380,.T.);
#8380 = LINE('',#8381,#8382);
#8381 = CARTESIAN_POINT('',(6.45,-4.85,-2.542562962528));
#8382 = VECTOR('',#8383,1.);
#8383 = DIRECTION('',(0.,1.,3.330669073875E-16));
#8384 = CYLINDRICAL_SURFACE('',#8385,0.29);
#8385 = AXIS2_PLACEMENT_3D('',#8386,#8387,#8388);
#8386 = CARTESIAN_POINT('',(6.74,-4.85,-2.542562962528));
#8387 = DIRECTION('',(0.,1.,3.330669073875E-16));
#8388 = DIRECTION('',(-1.,0.,0.));
#8389 = ADVANCED_FACE('',(#8390),#8401,.T.);
#8390 = FACE_BOUND('',#8391,.T.);
#8391 = EDGE_LOOP('',(#8392,#8393,#8399,#8400));
#8392 = ORIENTED_EDGE('',*,*,#7099,.F.);
#8393 = ORIENTED_EDGE('',*,*,#8394,.T.);
#8394 = EDGE_CURVE('',#7100,#7274,#8395,.T.);
#8395 = LINE('',#8396,#8397);
#8396 = CARTESIAN_POINT('',(6.45,-4.85,-3.5));
#8397 = VECTOR('',#8398,1.);
#8398 = DIRECTION('',(0.,1.,3.330669073875E-16));
#8399 = ORIENTED_EDGE('',*,*,#7273,.T.);
#8400 = ORIENTED_EDGE('',*,*,#8379,.F.);
#8401 = PLANE('',#8402);
#8402 = AXIS2_PLACEMENT_3D('',#8403,#8404,#8405);
#8403 = CARTESIAN_POINT('',(6.45,-4.85,-3.5));
#8404 = DIRECTION('',(1.,0.,0.));
#8405 = DIRECTION('',(0.,-5.551115123126E-16,1.));
#8406 = ADVANCED_FACE('',(#8407),#8418,.T.);
#8407 = FACE_BOUND('',#8408,.T.);
#8408 = EDGE_LOOP('',(#8409,#8415,#8416,#8417));
#8409 = ORIENTED_EDGE('',*,*,#8410,.T.);
#8410 = EDGE_CURVE('',#7108,#7282,#8411,.T.);
#8411 = LINE('',#8412,#8413);
#8412 = CARTESIAN_POINT('',(6.15,-4.85,-3.5));
#8413 = VECTOR('',#8414,1.);
#8414 = DIRECTION('',(0.,1.,3.330669073875E-16));
#8415 = ORIENTED_EDGE('',*,*,#7281,.T.);
#8416 = ORIENTED_EDGE('',*,*,#8394,.F.);
#8417 = ORIENTED_EDGE('',*,*,#7107,.F.);
#8418 = PLANE('',#8419);
#8419 = AXIS2_PLACEMENT_3D('',#8420,#8421,#8422);
#8420 = CARTESIAN_POINT('',(6.15,-4.85,-3.5));
#8421 = DIRECTION('',(0.,3.330669073875E-16,-1.));
#8422 = DIRECTION('',(1.,0.,0.));
#8423 = ADVANCED_FACE('',(#8424),#8435,.T.);
#8424 = FACE_BOUND('',#8425,.T.);
#8425 = EDGE_LOOP('',(#8426,#8427,#8433,#8434));
#8426 = ORIENTED_EDGE('',*,*,#7115,.F.);
#8427 = ORIENTED_EDGE('',*,*,#8428,.T.);
#8428 = EDGE_CURVE('',#7116,#7290,#8429,.T.);
#8429 = LINE('',#8430,#8431);
#8430 = CARTESIAN_POINT('',(6.15,-4.85,-2.542562962528));
#8431 = VECTOR('',#8432,1.);
#8432 = DIRECTION('',(0.,1.,3.330669073875E-16));
#8433 = ORIENTED_EDGE('',*,*,#7289,.T.);
#8434 = ORIENTED_EDGE('',*,*,#8410,.F.);
#8435 = PLANE('',#8436);
#8436 = AXIS2_PLACEMENT_3D('',#8437,#8438,#8439);
#8437 = CARTESIAN_POINT('',(6.15,-4.85,-2.5));
#8438 = DIRECTION('',(-1.,0.,-0.));
#8439 = DIRECTION('',(0.,5.551115123126E-16,-1.));
#8440 = ADVANCED_FACE('',(#8441),#8452,.T.);
#8441 = FACE_BOUND('',#8442,.T.);
#8442 = EDGE_LOOP('',(#8443,#8444,#8445,#8451));
#8443 = ORIENTED_EDGE('',*,*,#7726,.T.);
#8444 = ORIENTED_EDGE('',*,*,#7331,.T.);
#8445 = ORIENTED_EDGE('',*,*,#8446,.F.);
#8446 = EDGE_CURVE('',#7150,#7324,#8447,.T.);
#8447 = LINE('',#8448,#8449);
#8448 = CARTESIAN_POINT('',(6.162230377286,-4.85,-0.540767924286));
#8449 = VECTOR('',#8450,1.);
#8450 = DIRECTION('',(0.,1.,3.330669073875E-16));
#8451 = ORIENTED_EDGE('',*,*,#7157,.F.);
#8452 = CYLINDRICAL_SURFACE('',#8453,0.29);
#8453 = AXIS2_PLACEMENT_3D('',#8454,#8455,#8456);
#8454 = CARTESIAN_POINT('',(6.44,-4.85,-0.457437037472));
#8455 = DIRECTION('',(0.,1.,3.330669073875E-16));
#8456 = DIRECTION('',(-1.,0.,0.));
#8457 = ADVANCED_FACE('',(#8458),#8469,.T.);
#8458 = FACE_BOUND('',#8459,.T.);
#8459 = EDGE_LOOP('',(#8460,#8466,#8467,#8468));
#8460 = ORIENTED_EDGE('',*,*,#8461,.T.);
#8461 = EDGE_CURVE('',#7124,#7298,#8462,.T.);
#8462 = LINE('',#8463,#8464);
#8463 = CARTESIAN_POINT('',(6.162230377286,-4.85,-2.459232075714));
#8464 = VECTOR('',#8465,1.);
#8465 = DIRECTION('',(0.,1.,3.330669073875E-16));
#8466 = ORIENTED_EDGE('',*,*,#7297,.T.);
#8467 = ORIENTED_EDGE('',*,*,#8428,.F.);
#8468 = ORIENTED_EDGE('',*,*,#7123,.F.);
#8469 = CYLINDRICAL_SURFACE('',#8470,0.29);
#8470 = AXIS2_PLACEMENT_3D('',#8471,#8472,#8473);
#8471 = CARTESIAN_POINT('',(6.44,-4.85,-2.542562962528));
#8472 = DIRECTION('',(0.,1.,3.330669073875E-16));
#8473 = DIRECTION('',(-0.957826285221,-9.570607158983E-17,0.287347885566
    ));
#8474 = ADVANCED_FACE('',(#8475),#8486,.F.);
#8475 = FACE_BOUND('',#8476,.F.);
#8476 = EDGE_LOOP('',(#8477,#8478,#8484,#8485));
#8477 = ORIENTED_EDGE('',*,*,#7149,.F.);
#8478 = ORIENTED_EDGE('',*,*,#8479,.T.);
#8479 = EDGE_CURVE('',#7141,#7315,#8480,.T.);
#8480 = LINE('',#8481,#8482);
#8481 = CARTESIAN_POINT('',(6.425000733956,-4.85,-1.416669113186));
#8482 = VECTOR('',#8483,1.);
#8483 = DIRECTION('',(0.,1.,3.330669073875E-16));
#8484 = ORIENTED_EDGE('',*,*,#7323,.T.);
#8485 = ORIENTED_EDGE('',*,*,#8446,.F.);
#8486 = PLANE('',#8487);
#8487 = AXIS2_PLACEMENT_3D('',#8488,#8489,#8490);
#8488 = CARTESIAN_POINT('',(6.45,-4.85,-1.5));
#8489 = DIRECTION('',(0.957826285221,-9.570607158995E-17,0.287347885566)
  );
#8490 = DIRECTION('',(-0.287347885566,-5.31700397722E-16,0.957826285221)
  );
#8491 = ADVANCED_FACE('',(#8492),#8503,.F.);
#8492 = FACE_BOUND('',#8493,.F.);
#8493 = EDGE_LOOP('',(#8494,#8495,#8496,#8497));
#8494 = ORIENTED_EDGE('',*,*,#7132,.F.);
#8495 = ORIENTED_EDGE('',*,*,#8461,.T.);
#8496 = ORIENTED_EDGE('',*,*,#7306,.T.);
#8497 = ORIENTED_EDGE('',*,*,#8498,.F.);
#8498 = EDGE_CURVE('',#7133,#7307,#8499,.T.);
#8499 = LINE('',#8500,#8501);
#8500 = CARTESIAN_POINT('',(6.425000733956,-4.85,-1.583330886814));
#8501 = VECTOR('',#8502,1.);
#8502 = DIRECTION('',(0.,1.,3.330669073875E-16));
#8503 = PLANE('',#8504);
#8504 = AXIS2_PLACEMENT_3D('',#8505,#8506,#8507);
#8505 = CARTESIAN_POINT('',(6.15,-4.85,-2.5));
#8506 = DIRECTION('',(0.957826285221,9.570607158995E-17,-0.287347885566)
  );
#8507 = DIRECTION('',(0.287347885566,-5.31700397722E-16,0.957826285221)
  );
#8508 = ADVANCED_FACE('',(#8509),#8515,.F.);
#8509 = FACE_BOUND('',#8510,.F.);
#8510 = EDGE_LOOP('',(#8511,#8512,#8513,#8514));
#8511 = ORIENTED_EDGE('',*,*,#7140,.T.);
#8512 = ORIENTED_EDGE('',*,*,#8498,.T.);
#8513 = ORIENTED_EDGE('',*,*,#7314,.F.);
#8514 = ORIENTED_EDGE('',*,*,#8479,.F.);
#8515 = CYLINDRICAL_SURFACE('',#8516,0.29);
#8516 = AXIS2_PLACEMENT_3D('',#8517,#8518,#8519);
#8517 = CARTESIAN_POINT('',(6.147231111242,-4.85,-1.5));
#8518 = DIRECTION('',(0.,1.,3.330669073875E-16));
#8519 = DIRECTION('',(0.957826285221,-9.570607158983E-17,0.287347885566)
  );
#8520 = ADVANCED_FACE('',(#8521),#8537,.F.);
#8521 = FACE_BOUND('',#8522,.F.);
#8522 = EDGE_LOOP('',(#8523,#8524,#8530,#8531));
#8523 = ORIENTED_EDGE('',*,*,#7530,.F.);
#8524 = ORIENTED_EDGE('',*,*,#8525,.T.);
#8525 = EDGE_CURVE('',#7531,#7381,#8526,.T.);
#8526 = LINE('',#8527,#8528);
#8527 = CARTESIAN_POINT('',(6.462230377286,-0.35,-0.540767924286));
#8528 = VECTOR('',#8529,1.);
#8529 = DIRECTION('',(0.,1.,3.330669073875E-16));
#8530 = ORIENTED_EDGE('',*,*,#7380,.T.);
#8531 = ORIENTED_EDGE('',*,*,#8532,.F.);
#8532 = EDGE_CURVE('',#7533,#7383,#8533,.T.);
#8533 = LINE('',#8534,#8535);
#8534 = CARTESIAN_POINT('',(6.725000733956,-0.35,-1.416669113186));
#8535 = VECTOR('',#8536,1.);
#8536 = DIRECTION('',(0.,1.,3.330669073875E-16));
#8537 = PLANE('',#8538);
#8538 = AXIS2_PLACEMENT_3D('',#8539,#8540,#8541);
#8539 = CARTESIAN_POINT('',(6.45,-0.35,-0.5));
#8540 = DIRECTION('',(-0.957826285221,9.570607158995E-17,-0.287347885566
    ));
#8541 = DIRECTION('',(0.287347885566,5.31700397722E-16,-0.957826285221)
  );
#8542 = ADVANCED_FACE('',(#8543),#8554,.F.);
#8543 = FACE_BOUND('',#8544,.F.);
#8544 = EDGE_LOOP('',(#8545,#8546,#8552,#8553));
#8545 = ORIENTED_EDGE('',*,*,#7665,.T.);
#8546 = ORIENTED_EDGE('',*,*,#8547,.T.);
#8547 = EDGE_CURVE('',#7658,#7508,#8548,.T.);
#8548 = LINE('',#8549,#8550);
#8549 = CARTESIAN_POINT('',(6.45,-0.35,-0.457437037472));
#8550 = VECTOR('',#8551,1.);
#8551 = DIRECTION('',(0.,1.,3.330669073875E-16));
#8552 = ORIENTED_EDGE('',*,*,#7515,.F.);
#8553 = ORIENTED_EDGE('',*,*,#8525,.F.);
#8554 = CYLINDRICAL_SURFACE('',#8555,0.29);
#8555 = AXIS2_PLACEMENT_3D('',#8556,#8557,#8558);
#8556 = CARTESIAN_POINT('',(6.74,-0.35,-0.457437037472));
#8557 = DIRECTION('',(0.,1.,3.330669073875E-16));
#8558 = DIRECTION('',(-0.957826285221,9.570607158983E-17,-0.287347885566
    ));
#8559 = ADVANCED_FACE('',(#8560),#8571,.T.);
#8560 = FACE_BOUND('',#8561,.T.);
#8561 = EDGE_LOOP('',(#8562,#8563,#8569,#8570));
#8562 = ORIENTED_EDGE('',*,*,#7540,.T.);
#8563 = ORIENTED_EDGE('',*,*,#8564,.T.);
#8564 = EDGE_CURVE('',#7541,#7391,#8565,.T.);
#8565 = LINE('',#8566,#8567);
#8566 = CARTESIAN_POINT('',(6.725000733956,-0.35,-1.583330886814));
#8567 = VECTOR('',#8568,1.);
#8568 = DIRECTION('',(0.,1.,3.330669073875E-16));
#8569 = ORIENTED_EDGE('',*,*,#7390,.F.);
#8570 = ORIENTED_EDGE('',*,*,#8532,.F.);
#8571 = CYLINDRICAL_SURFACE('',#8572,0.29);
#8572 = AXIS2_PLACEMENT_3D('',#8573,#8574,#8575);
#8573 = CARTESIAN_POINT('',(6.447231111242,-0.35,-1.5));
#8574 = DIRECTION('',(0.,1.,3.330669073875E-16));
#8575 = DIRECTION('',(0.957826285221,-9.570607158983E-17,0.287347885566)
  );
#8576 = ADVANCED_FACE('',(#8577),#8588,.T.);
#8577 = FACE_BOUND('',#8578,.T.);
#8578 = EDGE_LOOP('',(#8579,#8580,#8581,#8582));
#8579 = ORIENTED_EDGE('',*,*,#7657,.F.);
#8580 = ORIENTED_EDGE('',*,*,#8547,.T.);
#8581 = ORIENTED_EDGE('',*,*,#7507,.T.);
#8582 = ORIENTED_EDGE('',*,*,#8583,.F.);
#8583 = EDGE_CURVE('',#7649,#7499,#8584,.T.);
#8584 = LINE('',#8585,#8586);
#8585 = CARTESIAN_POINT('',(6.45,-0.35,1.21));
#8586 = VECTOR('',#8587,1.);
#8587 = DIRECTION('',(0.,1.,3.330669073875E-16));
#8588 = PLANE('',#8589);
#8589 = AXIS2_PLACEMENT_3D('',#8590,#8591,#8592);
#8590 = CARTESIAN_POINT('',(6.45,-0.35,-0.5));
#8591 = DIRECTION('',(1.,0.,0.));
#8592 = DIRECTION('',(0.,-5.551115123126E-16,1.));
#8593 = ADVANCED_FACE('',(#8594),#8605,.F.);
#8594 = FACE_BOUND('',#8595,.F.);
#8595 = EDGE_LOOP('',(#8596,#8597,#8598,#8599));
#8596 = ORIENTED_EDGE('',*,*,#7549,.F.);
#8597 = ORIENTED_EDGE('',*,*,#8564,.T.);
#8598 = ORIENTED_EDGE('',*,*,#7399,.T.);
#8599 = ORIENTED_EDGE('',*,*,#8600,.F.);
#8600 = EDGE_CURVE('',#7550,#7400,#8601,.T.);
#8601 = LINE('',#8602,#8603);
#8602 = CARTESIAN_POINT('',(6.462230377286,-0.35,-2.459232075714));
#8603 = VECTOR('',#8604,1.);
#8604 = DIRECTION('',(0.,1.,3.330669073875E-16));
#8605 = PLANE('',#8606);
#8606 = AXIS2_PLACEMENT_3D('',#8607,#8608,#8609);
#8607 = CARTESIAN_POINT('',(6.75,-0.35,-1.5));
#8608 = DIRECTION('',(-0.957826285221,-9.570607158995E-17,0.287347885566
    ));
#8609 = DIRECTION('',(-0.287347885566,5.31700397722E-16,-0.957826285221)
  );
#8610 = ADVANCED_FACE('',(#8611),#8617,.T.);
#8611 = FACE_BOUND('',#8612,.T.);
#8612 = EDGE_LOOP('',(#8613,#8614,#8615,#8616));
#8613 = ORIENTED_EDGE('',*,*,#8583,.T.);
#8614 = ORIENTED_EDGE('',*,*,#7498,.T.);
#8615 = ORIENTED_EDGE('',*,*,#7681,.F.);
#8616 = ORIENTED_EDGE('',*,*,#7648,.F.);
#8617 = CYLINDRICAL_SURFACE('',#8618,0.29);
#8618 = AXIS2_PLACEMENT_3D('',#8619,#8620,#8621);
#8619 = CARTESIAN_POINT('',(6.16,-0.35,1.21));
#8620 = DIRECTION('',(0.,1.,3.330669073875E-16));
#8621 = DIRECTION('',(1.,0.,-0.));
#8622 = ADVANCED_FACE('',(#8623),#8634,.F.);
#8623 = FACE_BOUND('',#8624,.F.);
#8624 = EDGE_LOOP('',(#8625,#8626,#8627,#8628));
#8625 = ORIENTED_EDGE('',*,*,#7557,.T.);
#8626 = ORIENTED_EDGE('',*,*,#8600,.T.);
#8627 = ORIENTED_EDGE('',*,*,#7407,.F.);
#8628 = ORIENTED_EDGE('',*,*,#8629,.F.);
#8629 = EDGE_CURVE('',#7558,#7408,#8630,.T.);
#8630 = LINE('',#8631,#8632);
#8631 = CARTESIAN_POINT('',(6.45,-0.35,-2.542562962528));
#8632 = VECTOR('',#8633,1.);
#8633 = DIRECTION('',(0.,1.,3.330669073875E-16));
#8634 = CYLINDRICAL_SURFACE('',#8635,0.29);
#8635 = AXIS2_PLACEMENT_3D('',#8636,#8637,#8638);
#8636 = CARTESIAN_POINT('',(6.74,-0.35,-2.542562962528));
#8637 = DIRECTION('',(0.,1.,3.330669073875E-16));
#8638 = DIRECTION('',(-1.,0.,0.));
#8639 = ADVANCED_FACE('',(#8640),#8651,.T.);
#8640 = FACE_BOUND('',#8641,.T.);
#8641 = EDGE_LOOP('',(#8642,#8643,#8649,#8650));
#8642 = ORIENTED_EDGE('',*,*,#7566,.F.);
#8643 = ORIENTED_EDGE('',*,*,#8644,.T.);
#8644 = EDGE_CURVE('',#7567,#7417,#8645,.T.);
#8645 = LINE('',#8646,#8647);
#8646 = CARTESIAN_POINT('',(6.45,-0.35,-3.5));
#8647 = VECTOR('',#8648,1.);
#8648 = DIRECTION('',(0.,1.,3.330669073875E-16));
#8649 = ORIENTED_EDGE('',*,*,#7416,.T.);
#8650 = ORIENTED_EDGE('',*,*,#8629,.F.);
#8651 = PLANE('',#8652);
#8652 = AXIS2_PLACEMENT_3D('',#8653,#8654,#8655);
#8653 = CARTESIAN_POINT('',(6.45,-0.35,-3.5));
#8654 = DIRECTION('',(1.,0.,0.));
#8655 = DIRECTION('',(0.,-5.551115123126E-16,1.));
#8656 = ADVANCED_FACE('',(#8657),#8668,.T.);
#8657 = FACE_BOUND('',#8658,.T.);
#8658 = EDGE_LOOP('',(#8659,#8665,#8666,#8667));
#8659 = ORIENTED_EDGE('',*,*,#8660,.T.);
#8660 = EDGE_CURVE('',#7575,#7425,#8661,.T.);
#8661 = LINE('',#8662,#8663);
#8662 = CARTESIAN_POINT('',(6.15,-0.35,-3.5));
#8663 = VECTOR('',#8664,1.);
#8664 = DIRECTION('',(0.,1.,3.330669073875E-16));
#8665 = ORIENTED_EDGE('',*,*,#7424,.T.);
#8666 = ORIENTED_EDGE('',*,*,#8644,.F.);
#8667 = ORIENTED_EDGE('',*,*,#7574,.F.);
#8668 = PLANE('',#8669);
#8669 = AXIS2_PLACEMENT_3D('',#8670,#8671,#8672);
#8670 = CARTESIAN_POINT('',(6.15,-0.35,-3.5));
#8671 = DIRECTION('',(0.,3.330669073875E-16,-1.));
#8672 = DIRECTION('',(1.,0.,0.));
#8673 = ADVANCED_FACE('',(#8674),#8685,.T.);
#8674 = FACE_BOUND('',#8675,.T.);
#8675 = EDGE_LOOP('',(#8676,#8677,#8683,#8684));
#8676 = ORIENTED_EDGE('',*,*,#7582,.F.);
#8677 = ORIENTED_EDGE('',*,*,#8678,.T.);
#8678 = EDGE_CURVE('',#7583,#7433,#8679,.T.);
#8679 = LINE('',#8680,#8681);
#8680 = CARTESIAN_POINT('',(6.15,-0.35,-2.542562962528));
#8681 = VECTOR('',#8682,1.);
#8682 = DIRECTION('',(0.,1.,3.330669073875E-16));
#8683 = ORIENTED_EDGE('',*,*,#7432,.T.);
#8684 = ORIENTED_EDGE('',*,*,#8660,.F.);
#8685 = PLANE('',#8686);
#8686 = AXIS2_PLACEMENT_3D('',#8687,#8688,#8689);
#8687 = CARTESIAN_POINT('',(6.15,-0.35,-2.5));
#8688 = DIRECTION('',(-1.,0.,-0.));
#8689 = DIRECTION('',(0.,5.551115123126E-16,-1.));
#8690 = ADVANCED_FACE('',(#8691),#8702,.T.);
#8691 = FACE_BOUND('',#8692,.T.);
#8692 = EDGE_LOOP('',(#8693,#8694,#8695,#8701));
#8693 = ORIENTED_EDGE('',*,*,#7760,.T.);
#8694 = ORIENTED_EDGE('',*,*,#7474,.T.);
#8695 = ORIENTED_EDGE('',*,*,#8696,.F.);
#8696 = EDGE_CURVE('',#7617,#7467,#8697,.T.);
#8697 = LINE('',#8698,#8699);
#8698 = CARTESIAN_POINT('',(6.162230377286,-0.35,-0.540767924286));
#8699 = VECTOR('',#8700,1.);
#8700 = DIRECTION('',(0.,1.,3.330669073875E-16));
#8701 = ORIENTED_EDGE('',*,*,#7624,.F.);
#8702 = CYLINDRICAL_SURFACE('',#8703,0.29);
#8703 = AXIS2_PLACEMENT_3D('',#8704,#8705,#8706);
#8704 = CARTESIAN_POINT('',(6.44,-0.35,-0.457437037472));
#8705 = DIRECTION('',(0.,1.,3.330669073875E-16));
#8706 = DIRECTION('',(-1.,0.,0.));
#8707 = ADVANCED_FACE('',(#8708),#8719,.T.);
#8708 = FACE_BOUND('',#8709,.T.);
#8709 = EDGE_LOOP('',(#8710,#8716,#8717,#8718));
#8710 = ORIENTED_EDGE('',*,*,#8711,.T.);
#8711 = EDGE_CURVE('',#7591,#7441,#8712,.T.);
#8712 = LINE('',#8713,#8714);
#8713 = CARTESIAN_POINT('',(6.162230377286,-0.35,-2.459232075714));
#8714 = VECTOR('',#8715,1.);
#8715 = DIRECTION('',(0.,1.,3.330669073875E-16));
#8716 = ORIENTED_EDGE('',*,*,#7440,.T.);
#8717 = ORIENTED_EDGE('',*,*,#8678,.F.);
#8718 = ORIENTED_EDGE('',*,*,#7590,.F.);
#8719 = CYLINDRICAL_SURFACE('',#8720,0.29);
#8720 = AXIS2_PLACEMENT_3D('',#8721,#8722,#8723);
#8721 = CARTESIAN_POINT('',(6.44,-0.35,-2.542562962528));
#8722 = DIRECTION('',(0.,1.,3.330669073875E-16));
#8723 = DIRECTION('',(-0.957826285221,-9.570607158983E-17,0.287347885566
    ));
#8724 = ADVANCED_FACE('',(#8725),#8736,.F.);
#8725 = FACE_BOUND('',#8726,.F.);
#8726 = EDGE_LOOP('',(#8727,#8728,#8734,#8735));
#8727 = ORIENTED_EDGE('',*,*,#7616,.F.);
#8728 = ORIENTED_EDGE('',*,*,#8729,.T.);
#8729 = EDGE_CURVE('',#7608,#7458,#8730,.T.);
#8730 = LINE('',#8731,#8732);
#8731 = CARTESIAN_POINT('',(6.425000733956,-0.35,-1.416669113186));
#8732 = VECTOR('',#8733,1.);
#8733 = DIRECTION('',(0.,1.,3.330669073875E-16));
#8734 = ORIENTED_EDGE('',*,*,#7466,.T.);
#8735 = ORIENTED_EDGE('',*,*,#8696,.F.);
#8736 = PLANE('',#8737);
#8737 = AXIS2_PLACEMENT_3D('',#8738,#8739,#8740);
#8738 = CARTESIAN_POINT('',(6.45,-0.35,-1.5));
#8739 = DIRECTION('',(0.957826285221,-9.570607158995E-17,0.287347885566)
  );
#8740 = DIRECTION('',(-0.287347885566,-5.31700397722E-16,0.957826285221)
  );
#8741 = ADVANCED_FACE('',(#8742),#8753,.F.);
#8742 = FACE_BOUND('',#8743,.F.);
#8743 = EDGE_LOOP('',(#8744,#8745,#8746,#8747));
#8744 = ORIENTED_EDGE('',*,*,#7599,.F.);
#8745 = ORIENTED_EDGE('',*,*,#8711,.T.);
#8746 = ORIENTED_EDGE('',*,*,#7449,.T.);
#8747 = ORIENTED_EDGE('',*,*,#8748,.F.);
#8748 = EDGE_CURVE('',#7600,#7450,#8749,.T.);
#8749 = LINE('',#8750,#8751);
#8750 = CARTESIAN_POINT('',(6.425000733956,-0.35,-1.583330886814));
#8751 = VECTOR('',#8752,1.);
#8752 = DIRECTION('',(0.,1.,3.330669073875E-16));
#8753 = PLANE('',#8754);
#8754 = AXIS2_PLACEMENT_3D('',#8755,#8756,#8757);
#8755 = CARTESIAN_POINT('',(6.15,-0.35,-2.5));
#8756 = DIRECTION('',(0.957826285221,9.570607158995E-17,-0.287347885566)
  );
#8757 = DIRECTION('',(0.287347885566,-5.31700397722E-16,0.957826285221)
  );
#8758 = ADVANCED_FACE('',(#8759),#8765,.F.);
#8759 = FACE_BOUND('',#8760,.F.);
#8760 = EDGE_LOOP('',(#8761,#8762,#8763,#8764));
#8761 = ORIENTED_EDGE('',*,*,#7607,.T.);
#8762 = ORIENTED_EDGE('',*,*,#8748,.T.);
#8763 = ORIENTED_EDGE('',*,*,#7457,.F.);
#8764 = ORIENTED_EDGE('',*,*,#8729,.F.);
#8765 = CYLINDRICAL_SURFACE('',#8766,0.29);
#8766 = AXIS2_PLACEMENT_3D('',#8767,#8768,#8769);
#8767 = CARTESIAN_POINT('',(6.147231111242,-0.35,-1.5));
#8768 = DIRECTION('',(0.,1.,3.330669073875E-16));
#8769 = DIRECTION('',(0.957826285221,-9.570607158983E-17,0.287347885566)
  );
#8770 = ( GEOMETRIC_REPRESENTATION_CONTEXT(3) 
GLOBAL_UNCERTAINTY_ASSIGNED_CONTEXT((#8774)) 
GLOBAL_UNIT_ASSIGNED_CONTEXT((#8771,#8772,#8773)) REPRESENTATION_CONTEXT
('Context #1','3D Context with UNIT and UNCERTAINTY') );
#8771 = ( LENGTH_UNIT() NAMED_UNIT(*) SI_UNIT(.MILLI.,.METRE.) );
#8772 = ( NAMED_UNIT(*) PLANE_ANGLE_UNIT() SI_UNIT($,.RADIAN.) );
#8773 = ( NAMED_UNIT(*) SI_UNIT($,.STERADIAN.) SOLID_ANGLE_UNIT() );
#8774 = UNCERTAINTY_MEASURE_WITH_UNIT(LENGTH_MEASURE(1.E-07),#8771,
  'distance_accuracy_value','confusion accuracy');
#8775 = CONTEXT_DEPENDENT_SHAPE_REPRESENTATION(#8776,#8778);
#8776 = ( REPRESENTATION_RELATIONSHIP('','',#5540,#5517) 
REPRESENTATION_RELATIONSHIP_WITH_TRANSFORMATION(#8777) 
SHAPE_REPRESENTATION_RELATIONSHIP() );
#8777 = ITEM_DEFINED_TRANSFORMATION('','',#11,#5518);
#8778 = PRODUCT_DEFINITION_SHAPE('Placement','Placement of an item',
  #8779);
#8779 = NEXT_ASSEMBLY_USAGE_OCCURRENCE('14','=>[0:1:1:13]','',#5512,
  #5535,$);
#8780 = PRODUCT_RELATED_PRODUCT_CATEGORY('part',$,(#5537));
#8781 = SHAPE_DEFINITION_REPRESENTATION(#8782,#8788);
#8782 = PRODUCT_DEFINITION_SHAPE('','',#8783);
#8783 = PRODUCT_DEFINITION('design','',#8784,#8787);
#8784 = PRODUCT_DEFINITION_FORMATION('','',#8785);
#8785 = PRODUCT('SOT-23-6','SOT-23-6','',(#8786));
#8786 = PRODUCT_CONTEXT('',#2,'mechanical');
#8787 = PRODUCT_DEFINITION_CONTEXT('part definition',#2,'design');
#8788 = SHAPE_REPRESENTATION('',(#11,#8789),#8793);
#8789 = AXIS2_PLACEMENT_3D('',#8790,#8791,#8792);
#8790 = CARTESIAN_POINT('',(0.,0.,0.));
#8791 = DIRECTION('',(0.,0.,1.));
#8792 = DIRECTION('',(1.,0.,-0.));
#8793 = ( GEOMETRIC_REPRESENTATION_CONTEXT(3) 
GLOBAL_UNCERTAINTY_ASSIGNED_CONTEXT((#8797)) 
GLOBAL_UNIT_ASSIGNED_CONTEXT((#8794,#8795,#8796)) REPRESENTATION_CONTEXT
('Context #1','3D Context with UNIT and UNCERTAINTY') );
#8794 = ( LENGTH_UNIT() NAMED_UNIT(*) SI_UNIT(.MILLI.,.METRE.) );
#8795 = ( NAMED_UNIT(*) PLANE_ANGLE_UNIT() SI_UNIT($,.RADIAN.) );
#8796 = ( NAMED_UNIT(*) SI_UNIT($,.STERADIAN.) SOLID_ANGLE_UNIT() );
#8797 = UNCERTAINTY_MEASURE_WITH_UNIT(LENGTH_MEASURE(1.E-07),#8794,
  'distance_accuracy_value','confusion accuracy');
#8798 = CONTEXT_DEPENDENT_SHAPE_REPRESENTATION(#8799,#8801);
#8799 = ( REPRESENTATION_RELATIONSHIP('','',#8788,#10) 
REPRESENTATION_RELATIONSHIP_WITH_TRANSFORMATION(#8800) 
SHAPE_REPRESENTATION_RELATIONSHIP() );
#8800 = ITEM_DEFINED_TRANSFORMATION('','',#11,#51);
#8801 = PRODUCT_DEFINITION_SHAPE('Placement','Placement of an item',
  #8802);
#8802 = NEXT_ASSEMBLY_USAGE_OCCURRENCE('17','U6','',#5,#8783,$);
#8803 = PRODUCT_RELATED_PRODUCT_CATEGORY('part',$,(#8785));
#8804 = SHAPE_DEFINITION_REPRESENTATION(#8805,#8811);
#8805 = PRODUCT_DEFINITION_SHAPE('','',#8806);
#8806 = PRODUCT_DEFINITION('design','',#8807,#8810);
#8807 = PRODUCT_DEFINITION_FORMATION('','',#8808);
#8808 = PRODUCT('SOT-23-6','SOT-23-6','',(#8809));
#8809 = PRODUCT_CONTEXT('',#2,'mechanical');
#8810 = PRODUCT_DEFINITION_CONTEXT('part definition',#2,'design');
#8811 = ADVANCED_BREP_SHAPE_REPRESENTATION('',(#11,#8812),#12348);
#8812 = MANIFOLD_SOLID_BREP('',#8813);
#8813 = CLOSED_SHELL('',(#8814,#8852,#8915,#8938,#8967,#8990,#9061,#9132
    ,#9155,#9178,#9195,#9218,#9306,#9322,#9352,#9383,#9414,#9445,#9476,
    #9507,#9524,#9541,#9572,#9603,#9634,#9665,#9696,#9726,#9749,#9772,
    #9789,#9834,#9904,#9927,#9950,#9973,#10044,#10082,#10131,#10223,
    #10248,#10332,#10354,#10446,#10471,#10555,#10572,#10657,#10682,
    #10759,#10844,#10869,#10946,#10963,#11055,#11080,#11164,#11186,
    #11278,#11303,#11387,#11404,#11423,#11442,#11488,#11504,#11523,
    #11542,#11558,#11575,#11587,#11604,#11621,#11638,#11655,#11672,
    #11689,#11706,#11718,#11735,#11752,#11769,#11786,#11803,#11820,
    #11837,#11849,#11866,#11883,#11900,#11917,#11934,#11951,#11963,
    #11980,#11997,#12014,#12031,#12048,#12065,#12077,#12094,#12111,
    #12128,#12145,#12162,#12179,#12196,#12208,#12225,#12242,#12259,
    #12276,#12293,#12310,#12327,#12339));
#8814 = ADVANCED_FACE('',(#8815),#8847,.F.);
#8815 = FACE_BOUND('',#8816,.F.);
#8816 = EDGE_LOOP('',(#8817,#8827,#8834,#8842));
#8817 = ORIENTED_EDGE('',*,*,#8818,.T.);
#8818 = EDGE_CURVE('',#8819,#8821,#8823,.T.);
#8819 = VERTEX_POINT('',#8820);
#8820 = CARTESIAN_POINT('',(-0.659324228722,1.358648457443,0.1));
#8821 = VERTEX_POINT('',#8822);
#8822 = CARTESIAN_POINT('',(0.659324228722,1.358648457443,0.1));
#8823 = LINE('',#8824,#8825);
#8824 = CARTESIAN_POINT('',(-0.659324228722,1.358648457443,0.1));
#8825 = VECTOR('',#8826,1.);
#8826 = DIRECTION('',(1.,1.110223024625E-16,0.));
#8827 = ORIENTED_EDGE('',*,*,#8828,.T.);
#8828 = EDGE_CURVE('',#8821,#8829,#8831,.T.);
#8829 = VERTEX_POINT('',#8830);
#8830 = CARTESIAN_POINT('',(0.705,1.45,0.75));
#8831 = B_SPLINE_CURVE_WITH_KNOTS('',1,(#8832,#8833),.UNSPECIFIED.,.F.,
  .F.,(2,2),(0.,1.),.PIECEWISE_BEZIER_KNOTS.);
#8832 = CARTESIAN_POINT('',(0.659324228722,1.358648457443,0.1));
#8833 = CARTESIAN_POINT('',(0.705,1.45,0.75));
#8834 = ORIENTED_EDGE('',*,*,#8835,.F.);
#8835 = EDGE_CURVE('',#8836,#8829,#8838,.T.);
#8836 = VERTEX_POINT('',#8837);
#8837 = CARTESIAN_POINT('',(-0.705,1.45,0.75));
#8838 = LINE('',#8839,#8840);
#8839 = CARTESIAN_POINT('',(-0.705,1.45,0.75));
#8840 = VECTOR('',#8841,1.);
#8841 = DIRECTION('',(1.,1.110223024625E-16,0.));
#8842 = ORIENTED_EDGE('',*,*,#8843,.F.);
#8843 = EDGE_CURVE('',#8819,#8836,#8844,.T.);
#8844 = B_SPLINE_CURVE_WITH_KNOTS('',1,(#8845,#8846),.UNSPECIFIED.,.F.,
  .F.,(2,2),(0.,1.),.PIECEWISE_BEZIER_KNOTS.);
#8845 = CARTESIAN_POINT('',(-0.659324228722,1.358648457443,0.1));
#8846 = CARTESIAN_POINT('',(-0.705,1.45,0.75));
#8847 = B_SPLINE_SURFACE_WITH_KNOTS('',1,1,(
    (#8848,#8849)
    ,(#8850,#8851
    )),.UNSPECIFIED.,.F.,.F.,.F.,(2,2),(2,2),(0.,1.41),(0.,1.),
  .PIECEWISE_BEZIER_KNOTS.);
#8848 = CARTESIAN_POINT('',(-0.659324228722,1.358648457443,0.1));
#8849 = CARTESIAN_POINT('',(-0.705,1.45,0.75));
#8850 = CARTESIAN_POINT('',(0.659324228722,1.358648457443,0.1));
#8851 = CARTESIAN_POINT('',(0.705,1.45,0.75));
#8852 = ADVANCED_FACE('',(#8853),#8910,.F.);
#8853 = FACE_BOUND('',#8854,.T.);
#8854 = EDGE_LOOP('',(#8855,#8856,#8864,#8872,#8880,#8888,#8896,#8904));
#8855 = ORIENTED_EDGE('',*,*,#8818,.T.);
#8856 = ORIENTED_EDGE('',*,*,#8857,.T.);
#8857 = EDGE_CURVE('',#8821,#8858,#8860,.T.);
#8858 = VERTEX_POINT('',#8859);
#8859 = CARTESIAN_POINT('',(0.708648457443,1.309324228722,0.1));
#8860 = LINE('',#8861,#8862);
#8861 = CARTESIAN_POINT('',(0.659324228722,1.358648457443,0.1));
#8862 = VECTOR('',#8863,1.);
#8863 = DIRECTION('',(0.707106781187,-0.707106781187,0.));
#8864 = ORIENTED_EDGE('',*,*,#8865,.T.);
#8865 = EDGE_CURVE('',#8858,#8866,#8868,.T.);
#8866 = VERTEX_POINT('',#8867);
#8867 = CARTESIAN_POINT('',(0.708648457443,-1.309324228722,0.1));
#8868 = LINE('',#8869,#8870);
#8869 = CARTESIAN_POINT('',(0.708648457443,1.309324228722,0.1));
#8870 = VECTOR('',#8871,1.);
#8871 = DIRECTION('',(1.110223024625E-16,-1.,0.));
#8872 = ORIENTED_EDGE('',*,*,#8873,.T.);
#8873 = EDGE_CURVE('',#8866,#8874,#8876,.T.);
#8874 = VERTEX_POINT('',#8875);
#8875 = CARTESIAN_POINT('',(0.659324228722,-1.358648457443,0.1));
#8876 = LINE('',#8877,#8878);
#8877 = CARTESIAN_POINT('',(0.708648457443,-1.309324228722,0.1));
#8878 = VECTOR('',#8879,1.);
#8879 = DIRECTION('',(-0.707106781187,-0.707106781187,0.));
#8880 = ORIENTED_EDGE('',*,*,#8881,.T.);
#8881 = EDGE_CURVE('',#8874,#8882,#8884,.T.);
#8882 = VERTEX_POINT('',#8883);
#8883 = CARTESIAN_POINT('',(-0.659324228722,-1.358648457443,0.1));
#8884 = LINE('',#8885,#8886);
#8885 = CARTESIAN_POINT('',(0.659324228722,-1.358648457443,0.1));
#8886 = VECTOR('',#8887,1.);
#8887 = DIRECTION('',(-1.,-1.110223024625E-16,0.));
#8888 = ORIENTED_EDGE('',*,*,#8889,.T.);
#8889 = EDGE_CURVE('',#8882,#8890,#8892,.T.);
#8890 = VERTEX_POINT('',#8891);
#8891 = CARTESIAN_POINT('',(-0.708648457443,-1.309324228722,0.1));
#8892 = LINE('',#8893,#8894);
#8893 = CARTESIAN_POINT('',(-0.659324228722,-1.358648457443,0.1));
#8894 = VECTOR('',#8895,1.);
#8895 = DIRECTION('',(-0.707106781187,0.707106781187,0.));
#8896 = ORIENTED_EDGE('',*,*,#8897,.T.);
#8897 = EDGE_CURVE('',#8890,#8898,#8900,.T.);
#8898 = VERTEX_POINT('',#8899);
#8899 = CARTESIAN_POINT('',(-0.708648457443,1.309324228722,0.1));
#8900 = LINE('',#8901,#8902);
#8901 = CARTESIAN_POINT('',(-0.708648457443,-1.309324228722,0.1));
#8902 = VECTOR('',#8903,1.);
#8903 = DIRECTION('',(-1.110223024625E-16,1.,0.));
#8904 = ORIENTED_EDGE('',*,*,#8905,.T.);
#8905 = EDGE_CURVE('',#8898,#8819,#8906,.T.);
#8906 = LINE('',#8907,#8908);
#8907 = CARTESIAN_POINT('',(-0.708648457443,1.309324228722,0.1));
#8908 = VECTOR('',#8909,1.);
#8909 = DIRECTION('',(0.707106781187,0.707106781187,0.));
#8910 = PLANE('',#8911);
#8911 = AXIS2_PLACEMENT_3D('',#8912,#8913,#8914);
#8912 = CARTESIAN_POINT('',(-0.659324228722,1.358648457443,0.1));
#8913 = DIRECTION('',(0.,0.,1.));
#8914 = DIRECTION('',(0.436587433964,-0.899661832304,0.));
#8915 = ADVANCED_FACE('',(#8916),#8933,.F.);
#8916 = FACE_BOUND('',#8917,.F.);
#8917 = EDGE_LOOP('',(#8918,#8919,#8926,#8932));
#8918 = ORIENTED_EDGE('',*,*,#8857,.T.);
#8919 = ORIENTED_EDGE('',*,*,#8920,.T.);
#8920 = EDGE_CURVE('',#8858,#8921,#8923,.T.);
#8921 = VERTEX_POINT('',#8922);
#8922 = CARTESIAN_POINT('',(0.8,1.355,0.75));
#8923 = B_SPLINE_CURVE_WITH_KNOTS('',1,(#8924,#8925),.UNSPECIFIED.,.F.,
  .F.,(2,2),(0.,1.),.PIECEWISE_BEZIER_KNOTS.);
#8924 = CARTESIAN_POINT('',(0.708648457443,1.309324228722,0.1));
#8925 = CARTESIAN_POINT('',(0.8,1.355,0.75));
#8926 = ORIENTED_EDGE('',*,*,#8927,.F.);
#8927 = EDGE_CURVE('',#8829,#8921,#8928,.T.);
#8928 = LINE('',#8929,#8930);
#8929 = CARTESIAN_POINT('',(0.705,1.45,0.75));
#8930 = VECTOR('',#8931,1.);
#8931 = DIRECTION('',(0.707106781187,-0.707106781187,0.));
#8932 = ORIENTED_EDGE('',*,*,#8828,.F.);
#8933 = B_SPLINE_SURFACE_WITH_KNOTS('',1,1,(
    (#8934,#8935)
    ,(#8936,#8937
    )),.UNSPECIFIED.,.F.,.F.,.F.,(2,2),(2,2),(0.,0.134350288425),(0.,1.)
  ,.PIECEWISE_BEZIER_KNOTS.);
#8934 = CARTESIAN_POINT('',(0.659324228722,1.358648457443,0.1));
#8935 = CARTESIAN_POINT('',(0.705,1.45,0.75));
#8936 = CARTESIAN_POINT('',(0.708648457443,1.309324228722,0.1));
#8937 = CARTESIAN_POINT('',(0.8,1.355,0.75));
#8938 = ADVANCED_FACE('',(#8939),#8962,.F.);
#8939 = FACE_BOUND('',#8940,.F.);
#8940 = EDGE_LOOP('',(#8941,#8942,#8949,#8957));
#8941 = ORIENTED_EDGE('',*,*,#8835,.T.);
#8942 = ORIENTED_EDGE('',*,*,#8943,.T.);
#8943 = EDGE_CURVE('',#8829,#8944,#8946,.T.);
#8944 = VERTEX_POINT('',#8945);
#8945 = CARTESIAN_POINT('',(0.705,1.45,0.9));
#8946 = B_SPLINE_CURVE_WITH_KNOTS('',1,(#8947,#8948),.UNSPECIFIED.,.F.,
  .F.,(2,2),(0.,1.),.PIECEWISE_BEZIER_KNOTS.);
#8947 = CARTESIAN_POINT('',(0.705,1.45,0.75));
#8948 = CARTESIAN_POINT('',(0.705,1.45,0.9));
#8949 = ORIENTED_EDGE('',*,*,#8950,.F.);
#8950 = EDGE_CURVE('',#8951,#8944,#8953,.T.);
#8951 = VERTEX_POINT('',#8952);
#8952 = CARTESIAN_POINT('',(-0.705,1.45,0.9));
#8953 = LINE('',#8954,#8955);
#8954 = CARTESIAN_POINT('',(-0.705,1.45,0.9));
#8955 = VECTOR('',#8956,1.);
#8956 = DIRECTION('',(1.,1.110223024625E-16,0.));
#8957 = ORIENTED_EDGE('',*,*,#8958,.F.);
#8958 = EDGE_CURVE('',#8836,#8951,#8959,.T.);
#8959 = B_SPLINE_CURVE_WITH_KNOTS('',1,(#8960,#8961),.UNSPECIFIED.,.F.,
  .F.,(2,2),(0.,1.),.PIECEWISE_BEZIER_KNOTS.);
#8960 = CARTESIAN_POINT('',(-0.705,1.45,0.75));
#8961 = CARTESIAN_POINT('',(-0.705,1.45,0.9));
#8962 = PLANE('',#8963);
#8963 = AXIS2_PLACEMENT_3D('',#8964,#8965,#8966);
#8964 = CARTESIAN_POINT('',(-0.705,1.45,0.9));
#8965 = DIRECTION('',(1.110223024625E-16,-1.,0.));
#8966 = DIRECTION('',(1.,1.110223024625E-16,0.));
#8967 = ADVANCED_FACE('',(#8968),#8985,.F.);
#8968 = FACE_BOUND('',#8969,.F.);
#8969 = EDGE_LOOP('',(#8970,#8971,#8972,#8980));
#8970 = ORIENTED_EDGE('',*,*,#8905,.T.);
#8971 = ORIENTED_EDGE('',*,*,#8843,.T.);
#8972 = ORIENTED_EDGE('',*,*,#8973,.F.);
#8973 = EDGE_CURVE('',#8974,#8836,#8976,.T.);
#8974 = VERTEX_POINT('',#8975);
#8975 = CARTESIAN_POINT('',(-0.8,1.355,0.75));
#8976 = LINE('',#8977,#8978);
#8977 = CARTESIAN_POINT('',(-0.8,1.355,0.75));
#8978 = VECTOR('',#8979,1.);
#8979 = DIRECTION('',(0.707106781187,0.707106781187,0.));
#8980 = ORIENTED_EDGE('',*,*,#8981,.F.);
#8981 = EDGE_CURVE('',#8898,#8974,#8982,.T.);
#8982 = B_SPLINE_CURVE_WITH_KNOTS('',1,(#8983,#8984),.UNSPECIFIED.,.F.,
  .F.,(2,2),(0.,1.),.PIECEWISE_BEZIER_KNOTS.);
#8983 = CARTESIAN_POINT('',(-0.708648457443,1.309324228722,0.1));
#8984 = CARTESIAN_POINT('',(-0.8,1.355,0.75));
#8985 = B_SPLINE_SURFACE_WITH_KNOTS('',1,1,(
    (#8986,#8987)
    ,(#8988,#8989
    )),.UNSPECIFIED.,.F.,.F.,.F.,(2,2),(2,2),(0.,0.134350288425),(0.,1.)
  ,.PIECEWISE_BEZIER_KNOTS.);
#8986 = CARTESIAN_POINT('',(-0.708648457443,1.309324228722,0.1));
#8987 = CARTESIAN_POINT('',(-0.8,1.355,0.75));
#8988 = CARTESIAN_POINT('',(-0.659324228722,1.358648457443,0.1));
#8989 = CARTESIAN_POINT('',(-0.705,1.45,0.75));
#8990 = ADVANCED_FACE('',(#8991),#9056,.F.);
#8991 = FACE_BOUND('',#8992,.F.);
#8992 = EDGE_LOOP('',(#8993,#8994,#8995,#9003,#9011,#9019,#9027,#9035,
    #9043,#9051));
#8993 = ORIENTED_EDGE('',*,*,#8897,.T.);
#8994 = ORIENTED_EDGE('',*,*,#8981,.T.);
#8995 = ORIENTED_EDGE('',*,*,#8996,.F.);
#8996 = EDGE_CURVE('',#8997,#8974,#8999,.T.);
#8997 = VERTEX_POINT('',#8998);
#8998 = CARTESIAN_POINT('',(-0.8,1.2,0.75));
#8999 = LINE('',#9000,#9001);
#9000 = CARTESIAN_POINT('',(-0.8,-1.355,0.75));
#9001 = VECTOR('',#9002,1.);
#9002 = DIRECTION('',(-1.110223024625E-16,1.,0.));
#9003 = ORIENTED_EDGE('',*,*,#9004,.F.);
#9004 = EDGE_CURVE('',#9005,#8997,#9007,.T.);
#9005 = VERTEX_POINT('',#9006);
#9006 = CARTESIAN_POINT('',(-0.8,0.7,0.75));
#9007 = LINE('',#9008,#9009);
#9008 = CARTESIAN_POINT('',(-0.8,-1.355,0.75));
#9009 = VECTOR('',#9010,1.);
#9010 = DIRECTION('',(-1.110223024625E-16,1.,0.));
#9011 = ORIENTED_EDGE('',*,*,#9012,.F.);
#9012 = EDGE_CURVE('',#9013,#9005,#9015,.T.);
#9013 = VERTEX_POINT('',#9014);
#9014 = CARTESIAN_POINT('',(-0.8,0.25,0.75));
#9015 = LINE('',#9016,#9017);
#9016 = CARTESIAN_POINT('',(-0.8,-1.355,0.75));
#9017 = VECTOR('',#9018,1.);
#9018 = DIRECTION('',(-1.110223024625E-16,1.,0.));
#9019 = ORIENTED_EDGE('',*,*,#9020,.F.);
#9020 = EDGE_CURVE('',#9021,#9013,#9023,.T.);
#9021 = VERTEX_POINT('',#9022);
#9022 = CARTESIAN_POINT('',(-0.8,-0.25,0.75));
#9023 = LINE('',#9024,#9025);
#9024 = CARTESIAN_POINT('',(-0.8,-1.355,0.75));
#9025 = VECTOR('',#9026,1.);
#9026 = DIRECTION('',(-1.110223024625E-16,1.,0.));
#9027 = ORIENTED_EDGE('',*,*,#9028,.F.);
#9028 = EDGE_CURVE('',#9029,#9021,#9031,.T.);
#9029 = VERTEX_POINT('',#9030);
#9030 = CARTESIAN_POINT('',(-0.8,-0.7,0.75));
#9031 = LINE('',#9032,#9033);
#9032 = CARTESIAN_POINT('',(-0.8,-1.355,0.75));
#9033 = VECTOR('',#9034,1.);
#9034 = DIRECTION('',(-1.110223024625E-16,1.,0.));
#9035 = ORIENTED_EDGE('',*,*,#9036,.F.);
#9036 = EDGE_CURVE('',#9037,#9029,#9039,.T.);
#9037 = VERTEX_POINT('',#9038);
#9038 = CARTESIAN_POINT('',(-0.8,-1.2,0.75));
#9039 = LINE('',#9040,#9041);
#9040 = CARTESIAN_POINT('',(-0.8,-1.355,0.75));
#9041 = VECTOR('',#9042,1.);
#9042 = DIRECTION('',(-1.110223024625E-16,1.,0.));
#9043 = ORIENTED_EDGE('',*,*,#9044,.F.);
#9044 = EDGE_CURVE('',#9045,#9037,#9047,.T.);
#9045 = VERTEX_POINT('',#9046);
#9046 = CARTESIAN_POINT('',(-0.8,-1.355,0.75));
#9047 = LINE('',#9048,#9049);
#9048 = CARTESIAN_POINT('',(-0.8,-1.355,0.75));
#9049 = VECTOR('',#9050,1.);
#9050 = DIRECTION('',(-1.110223024625E-16,1.,0.));
#9051 = ORIENTED_EDGE('',*,*,#9052,.F.);
#9052 = EDGE_CURVE('',#8890,#9045,#9053,.T.);
#9053 = B_SPLINE_CURVE_WITH_KNOTS('',1,(#9054,#9055),.UNSPECIFIED.,.F.,
  .F.,(2,2),(0.,1.),.PIECEWISE_BEZIER_KNOTS.);
#9054 = CARTESIAN_POINT('',(-0.708648457443,-1.309324228722,0.1));
#9055 = CARTESIAN_POINT('',(-0.8,-1.355,0.75));
#9056 = B_SPLINE_SURFACE_WITH_KNOTS('',1,1,(
    (#9057,#9058)
    ,(#9059,#9060
    )),.UNSPECIFIED.,.F.,.F.,.F.,(2,2),(2,2),(0.,2.71),(0.,1.),
  .PIECEWISE_BEZIER_KNOTS.);
#9057 = CARTESIAN_POINT('',(-0.708648457443,-1.309324228722,0.1));
#9058 = CARTESIAN_POINT('',(-0.8,-1.355,0.75));
#9059 = CARTESIAN_POINT('',(-0.708648457443,1.309324228722,0.1));
#9060 = CARTESIAN_POINT('',(-0.8,1.355,0.75));
#9061 = ADVANCED_FACE('',(#9062),#9127,.F.);
#9062 = FACE_BOUND('',#9063,.F.);
#9063 = EDGE_LOOP('',(#9064,#9065,#9072,#9080,#9088,#9096,#9104,#9112,
    #9120,#9126));
#9064 = ORIENTED_EDGE('',*,*,#8865,.T.);
#9065 = ORIENTED_EDGE('',*,*,#9066,.T.);
#9066 = EDGE_CURVE('',#8866,#9067,#9069,.T.);
#9067 = VERTEX_POINT('',#9068);
#9068 = CARTESIAN_POINT('',(0.8,-1.355,0.75));
#9069 = B_SPLINE_CURVE_WITH_KNOTS('',1,(#9070,#9071),.UNSPECIFIED.,.F.,
  .F.,(2,2),(0.,1.),.PIECEWISE_BEZIER_KNOTS.);
#9070 = CARTESIAN_POINT('',(0.708648457443,-1.309324228722,0.1));
#9071 = CARTESIAN_POINT('',(0.8,-1.355,0.75));
#9072 = ORIENTED_EDGE('',*,*,#9073,.F.);
#9073 = EDGE_CURVE('',#9074,#9067,#9076,.T.);
#9074 = VERTEX_POINT('',#9075);
#9075 = CARTESIAN_POINT('',(0.8,-1.2,0.75));
#9076 = LINE('',#9077,#9078);
#9077 = CARTESIAN_POINT('',(0.8,1.355,0.75));
#9078 = VECTOR('',#9079,1.);
#9079 = DIRECTION('',(1.110223024625E-16,-1.,0.));
#9080 = ORIENTED_EDGE('',*,*,#9081,.F.);
#9081 = EDGE_CURVE('',#9082,#9074,#9084,.T.);
#9082 = VERTEX_POINT('',#9083);
#9083 = CARTESIAN_POINT('',(0.8,-0.7,0.75));
#9084 = LINE('',#9085,#9086);
#9085 = CARTESIAN_POINT('',(0.8,1.355,0.75));
#9086 = VECTOR('',#9087,1.);
#9087 = DIRECTION('',(1.110223024625E-16,-1.,0.));
#9088 = ORIENTED_EDGE('',*,*,#9089,.F.);
#9089 = EDGE_CURVE('',#9090,#9082,#9092,.T.);
#9090 = VERTEX_POINT('',#9091);
#9091 = CARTESIAN_POINT('',(0.8,-0.25,0.75));
#9092 = LINE('',#9093,#9094);
#9093 = CARTESIAN_POINT('',(0.8,1.355,0.75));
#9094 = VECTOR('',#9095,1.);
#9095 = DIRECTION('',(1.110223024625E-16,-1.,0.));
#9096 = ORIENTED_EDGE('',*,*,#9097,.F.);
#9097 = EDGE_CURVE('',#9098,#9090,#9100,.T.);
#9098 = VERTEX_POINT('',#9099);
#9099 = CARTESIAN_POINT('',(0.8,0.25,0.75));
#9100 = LINE('',#9101,#9102);
#9101 = CARTESIAN_POINT('',(0.8,1.355,0.75));
#9102 = VECTOR('',#9103,1.);
#9103 = DIRECTION('',(1.110223024625E-16,-1.,0.));
#9104 = ORIENTED_EDGE('',*,*,#9105,.F.);
#9105 = EDGE_CURVE('',#9106,#9098,#9108,.T.);
#9106 = VERTEX_POINT('',#9107);
#9107 = CARTESIAN_POINT('',(0.8,0.7,0.75));
#9108 = LINE('',#9109,#9110);
#9109 = CARTESIAN_POINT('',(0.8,1.355,0.75));
#9110 = VECTOR('',#9111,1.);
#9111 = DIRECTION('',(1.110223024625E-16,-1.,0.));
#9112 = ORIENTED_EDGE('',*,*,#9113,.F.);
#9113 = EDGE_CURVE('',#9114,#9106,#9116,.T.);
#9114 = VERTEX_POINT('',#9115);
#9115 = CARTESIAN_POINT('',(0.8,1.2,0.75));
#9116 = LINE('',#9117,#9118);
#9117 = CARTESIAN_POINT('',(0.8,1.355,0.75));
#9118 = VECTOR('',#9119,1.);
#9119 = DIRECTION('',(1.110223024625E-16,-1.,0.));
#9120 = ORIENTED_EDGE('',*,*,#9121,.F.);
#9121 = EDGE_CURVE('',#8921,#9114,#9122,.T.);
#9122 = LINE('',#9123,#9124);
#9123 = CARTESIAN_POINT('',(0.8,1.355,0.75));
#9124 = VECTOR('',#9125,1.);
#9125 = DIRECTION('',(1.110223024625E-16,-1.,0.));
#9126 = ORIENTED_EDGE('',*,*,#8920,.F.);
#9127 = B_SPLINE_SURFACE_WITH_KNOTS('',1,1,(
    (#9128,#9129)
    ,(#9130,#9131
    )),.UNSPECIFIED.,.F.,.F.,.F.,(2,2),(2,2),(0.,2.71),(0.,1.),
  .PIECEWISE_BEZIER_KNOTS.);
#9128 = CARTESIAN_POINT('',(0.708648457443,1.309324228722,0.1));
#9129 = CARTESIAN_POINT('',(0.8,1.355,0.75));
#9130 = CARTESIAN_POINT('',(0.708648457443,-1.309324228722,0.1));
#9131 = CARTESIAN_POINT('',(0.8,-1.355,0.75));
#9132 = ADVANCED_FACE('',(#9133),#9150,.F.);
#9133 = FACE_BOUND('',#9134,.F.);
#9134 = EDGE_LOOP('',(#9135,#9136,#9137,#9145));
#9135 = ORIENTED_EDGE('',*,*,#8889,.T.);
#9136 = ORIENTED_EDGE('',*,*,#9052,.T.);
#9137 = ORIENTED_EDGE('',*,*,#9138,.F.);
#9138 = EDGE_CURVE('',#9139,#9045,#9141,.T.);
#9139 = VERTEX_POINT('',#9140);
#9140 = CARTESIAN_POINT('',(-0.705,-1.45,0.75));
#9141 = LINE('',#9142,#9143);
#9142 = CARTESIAN_POINT('',(-0.705,-1.45,0.75));
#9143 = VECTOR('',#9144,1.);
#9144 = DIRECTION('',(-0.707106781187,0.707106781187,0.));
#9145 = ORIENTED_EDGE('',*,*,#9146,.F.);
#9146 = EDGE_CURVE('',#8882,#9139,#9147,.T.);
#9147 = B_SPLINE_CURVE_WITH_KNOTS('',1,(#9148,#9149),.UNSPECIFIED.,.F.,
  .F.,(2,2),(0.,1.),.PIECEWISE_BEZIER_KNOTS.);
#9148 = CARTESIAN_POINT('',(-0.659324228722,-1.358648457443,0.1));
#9149 = CARTESIAN_POINT('',(-0.705,-1.45,0.75));
#9150 = B_SPLINE_SURFACE_WITH_KNOTS('',1,1,(
    (#9151,#9152)
    ,(#9153,#9154
    )),.UNSPECIFIED.,.F.,.F.,.F.,(2,2),(2,2),(0.,0.134350288425),(0.,1.)
  ,.PIECEWISE_BEZIER_KNOTS.);
#9151 = CARTESIAN_POINT('',(-0.659324228722,-1.358648457443,0.1));
#9152 = CARTESIAN_POINT('',(-0.705,-1.45,0.75));
#9153 = CARTESIAN_POINT('',(-0.708648457443,-1.309324228722,0.1));
#9154 = CARTESIAN_POINT('',(-0.8,-1.355,0.75));
#9155 = ADVANCED_FACE('',(#9156),#9173,.F.);
#9156 = FACE_BOUND('',#9157,.F.);
#9157 = EDGE_LOOP('',(#9158,#9159,#9166,#9172));
#9158 = ORIENTED_EDGE('',*,*,#8873,.T.);
#9159 = ORIENTED_EDGE('',*,*,#9160,.T.);
#9160 = EDGE_CURVE('',#8874,#9161,#9163,.T.);
#9161 = VERTEX_POINT('',#9162);
#9162 = CARTESIAN_POINT('',(0.705,-1.45,0.75));
#9163 = B_SPLINE_CURVE_WITH_KNOTS('',1,(#9164,#9165),.UNSPECIFIED.,.F.,
  .F.,(2,2),(0.,1.),.PIECEWISE_BEZIER_KNOTS.);
#9164 = CARTESIAN_POINT('',(0.659324228722,-1.358648457443,0.1));
#9165 = CARTESIAN_POINT('',(0.705,-1.45,0.75));
#9166 = ORIENTED_EDGE('',*,*,#9167,.F.);
#9167 = EDGE_CURVE('',#9067,#9161,#9168,.T.);
#9168 = LINE('',#9169,#9170);
#9169 = CARTESIAN_POINT('',(0.8,-1.355,0.75));
#9170 = VECTOR('',#9171,1.);
#9171 = DIRECTION('',(-0.707106781187,-0.707106781187,0.));
#9172 = ORIENTED_EDGE('',*,*,#9066,.F.);
#9173 = B_SPLINE_SURFACE_WITH_KNOTS('',1,1,(
    (#9174,#9175)
    ,(#9176,#9177
    )),.UNSPECIFIED.,.F.,.F.,.F.,(2,2),(2,2),(0.,0.134350288425),(0.,1.)
  ,.PIECEWISE_BEZIER_KNOTS.);
#9174 = CARTESIAN_POINT('',(0.708648457443,-1.309324228722,0.1));
#9175 = CARTESIAN_POINT('',(0.8,-1.355,0.75));
#9176 = CARTESIAN_POINT('',(0.659324228722,-1.358648457443,0.1));
#9177 = CARTESIAN_POINT('',(0.705,-1.45,0.75));
#9178 = ADVANCED_FACE('',(#9179),#9190,.F.);
#9179 = FACE_BOUND('',#9180,.F.);
#9180 = EDGE_LOOP('',(#9181,#9182,#9183,#9189));
#9181 = ORIENTED_EDGE('',*,*,#8881,.T.);
#9182 = ORIENTED_EDGE('',*,*,#9146,.T.);
#9183 = ORIENTED_EDGE('',*,*,#9184,.F.);
#9184 = EDGE_CURVE('',#9161,#9139,#9185,.T.);
#9185 = LINE('',#9186,#9187);
#9186 = CARTESIAN_POINT('',(0.705,-1.45,0.75));
#9187 = VECTOR('',#9188,1.);
#9188 = DIRECTION('',(-1.,-1.110223024625E-16,0.));
#9189 = ORIENTED_EDGE('',*,*,#9160,.F.);
#9190 = B_SPLINE_SURFACE_WITH_KNOTS('',1,1,(
    (#9191,#9192)
    ,(#9193,#9194
    )),.UNSPECIFIED.,.F.,.F.,.F.,(2,2),(2,2),(0.,1.41),(0.,1.),
  .PIECEWISE_BEZIER_KNOTS.);
#9191 = CARTESIAN_POINT('',(0.659324228722,-1.358648457443,0.1));
#9192 = CARTESIAN_POINT('',(0.705,-1.45,0.75));
#9193 = CARTESIAN_POINT('',(-0.659324228722,-1.358648457443,0.1));
#9194 = CARTESIAN_POINT('',(-0.705,-1.45,0.75));
#9195 = ADVANCED_FACE('',(#9196),#9213,.F.);
#9196 = FACE_BOUND('',#9197,.F.);
#9197 = EDGE_LOOP('',(#9198,#9199,#9206,#9212));
#9198 = ORIENTED_EDGE('',*,*,#8927,.T.);
#9199 = ORIENTED_EDGE('',*,*,#9200,.T.);
#9200 = EDGE_CURVE('',#8921,#9201,#9203,.T.);
#9201 = VERTEX_POINT('',#9202);
#9202 = CARTESIAN_POINT('',(0.8,1.355,0.9));
#9203 = B_SPLINE_CURVE_WITH_KNOTS('',1,(#9204,#9205),.UNSPECIFIED.,.F.,
  .F.,(2,2),(0.,1.),.PIECEWISE_BEZIER_KNOTS.);
#9204 = CARTESIAN_POINT('',(0.8,1.355,0.75));
#9205 = CARTESIAN_POINT('',(0.8,1.355,0.9));
#9206 = ORIENTED_EDGE('',*,*,#9207,.F.);
#9207 = EDGE_CURVE('',#8944,#9201,#9208,.T.);
#9208 = LINE('',#9209,#9210);
#9209 = CARTESIAN_POINT('',(0.705,1.45,0.9));
#9210 = VECTOR('',#9211,1.);
#9211 = DIRECTION('',(0.707106781187,-0.707106781187,0.));
#9212 = ORIENTED_EDGE('',*,*,#8943,.F.);
#9213 = PLANE('',#9214);
#9214 = AXIS2_PLACEMENT_3D('',#9215,#9216,#9217);
#9215 = CARTESIAN_POINT('',(0.705,1.45,0.9));
#9216 = DIRECTION('',(-0.707106781187,-0.707106781187,0.));
#9217 = DIRECTION('',(0.707106781187,-0.707106781187,0.));
#9218 = ADVANCED_FACE('',(#9219),#9301,.F.);
#9219 = FACE_BOUND('',#9220,.F.);
#9220 = EDGE_LOOP('',(#9221,#9229,#9230,#9231,#9239,#9247,#9255,#9263,
    #9271,#9279,#9287,#9295));
#9221 = ORIENTED_EDGE('',*,*,#9222,.T.);
#9222 = EDGE_CURVE('',#9223,#8951,#9225,.T.);
#9223 = VERTEX_POINT('',#9224);
#9224 = CARTESIAN_POINT('',(-0.8,1.355,0.9));
#9225 = LINE('',#9226,#9227);
#9226 = CARTESIAN_POINT('',(-0.8,1.355,0.9));
#9227 = VECTOR('',#9228,1.);
#9228 = DIRECTION('',(0.707106781187,0.707106781187,0.));
#9229 = ORIENTED_EDGE('',*,*,#8950,.T.);
#9230 = ORIENTED_EDGE('',*,*,#9207,.T.);
#9231 = ORIENTED_EDGE('',*,*,#9232,.T.);
#9232 = EDGE_CURVE('',#9201,#9233,#9235,.T.);
#9233 = VERTEX_POINT('',#9234);
#9234 = CARTESIAN_POINT('',(0.8,1.2,0.9));
#9235 = LINE('',#9236,#9237);
#9236 = CARTESIAN_POINT('',(0.8,1.355,0.9));
#9237 = VECTOR('',#9238,1.);
#9238 = DIRECTION('',(1.110223024625E-16,-1.,0.));
#9239 = ORIENTED_EDGE('',*,*,#9240,.T.);
#9240 = EDGE_CURVE('',#9233,#9241,#9243,.T.);
#9241 = VERTEX_POINT('',#9242);
#9242 = CARTESIAN_POINT('',(0.775,1.2,0.9));
#9243 = LINE('',#9244,#9245);
#9244 = CARTESIAN_POINT('',(0.85,1.2,0.9));
#9245 = VECTOR('',#9246,1.);
#9246 = DIRECTION('',(-1.,-1.110223024625E-16,0.));
#9247 = ORIENTED_EDGE('',*,*,#9248,.F.);
#9248 = EDGE_CURVE('',#9249,#9241,#9251,.T.);
#9249 = VERTEX_POINT('',#9250);
#9250 = CARTESIAN_POINT('',(0.775,1.3425,0.9));
#9251 = LINE('',#9252,#9253);
#9252 = CARTESIAN_POINT('',(0.775,1.3425,0.9));
#9253 = VECTOR('',#9254,1.);
#9254 = DIRECTION('',(1.110223024625E-16,-1.,0.));
#9255 = ORIENTED_EDGE('',*,*,#9256,.F.);
#9256 = EDGE_CURVE('',#9257,#9249,#9259,.T.);
#9257 = VERTEX_POINT('',#9258);
#9258 = CARTESIAN_POINT('',(0.6925,1.425,0.9));
#9259 = LINE('',#9260,#9261);
#9260 = CARTESIAN_POINT('',(0.6925,1.425,0.9));
#9261 = VECTOR('',#9262,1.);
#9262 = DIRECTION('',(0.707106781187,-0.707106781187,0.));
#9263 = ORIENTED_EDGE('',*,*,#9264,.F.);
#9264 = EDGE_CURVE('',#9265,#9257,#9267,.T.);
#9265 = VERTEX_POINT('',#9266);
#9266 = CARTESIAN_POINT('',(-0.6925,1.425,0.9));
#9267 = LINE('',#9268,#9269);
#9268 = CARTESIAN_POINT('',(-0.6925,1.425,0.9));
#9269 = VECTOR('',#9270,1.);
#9270 = DIRECTION('',(1.,1.110223024625E-16,0.));
#9271 = ORIENTED_EDGE('',*,*,#9272,.F.);
#9272 = EDGE_CURVE('',#9273,#9265,#9275,.T.);
#9273 = VERTEX_POINT('',#9274);
#9274 = CARTESIAN_POINT('',(-0.775,1.3425,0.9));
#9275 = LINE('',#9276,#9277);
#9276 = CARTESIAN_POINT('',(-0.775,1.3425,0.9));
#9277 = VECTOR('',#9278,1.);
#9278 = DIRECTION('',(0.707106781187,0.707106781187,0.));
#9279 = ORIENTED_EDGE('',*,*,#9280,.F.);
#9280 = EDGE_CURVE('',#9281,#9273,#9283,.T.);
#9281 = VERTEX_POINT('',#9282);
#9282 = CARTESIAN_POINT('',(-0.775,1.2,0.9));
#9283 = LINE('',#9284,#9285);
#9284 = CARTESIAN_POINT('',(-0.775,-1.3425,0.9));
#9285 = VECTOR('',#9286,1.);
#9286 = DIRECTION('',(-1.110223024625E-16,1.,0.));
#9287 = ORIENTED_EDGE('',*,*,#9288,.F.);
#9288 = EDGE_CURVE('',#9289,#9281,#9291,.T.);
#9289 = VERTEX_POINT('',#9290);
#9290 = CARTESIAN_POINT('',(-0.8,1.2,0.9));
#9291 = LINE('',#9292,#9293);
#9292 = CARTESIAN_POINT('',(-0.85,1.2,0.9));
#9293 = VECTOR('',#9294,1.);
#9294 = DIRECTION('',(1.,-1.144237745222E-17,0.));
#9295 = ORIENTED_EDGE('',*,*,#9296,.T.);
#9296 = EDGE_CURVE('',#9289,#9223,#9297,.T.);
#9297 = LINE('',#9298,#9299);
#9298 = CARTESIAN_POINT('',(-0.8,-1.355,0.9));
#9299 = VECTOR('',#9300,1.);
#9300 = DIRECTION('',(-1.110223024625E-16,1.,0.));
#9301 = PLANE('',#9302);
#9302 = AXIS2_PLACEMENT_3D('',#9303,#9304,#9305);
#9303 = CARTESIAN_POINT('',(-2.091417030376E-16,1.4375,0.9));
#9304 = DIRECTION('',(4.595758349624E-18,6.551522493592E-27,-1.));
#9305 = DIRECTION('',(1.,1.51922136901E-16,4.595758349624E-18));
#9306 = ADVANCED_FACE('',(#9307),#9317,.F.);
#9307 = FACE_BOUND('',#9308,.F.);
#9308 = EDGE_LOOP('',(#9309,#9310,#9311,#9312));
#9309 = ORIENTED_EDGE('',*,*,#8973,.T.);
#9310 = ORIENTED_EDGE('',*,*,#8958,.T.);
#9311 = ORIENTED_EDGE('',*,*,#9222,.F.);
#9312 = ORIENTED_EDGE('',*,*,#9313,.F.);
#9313 = EDGE_CURVE('',#8974,#9223,#9314,.T.);
#9314 = B_SPLINE_CURVE_WITH_KNOTS('',1,(#9315,#9316),.UNSPECIFIED.,.F.,
  .F.,(2,2),(0.,1.),.PIECEWISE_BEZIER_KNOTS.);
#9315 = CARTESIAN_POINT('',(-0.8,1.355,0.75));
#9316 = CARTESIAN_POINT('',(-0.8,1.355,0.9));
#9317 = PLANE('',#9318);
#9318 = AXIS2_PLACEMENT_3D('',#9319,#9320,#9321);
#9319 = CARTESIAN_POINT('',(-0.8,1.355,0.9));
#9320 = DIRECTION('',(0.707106781187,-0.707106781187,0.));
#9321 = DIRECTION('',(0.707106781187,0.707106781187,0.));
#9322 = ADVANCED_FACE('',(#9323),#9347,.F.);
#9323 = FACE_BOUND('',#9324,.F.);
#9324 = EDGE_LOOP('',(#9325,#9332,#9333,#9341));
#9325 = ORIENTED_EDGE('',*,*,#9326,.F.);
#9326 = EDGE_CURVE('',#9045,#9327,#9329,.T.);
#9327 = VERTEX_POINT('',#9328);
#9328 = CARTESIAN_POINT('',(-0.8,-1.355,0.9));
#9329 = B_SPLINE_CURVE_WITH_KNOTS('',1,(#9330,#9331),.UNSPECIFIED.,.F.,
  .F.,(2,2),(0.,1.),.PIECEWISE_BEZIER_KNOTS.);
#9330 = CARTESIAN_POINT('',(-0.8,-1.355,0.75));
#9331 = CARTESIAN_POINT('',(-0.8,-1.355,0.9));
#9332 = ORIENTED_EDGE('',*,*,#9044,.T.);
#9333 = ORIENTED_EDGE('',*,*,#9334,.T.);
#9334 = EDGE_CURVE('',#9037,#9335,#9337,.T.);
#9335 = VERTEX_POINT('',#9336);
#9336 = CARTESIAN_POINT('',(-0.8,-1.2,0.9));
#9337 = LINE('',#9338,#9339);
#9338 = CARTESIAN_POINT('',(-0.8,-1.2,0.670847817658));
#9339 = VECTOR('',#9340,1.);
#9340 = DIRECTION('',(0.,0.,1.));
#9341 = ORIENTED_EDGE('',*,*,#9342,.F.);
#9342 = EDGE_CURVE('',#9327,#9335,#9343,.T.);
#9343 = LINE('',#9344,#9345);
#9344 = CARTESIAN_POINT('',(-0.8,-1.355,0.9));
#9345 = VECTOR('',#9346,1.);
#9346 = DIRECTION('',(-1.110223024625E-16,1.,0.));
#9347 = PLANE('',#9348);
#9348 = AXIS2_PLACEMENT_3D('',#9349,#9350,#9351);
#9349 = CARTESIAN_POINT('',(-0.8,-1.355,0.9));
#9350 = DIRECTION('',(1.,1.110223024625E-16,0.));
#9351 = DIRECTION('',(-1.110223024625E-16,1.,0.));
#9352 = ADVANCED_FACE('',(#9353),#9378,.F.);
#9353 = FACE_BOUND('',#9354,.F.);
#9354 = EDGE_LOOP('',(#9355,#9363,#9364,#9372));
#9355 = ORIENTED_EDGE('',*,*,#9356,.F.);
#9356 = EDGE_CURVE('',#9037,#9357,#9359,.T.);
#9357 = VERTEX_POINT('',#9358);
#9358 = CARTESIAN_POINT('',(-0.85,-1.2,0.75));
#9359 = LINE('',#9360,#9361);
#9360 = CARTESIAN_POINT('',(-0.75,-1.2,0.75));
#9361 = VECTOR('',#9362,1.);
#9362 = DIRECTION('',(-1.,1.144237745222E-17,0.));
#9363 = ORIENTED_EDGE('',*,*,#9036,.T.);
#9364 = ORIENTED_EDGE('',*,*,#9365,.T.);
#9365 = EDGE_CURVE('',#9029,#9366,#9368,.T.);
#9366 = VERTEX_POINT('',#9367);
#9367 = CARTESIAN_POINT('',(-0.85,-0.7,0.75));
#9368 = LINE('',#9369,#9370);
#9369 = CARTESIAN_POINT('',(-0.75,-0.7,0.75));
#9370 = VECTOR('',#9371,1.);
#9371 = DIRECTION('',(-1.,1.144237745222E-17,0.));
#9372 = ORIENTED_EDGE('',*,*,#9373,.F.);
#9373 = EDGE_CURVE('',#9357,#9366,#9374,.T.);
#9374 = LINE('',#9375,#9376);
#9375 = CARTESIAN_POINT('',(-0.85,-1.2,0.75));
#9376 = VECTOR('',#9377,1.);
#9377 = DIRECTION('',(1.144237745222E-17,1.,0.));
#9378 = PLANE('',#9379);
#9379 = AXIS2_PLACEMENT_3D('',#9380,#9381,#9382);
#9380 = CARTESIAN_POINT('',(-0.75,-1.2,0.75));
#9381 = DIRECTION('',(0.,0.,1.));
#9382 = DIRECTION('',(-1.,1.144237745222E-17,0.));
#9383 = ADVANCED_FACE('',(#9384),#9409,.F.);
#9384 = FACE_BOUND('',#9385,.F.);
#9385 = EDGE_LOOP('',(#9386,#9394,#9395,#9403));
#9386 = ORIENTED_EDGE('',*,*,#9387,.F.);
#9387 = EDGE_CURVE('',#9029,#9388,#9390,.T.);
#9388 = VERTEX_POINT('',#9389);
#9389 = CARTESIAN_POINT('',(-0.8,-0.7,0.9));
#9390 = LINE('',#9391,#9392);
#9391 = CARTESIAN_POINT('',(-0.8,-0.7,0.670847817658));
#9392 = VECTOR('',#9393,1.);
#9393 = DIRECTION('',(0.,0.,1.));
#9394 = ORIENTED_EDGE('',*,*,#9028,.T.);
#9395 = ORIENTED_EDGE('',*,*,#9396,.T.);
#9396 = EDGE_CURVE('',#9021,#9397,#9399,.T.);
#9397 = VERTEX_POINT('',#9398);
#9398 = CARTESIAN_POINT('',(-0.8,-0.25,0.9));
#9399 = LINE('',#9400,#9401);
#9400 = CARTESIAN_POINT('',(-0.8,-0.25,0.670847817658));
#9401 = VECTOR('',#9402,1.);
#9402 = DIRECTION('',(0.,0.,1.));
#9403 = ORIENTED_EDGE('',*,*,#9404,.F.);
#9404 = EDGE_CURVE('',#9388,#9397,#9405,.T.);
#9405 = LINE('',#9406,#9407);
#9406 = CARTESIAN_POINT('',(-0.8,-1.355,0.9));
#9407 = VECTOR('',#9408,1.);
#9408 = DIRECTION('',(-1.110223024625E-16,1.,0.));
#9409 = PLANE('',#9410);
#9410 = AXIS2_PLACEMENT_3D('',#9411,#9412,#9413);
#9411 = CARTESIAN_POINT('',(-0.8,-1.355,0.9));
#9412 = DIRECTION('',(1.,1.110223024625E-16,0.));
#9413 = DIRECTION('',(-1.110223024625E-16,1.,0.));
#9414 = ADVANCED_FACE('',(#9415),#9440,.F.);
#9415 = FACE_BOUND('',#9416,.F.);
#9416 = EDGE_LOOP('',(#9417,#9425,#9426,#9434));
#9417 = ORIENTED_EDGE('',*,*,#9418,.F.);
#9418 = EDGE_CURVE('',#9021,#9419,#9421,.T.);
#9419 = VERTEX_POINT('',#9420);
#9420 = CARTESIAN_POINT('',(-0.85,-0.25,0.75));
#9421 = LINE('',#9422,#9423);
#9422 = CARTESIAN_POINT('',(-0.75,-0.25,0.75));
#9423 = VECTOR('',#9424,1.);
#9424 = DIRECTION('',(-1.,1.144237745222E-17,0.));
#9425 = ORIENTED_EDGE('',*,*,#9020,.T.);
#9426 = ORIENTED_EDGE('',*,*,#9427,.T.);
#9427 = EDGE_CURVE('',#9013,#9428,#9430,.T.);
#9428 = VERTEX_POINT('',#9429);
#9429 = CARTESIAN_POINT('',(-0.85,0.25,0.75));
#9430 = LINE('',#9431,#9432);
#9431 = CARTESIAN_POINT('',(-0.75,0.25,0.75));
#9432 = VECTOR('',#9433,1.);
#9433 = DIRECTION('',(-1.,1.144237745222E-17,0.));
#9434 = ORIENTED_EDGE('',*,*,#9435,.F.);
#9435 = EDGE_CURVE('',#9419,#9428,#9436,.T.);
#9436 = LINE('',#9437,#9438);
#9437 = CARTESIAN_POINT('',(-0.85,-0.25,0.75));
#9438 = VECTOR('',#9439,1.);
#9439 = DIRECTION('',(1.144237745222E-17,1.,0.));
#9440 = PLANE('',#9441);
#9441 = AXIS2_PLACEMENT_3D('',#9442,#9443,#9444);
#9442 = CARTESIAN_POINT('',(-0.75,-0.25,0.75));
#9443 = DIRECTION('',(0.,0.,1.));
#9444 = DIRECTION('',(-1.,1.144237745222E-17,0.));
#9445 = ADVANCED_FACE('',(#9446),#9471,.F.);
#9446 = FACE_BOUND('',#9447,.F.);
#9447 = EDGE_LOOP('',(#9448,#9456,#9457,#9465));
#9448 = ORIENTED_EDGE('',*,*,#9449,.F.);
#9449 = EDGE_CURVE('',#9013,#9450,#9452,.T.);
#9450 = VERTEX_POINT('',#9451);
#9451 = CARTESIAN_POINT('',(-0.8,0.25,0.9));
#9452 = LINE('',#9453,#9454);
#9453 = CARTESIAN_POINT('',(-0.8,0.25,0.670847817658));
#9454 = VECTOR('',#9455,1.);
#9455 = DIRECTION('',(0.,0.,1.));
#9456 = ORIENTED_EDGE('',*,*,#9012,.T.);
#9457 = ORIENTED_EDGE('',*,*,#9458,.T.);
#9458 = EDGE_CURVE('',#9005,#9459,#9461,.T.);
#9459 = VERTEX_POINT('',#9460);
#9460 = CARTESIAN_POINT('',(-0.8,0.7,0.9));
#9461 = LINE('',#9462,#9463);
#9462 = CARTESIAN_POINT('',(-0.8,0.7,0.670847817658));
#9463 = VECTOR('',#9464,1.);
#9464 = DIRECTION('',(0.,0.,1.));
#9465 = ORIENTED_EDGE('',*,*,#9466,.F.);
#9466 = EDGE_CURVE('',#9450,#9459,#9467,.T.);
#9467 = LINE('',#9468,#9469);
#9468 = CARTESIAN_POINT('',(-0.8,-1.355,0.9));
#9469 = VECTOR('',#9470,1.);
#9470 = DIRECTION('',(-1.110223024625E-16,1.,0.));
#9471 = PLANE('',#9472);
#9472 = AXIS2_PLACEMENT_3D('',#9473,#9474,#9475);
#9473 = CARTESIAN_POINT('',(-0.8,-1.355,0.9));
#9474 = DIRECTION('',(1.,1.110223024625E-16,0.));
#9475 = DIRECTION('',(-1.110223024625E-16,1.,0.));
#9476 = ADVANCED_FACE('',(#9477),#9502,.F.);
#9477 = FACE_BOUND('',#9478,.F.);
#9478 = EDGE_LOOP('',(#9479,#9487,#9488,#9496));
#9479 = ORIENTED_EDGE('',*,*,#9480,.F.);
#9480 = EDGE_CURVE('',#9005,#9481,#9483,.T.);
#9481 = VERTEX_POINT('',#9482);
#9482 = CARTESIAN_POINT('',(-0.85,0.7,0.75));
#9483 = LINE('',#9484,#9485);
#9484 = CARTESIAN_POINT('',(-0.75,0.7,0.75));
#9485 = VECTOR('',#9486,1.);
#9486 = DIRECTION('',(-1.,1.144237745222E-17,0.));
#9487 = ORIENTED_EDGE('',*,*,#9004,.T.);
#9488 = ORIENTED_EDGE('',*,*,#9489,.T.);
#9489 = EDGE_CURVE('',#8997,#9490,#9492,.T.);
#9490 = VERTEX_POINT('',#9491);
#9491 = CARTESIAN_POINT('',(-0.85,1.2,0.75));
#9492 = LINE('',#9493,#9494);
#9493 = CARTESIAN_POINT('',(-0.75,1.2,0.75));
#9494 = VECTOR('',#9495,1.);
#9495 = DIRECTION('',(-1.,1.144237745222E-17,0.));
#9496 = ORIENTED_EDGE('',*,*,#9497,.F.);
#9497 = EDGE_CURVE('',#9481,#9490,#9498,.T.);
#9498 = LINE('',#9499,#9500);
#9499 = CARTESIAN_POINT('',(-0.85,0.7,0.75));
#9500 = VECTOR('',#9501,1.);
#9501 = DIRECTION('',(1.144237745222E-17,1.,0.));
#9502 = PLANE('',#9503);
#9503 = AXIS2_PLACEMENT_3D('',#9504,#9505,#9506);
#9504 = CARTESIAN_POINT('',(-0.75,0.7,0.75));
#9505 = DIRECTION('',(0.,0.,1.));
#9506 = DIRECTION('',(-1.,1.144237745222E-17,0.));
#9507 = ADVANCED_FACE('',(#9508),#9519,.F.);
#9508 = FACE_BOUND('',#9509,.F.);
#9509 = EDGE_LOOP('',(#9510,#9516,#9517,#9518));
#9510 = ORIENTED_EDGE('',*,*,#9511,.F.);
#9511 = EDGE_CURVE('',#8997,#9289,#9512,.T.);
#9512 = LINE('',#9513,#9514);
#9513 = CARTESIAN_POINT('',(-0.8,1.2,0.670847817658));
#9514 = VECTOR('',#9515,1.);
#9515 = DIRECTION('',(0.,0.,1.));
#9516 = ORIENTED_EDGE('',*,*,#8996,.T.);
#9517 = ORIENTED_EDGE('',*,*,#9313,.T.);
#9518 = ORIENTED_EDGE('',*,*,#9296,.F.);
#9519 = PLANE('',#9520);
#9520 = AXIS2_PLACEMENT_3D('',#9521,#9522,#9523);
#9521 = CARTESIAN_POINT('',(-0.8,-1.355,0.9));
#9522 = DIRECTION('',(1.,1.110223024625E-16,0.));
#9523 = DIRECTION('',(-1.110223024625E-16,1.,0.));
#9524 = ADVANCED_FACE('',(#9525),#9536,.F.);
#9525 = FACE_BOUND('',#9526,.F.);
#9526 = EDGE_LOOP('',(#9527,#9528,#9529,#9535));
#9527 = ORIENTED_EDGE('',*,*,#9200,.F.);
#9528 = ORIENTED_EDGE('',*,*,#9121,.T.);
#9529 = ORIENTED_EDGE('',*,*,#9530,.T.);
#9530 = EDGE_CURVE('',#9114,#9233,#9531,.T.);
#9531 = LINE('',#9532,#9533);
#9532 = CARTESIAN_POINT('',(0.8,1.2,0.670847817658));
#9533 = VECTOR('',#9534,1.);
#9534 = DIRECTION('',(0.,0.,1.));
#9535 = ORIENTED_EDGE('',*,*,#9232,.F.);
#9536 = PLANE('',#9537);
#9537 = AXIS2_PLACEMENT_3D('',#9538,#9539,#9540);
#9538 = CARTESIAN_POINT('',(0.8,1.355,0.9));
#9539 = DIRECTION('',(-1.,-1.110223024625E-16,0.));
#9540 = DIRECTION('',(1.110223024625E-16,-1.,0.));
#9541 = ADVANCED_FACE('',(#9542),#9567,.F.);
#9542 = FACE_BOUND('',#9543,.F.);
#9543 = EDGE_LOOP('',(#9544,#9552,#9553,#9561));
#9544 = ORIENTED_EDGE('',*,*,#9545,.F.);
#9545 = EDGE_CURVE('',#9114,#9546,#9548,.T.);
#9546 = VERTEX_POINT('',#9547);
#9547 = CARTESIAN_POINT('',(0.85,1.2,0.75));
#9548 = LINE('',#9549,#9550);
#9549 = CARTESIAN_POINT('',(0.75,1.2,0.75));
#9550 = VECTOR('',#9551,1.);
#9551 = DIRECTION('',(1.,1.110223024625E-16,0.));
#9552 = ORIENTED_EDGE('',*,*,#9113,.T.);
#9553 = ORIENTED_EDGE('',*,*,#9554,.T.);
#9554 = EDGE_CURVE('',#9106,#9555,#9557,.T.);
#9555 = VERTEX_POINT('',#9556);
#9556 = CARTESIAN_POINT('',(0.85,0.7,0.75));
#9557 = LINE('',#9558,#9559);
#9558 = CARTESIAN_POINT('',(0.75,0.7,0.75));
#9559 = VECTOR('',#9560,1.);
#9560 = DIRECTION('',(1.,1.110223024625E-16,0.));
#9561 = ORIENTED_EDGE('',*,*,#9562,.F.);
#9562 = EDGE_CURVE('',#9546,#9555,#9563,.T.);
#9563 = LINE('',#9564,#9565);
#9564 = CARTESIAN_POINT('',(0.85,1.2,0.75));
#9565 = VECTOR('',#9566,1.);
#9566 = DIRECTION('',(1.110223024625E-16,-1.,0.));
#9567 = PLANE('',#9568);
#9568 = AXIS2_PLACEMENT_3D('',#9569,#9570,#9571);
#9569 = CARTESIAN_POINT('',(0.75,1.2,0.75));
#9570 = DIRECTION('',(0.,0.,1.));
#9571 = DIRECTION('',(1.,1.110223024625E-16,-0.));
#9572 = ADVANCED_FACE('',(#9573),#9598,.F.);
#9573 = FACE_BOUND('',#9574,.F.);
#9574 = EDGE_LOOP('',(#9575,#9583,#9584,#9592));
#9575 = ORIENTED_EDGE('',*,*,#9576,.F.);
#9576 = EDGE_CURVE('',#9106,#9577,#9579,.T.);
#9577 = VERTEX_POINT('',#9578);
#9578 = CARTESIAN_POINT('',(0.8,0.7,0.9));
#9579 = LINE('',#9580,#9581);
#9580 = CARTESIAN_POINT('',(0.8,0.7,0.670847817658));
#9581 = VECTOR('',#9582,1.);
#9582 = DIRECTION('',(0.,0.,1.));
#9583 = ORIENTED_EDGE('',*,*,#9105,.T.);
#9584 = ORIENTED_EDGE('',*,*,#9585,.T.);
#9585 = EDGE_CURVE('',#9098,#9586,#9588,.T.);
#9586 = VERTEX_POINT('',#9587);
#9587 = CARTESIAN_POINT('',(0.8,0.25,0.9));
#9588 = LINE('',#9589,#9590);
#9589 = CARTESIAN_POINT('',(0.8,0.25,0.670847817658));
#9590 = VECTOR('',#9591,1.);
#9591 = DIRECTION('',(0.,0.,1.));
#9592 = ORIENTED_EDGE('',*,*,#9593,.F.);
#9593 = EDGE_CURVE('',#9577,#9586,#9594,.T.);
#9594 = LINE('',#9595,#9596);
#9595 = CARTESIAN_POINT('',(0.8,1.355,0.9));
#9596 = VECTOR('',#9597,1.);
#9597 = DIRECTION('',(1.110223024625E-16,-1.,0.));
#9598 = PLANE('',#9599);
#9599 = AXIS2_PLACEMENT_3D('',#9600,#9601,#9602);
#9600 = CARTESIAN_POINT('',(0.8,1.355,0.9));
#9601 = DIRECTION('',(-1.,-1.110223024625E-16,0.));
#9602 = DIRECTION('',(1.110223024625E-16,-1.,0.));
#9603 = ADVANCED_FACE('',(#9604),#9629,.F.);
#9604 = FACE_BOUND('',#9605,.F.);
#9605 = EDGE_LOOP('',(#9606,#9614,#9615,#9623));
#9606 = ORIENTED_EDGE('',*,*,#9607,.F.);
#9607 = EDGE_CURVE('',#9098,#9608,#9610,.T.);
#9608 = VERTEX_POINT('',#9609);
#9609 = CARTESIAN_POINT('',(0.85,0.25,0.75));
#9610 = LINE('',#9611,#9612);
#9611 = CARTESIAN_POINT('',(0.75,0.25,0.75));
#9612 = VECTOR('',#9613,1.);
#9613 = DIRECTION('',(1.,1.110223024625E-16,0.));
#9614 = ORIENTED_EDGE('',*,*,#9097,.T.);
#9615 = ORIENTED_EDGE('',*,*,#9616,.T.);
#9616 = EDGE_CURVE('',#9090,#9617,#9619,.T.);
#9617 = VERTEX_POINT('',#9618);
#9618 = CARTESIAN_POINT('',(0.85,-0.25,0.75));
#9619 = LINE('',#9620,#9621);
#9620 = CARTESIAN_POINT('',(0.75,-0.25,0.75));
#9621 = VECTOR('',#9622,1.);
#9622 = DIRECTION('',(1.,1.110223024625E-16,0.));
#9623 = ORIENTED_EDGE('',*,*,#9624,.F.);
#9624 = EDGE_CURVE('',#9608,#9617,#9625,.T.);
#9625 = LINE('',#9626,#9627);
#9626 = CARTESIAN_POINT('',(0.85,0.25,0.75));
#9627 = VECTOR('',#9628,1.);
#9628 = DIRECTION('',(1.110223024625E-16,-1.,0.));
#9629 = PLANE('',#9630);
#9630 = AXIS2_PLACEMENT_3D('',#9631,#9632,#9633);
#9631 = CARTESIAN_POINT('',(0.75,0.25,0.75));
#9632 = DIRECTION('',(0.,0.,1.));
#9633 = DIRECTION('',(1.,1.110223024625E-16,-0.));
#9634 = ADVANCED_FACE('',(#9635),#9660,.F.);
#9635 = FACE_BOUND('',#9636,.F.);
#9636 = EDGE_LOOP('',(#9637,#9645,#9646,#9654));
#9637 = ORIENTED_EDGE('',*,*,#9638,.F.);
#9638 = EDGE_CURVE('',#9090,#9639,#9641,.T.);
#9639 = VERTEX_POINT('',#9640);
#9640 = CARTESIAN_POINT('',(0.8,-0.25,0.9));
#9641 = LINE('',#9642,#9643);
#9642 = CARTESIAN_POINT('',(0.8,-0.25,0.670847817658));
#9643 = VECTOR('',#9644,1.);
#9644 = DIRECTION('',(0.,0.,1.));
#9645 = ORIENTED_EDGE('',*,*,#9089,.T.);
#9646 = ORIENTED_EDGE('',*,*,#9647,.T.);
#9647 = EDGE_CURVE('',#9082,#9648,#9650,.T.);
#9648 = VERTEX_POINT('',#9649);
#9649 = CARTESIAN_POINT('',(0.8,-0.7,0.9));
#9650 = LINE('',#9651,#9652);
#9651 = CARTESIAN_POINT('',(0.8,-0.7,0.670847817658));
#9652 = VECTOR('',#9653,1.);
#9653 = DIRECTION('',(0.,0.,1.));
#9654 = ORIENTED_EDGE('',*,*,#9655,.F.);
#9655 = EDGE_CURVE('',#9639,#9648,#9656,.T.);
#9656 = LINE('',#9657,#9658);
#9657 = CARTESIAN_POINT('',(0.8,1.355,0.9));
#9658 = VECTOR('',#9659,1.);
#9659 = DIRECTION('',(1.110223024625E-16,-1.,0.));
#9660 = PLANE('',#9661);
#9661 = AXIS2_PLACEMENT_3D('',#9662,#9663,#9664);
#9662 = CARTESIAN_POINT('',(0.8,1.355,0.9));
#9663 = DIRECTION('',(-1.,-1.110223024625E-16,0.));
#9664 = DIRECTION('',(1.110223024625E-16,-1.,0.));
#9665 = ADVANCED_FACE('',(#9666),#9691,.F.);
#9666 = FACE_BOUND('',#9667,.F.);
#9667 = EDGE_LOOP('',(#9668,#9676,#9677,#9685));
#9668 = ORIENTED_EDGE('',*,*,#9669,.F.);
#9669 = EDGE_CURVE('',#9082,#9670,#9672,.T.);
#9670 = VERTEX_POINT('',#9671);
#9671 = CARTESIAN_POINT('',(0.85,-0.7,0.75));
#9672 = LINE('',#9673,#9674);
#9673 = CARTESIAN_POINT('',(0.75,-0.7,0.75));
#9674 = VECTOR('',#9675,1.);
#9675 = DIRECTION('',(1.,1.110223024625E-16,0.));
#9676 = ORIENTED_EDGE('',*,*,#9081,.T.);
#9677 = ORIENTED_EDGE('',*,*,#9678,.T.);
#9678 = EDGE_CURVE('',#9074,#9679,#9681,.T.);
#9679 = VERTEX_POINT('',#9680);
#9680 = CARTESIAN_POINT('',(0.85,-1.2,0.75));
#9681 = LINE('',#9682,#9683);
#9682 = CARTESIAN_POINT('',(0.75,-1.2,0.75));
#9683 = VECTOR('',#9684,1.);
#9684 = DIRECTION('',(1.,1.110223024625E-16,0.));
#9685 = ORIENTED_EDGE('',*,*,#9686,.F.);
#9686 = EDGE_CURVE('',#9670,#9679,#9687,.T.);
#9687 = LINE('',#9688,#9689);
#9688 = CARTESIAN_POINT('',(0.85,-0.7,0.75));
#9689 = VECTOR('',#9690,1.);
#9690 = DIRECTION('',(1.110223024625E-16,-1.,0.));
#9691 = PLANE('',#9692);
#9692 = AXIS2_PLACEMENT_3D('',#9693,#9694,#9695);
#9693 = CARTESIAN_POINT('',(0.75,-0.7,0.75));
#9694 = DIRECTION('',(0.,0.,1.));
#9695 = DIRECTION('',(1.,1.110223024625E-16,-0.));
#9696 = ADVANCED_FACE('',(#9697),#9721,.F.);
#9697 = FACE_BOUND('',#9698,.F.);
#9698 = EDGE_LOOP('',(#9699,#9707,#9708,#9715));
#9699 = ORIENTED_EDGE('',*,*,#9700,.F.);
#9700 = EDGE_CURVE('',#9074,#9701,#9703,.T.);
#9701 = VERTEX_POINT('',#9702);
#9702 = CARTESIAN_POINT('',(0.8,-1.2,0.9));
#9703 = LINE('',#9704,#9705);
#9704 = CARTESIAN_POINT('',(0.8,-1.2,0.670847817658));
#9705 = VECTOR('',#9706,1.);
#9706 = DIRECTION('',(0.,0.,1.));
#9707 = ORIENTED_EDGE('',*,*,#9073,.T.);
#9708 = ORIENTED_EDGE('',*,*,#9709,.T.);
#9709 = EDGE_CURVE('',#9067,#9710,#9712,.T.);
#9710 = VERTEX_POINT('',#9711);
#9711 = CARTESIAN_POINT('',(0.8,-1.355,0.9));
#9712 = B_SPLINE_CURVE_WITH_KNOTS('',1,(#9713,#9714),.UNSPECIFIED.,.F.,
  .F.,(2,2),(0.,1.),.PIECEWISE_BEZIER_KNOTS.);
#9713 = CARTESIAN_POINT('',(0.8,-1.355,0.75));
#9714 = CARTESIAN_POINT('',(0.8,-1.355,0.9));
#9715 = ORIENTED_EDGE('',*,*,#9716,.F.);
#9716 = EDGE_CURVE('',#9701,#9710,#9717,.T.);
#9717 = LINE('',#9718,#9719);
#9718 = CARTESIAN_POINT('',(0.8,1.355,0.9));
#9719 = VECTOR('',#9720,1.);
#9720 = DIRECTION('',(1.110223024625E-16,-1.,0.));
#9721 = PLANE('',#9722);
#9722 = AXIS2_PLACEMENT_3D('',#9723,#9724,#9725);
#9723 = CARTESIAN_POINT('',(0.8,1.355,0.9));
#9724 = DIRECTION('',(-1.,-1.110223024625E-16,0.));
#9725 = DIRECTION('',(1.110223024625E-16,-1.,0.));
#9726 = ADVANCED_FACE('',(#9727),#9744,.F.);
#9727 = FACE_BOUND('',#9728,.F.);
#9728 = EDGE_LOOP('',(#9729,#9730,#9731,#9739));
#9729 = ORIENTED_EDGE('',*,*,#9138,.T.);
#9730 = ORIENTED_EDGE('',*,*,#9326,.T.);
#9731 = ORIENTED_EDGE('',*,*,#9732,.F.);
#9732 = EDGE_CURVE('',#9733,#9327,#9735,.T.);
#9733 = VERTEX_POINT('',#9734);
#9734 = CARTESIAN_POINT('',(-0.705,-1.45,0.9));
#9735 = LINE('',#9736,#9737);
#9736 = CARTESIAN_POINT('',(-0.705,-1.45,0.9));
#9737 = VECTOR('',#9738,1.);
#9738 = DIRECTION('',(-0.707106781187,0.707106781187,0.));
#9739 = ORIENTED_EDGE('',*,*,#9740,.F.);
#9740 = EDGE_CURVE('',#9139,#9733,#9741,.T.);
#9741 = B_SPLINE_CURVE_WITH_KNOTS('',1,(#9742,#9743),.UNSPECIFIED.,.F.,
  .F.,(2,2),(0.,1.),.PIECEWISE_BEZIER_KNOTS.);
#9742 = CARTESIAN_POINT('',(-0.705,-1.45,0.75));
#9743 = CARTESIAN_POINT('',(-0.705,-1.45,0.9));
#9744 = PLANE('',#9745);
#9745 = AXIS2_PLACEMENT_3D('',#9746,#9747,#9748);
#9746 = CARTESIAN_POINT('',(-0.705,-1.45,0.9));
#9747 = DIRECTION('',(0.707106781187,0.707106781187,0.));
#9748 = DIRECTION('',(-0.707106781187,0.707106781187,0.));
#9749 = ADVANCED_FACE('',(#9750),#9767,.F.);
#9750 = FACE_BOUND('',#9751,.F.);
#9751 = EDGE_LOOP('',(#9752,#9753,#9760,#9766));
#9752 = ORIENTED_EDGE('',*,*,#9167,.T.);
#9753 = ORIENTED_EDGE('',*,*,#9754,.T.);
#9754 = EDGE_CURVE('',#9161,#9755,#9757,.T.);
#9755 = VERTEX_POINT('',#9756);
#9756 = CARTESIAN_POINT('',(0.705,-1.45,0.9));
#9757 = B_SPLINE_CURVE_WITH_KNOTS('',1,(#9758,#9759),.UNSPECIFIED.,.F.,
  .F.,(2,2),(0.,1.),.PIECEWISE_BEZIER_KNOTS.);
#9758 = CARTESIAN_POINT('',(0.705,-1.45,0.75));
#9759 = CARTESIAN_POINT('',(0.705,-1.45,0.9));
#9760 = ORIENTED_EDGE('',*,*,#9761,.F.);
#9761 = EDGE_CURVE('',#9710,#9755,#9762,.T.);
#9762 = LINE('',#9763,#9764);
#9763 = CARTESIAN_POINT('',(0.8,-1.355,0.9));
#9764 = VECTOR('',#9765,1.);
#9765 = DIRECTION('',(-0.707106781187,-0.707106781187,0.));
#9766 = ORIENTED_EDGE('',*,*,#9709,.F.);
#9767 = PLANE('',#9768);
#9768 = AXIS2_PLACEMENT_3D('',#9769,#9770,#9771);
#9769 = CARTESIAN_POINT('',(0.8,-1.355,0.9));
#9770 = DIRECTION('',(-0.707106781187,0.707106781187,0.));
#9771 = DIRECTION('',(-0.707106781187,-0.707106781187,0.));
#9772 = ADVANCED_FACE('',(#9773),#9784,.F.);
#9773 = FACE_BOUND('',#9774,.F.);
#9774 = EDGE_LOOP('',(#9775,#9776,#9777,#9783));
#9775 = ORIENTED_EDGE('',*,*,#9184,.T.);
#9776 = ORIENTED_EDGE('',*,*,#9740,.T.);
#9777 = ORIENTED_EDGE('',*,*,#9778,.F.);
#9778 = EDGE_CURVE('',#9755,#9733,#9779,.T.);
#9779 = LINE('',#9780,#9781);
#9780 = CARTESIAN_POINT('',(0.705,-1.45,0.9));
#9781 = VECTOR('',#9782,1.);
#9782 = DIRECTION('',(-1.,-1.110223024625E-16,0.));
#9783 = ORIENTED_EDGE('',*,*,#9754,.F.);
#9784 = PLANE('',#9785);
#9785 = AXIS2_PLACEMENT_3D('',#9786,#9787,#9788);
#9786 = CARTESIAN_POINT('',(0.705,-1.45,0.9));
#9787 = DIRECTION('',(-1.110223024625E-16,1.,0.));
#9788 = DIRECTION('',(-1.,-1.110223024625E-16,0.));
#9789 = ADVANCED_FACE('',(#9790),#9829,.F.);
#9790 = FACE_BOUND('',#9791,.F.);
#9791 = EDGE_LOOP('',(#9792,#9800,#9808,#9814,#9815,#9823));
#9792 = ORIENTED_EDGE('',*,*,#9793,.F.);
#9793 = EDGE_CURVE('',#9794,#9459,#9796,.T.);
#9794 = VERTEX_POINT('',#9795);
#9795 = CARTESIAN_POINT('',(-0.85,0.7,0.9));
#9796 = LINE('',#9797,#9798);
#9797 = CARTESIAN_POINT('',(-0.85,0.7,0.9));
#9798 = VECTOR('',#9799,1.);
#9799 = DIRECTION('',(1.,-1.144237745222E-17,0.));
#9800 = ORIENTED_EDGE('',*,*,#9801,.T.);
#9801 = EDGE_CURVE('',#9794,#9802,#9804,.T.);
#9802 = VERTEX_POINT('',#9803);
#9803 = CARTESIAN_POINT('',(-0.85,1.2,0.9));
#9804 = LINE('',#9805,#9806);
#9805 = CARTESIAN_POINT('',(-0.85,0.7,0.9));
#9806 = VECTOR('',#9807,1.);
#9807 = DIRECTION('',(1.144237745222E-17,1.,0.));
#9808 = ORIENTED_EDGE('',*,*,#9809,.T.);
#9809 = EDGE_CURVE('',#9802,#9289,#9810,.T.);
#9810 = LINE('',#9811,#9812);
#9811 = CARTESIAN_POINT('',(-0.85,1.2,0.9));
#9812 = VECTOR('',#9813,1.);
#9813 = DIRECTION('',(1.,-1.144237745222E-17,0.));
#9814 = ORIENTED_EDGE('',*,*,#9288,.T.);
#9815 = ORIENTED_EDGE('',*,*,#9816,.F.);
#9816 = EDGE_CURVE('',#9817,#9281,#9819,.T.);
#9817 = VERTEX_POINT('',#9818);
#9818 = CARTESIAN_POINT('',(-0.775,0.7,0.9));
#9819 = LINE('',#9820,#9821);
#9820 = CARTESIAN_POINT('',(-0.775,-1.3425,0.9));
#9821 = VECTOR('',#9822,1.);
#9822 = DIRECTION('',(-1.110223024625E-16,1.,0.));
#9823 = ORIENTED_EDGE('',*,*,#9824,.F.);
#9824 = EDGE_CURVE('',#9459,#9817,#9825,.T.);
#9825 = LINE('',#9826,#9827);
#9826 = CARTESIAN_POINT('',(-0.85,0.7,0.9));
#9827 = VECTOR('',#9828,1.);
#9828 = DIRECTION('',(1.,-1.144237745222E-17,0.));
#9829 = PLANE('',#9830);
#9830 = AXIS2_PLACEMENT_3D('',#9831,#9832,#9833);
#9831 = CARTESIAN_POINT('',(-0.85,0.7,0.9));
#9832 = DIRECTION('',(0.,0.,-1.));
#9833 = DIRECTION('',(1.,-1.144237745222E-17,0.));
#9834 = ADVANCED_FACE('',(#9835),#9899,.F.);
#9835 = FACE_BOUND('',#9836,.F.);
#9836 = EDGE_LOOP('',(#9837,#9847,#9855,#9863,#9871,#9877,#9878,#9879,
    #9886,#9894));
#9837 = ORIENTED_EDGE('',*,*,#9838,.T.);
#9838 = EDGE_CURVE('',#9839,#9841,#9843,.T.);
#9839 = VERTEX_POINT('',#9840);
#9840 = CARTESIAN_POINT('',(-0.775,-1.3425,0.9));
#9841 = VERTEX_POINT('',#9842);
#9842 = CARTESIAN_POINT('',(-0.775,-1.2,0.9));
#9843 = LINE('',#9844,#9845);
#9844 = CARTESIAN_POINT('',(-0.775,-1.3425,0.9));
#9845 = VECTOR('',#9846,1.);
#9846 = DIRECTION('',(-1.110223024625E-16,1.,0.));
#9847 = ORIENTED_EDGE('',*,*,#9848,.T.);
#9848 = EDGE_CURVE('',#9841,#9849,#9851,.T.);
#9849 = VERTEX_POINT('',#9850);
#9850 = CARTESIAN_POINT('',(-0.775,-0.7,0.9));
#9851 = LINE('',#9852,#9853);
#9852 = CARTESIAN_POINT('',(-0.775,-1.3425,0.9));
#9853 = VECTOR('',#9854,1.);
#9854 = DIRECTION('',(-1.110223024625E-16,1.,0.));
#9855 = ORIENTED_EDGE('',*,*,#9856,.T.);
#9856 = EDGE_CURVE('',#9849,#9857,#9859,.T.);
#9857 = VERTEX_POINT('',#9858);
#9858 = CARTESIAN_POINT('',(-0.775,-0.25,0.9));
#9859 = LINE('',#9860,#9861);
#9860 = CARTESIAN_POINT('',(-0.775,-1.3425,0.9));
#9861 = VECTOR('',#9862,1.);
#9862 = DIRECTION('',(-1.110223024625E-16,1.,0.));
#9863 = ORIENTED_EDGE('',*,*,#9864,.T.);
#9864 = EDGE_CURVE('',#9857,#9865,#9867,.T.);
#9865 = VERTEX_POINT('',#9866);
#9866 = CARTESIAN_POINT('',(-0.775,0.25,0.9));
#9867 = LINE('',#9868,#9869);
#9868 = CARTESIAN_POINT('',(-0.775,-1.3425,0.9));
#9869 = VECTOR('',#9870,1.);
#9870 = DIRECTION('',(-1.110223024625E-16,1.,0.));
#9871 = ORIENTED_EDGE('',*,*,#9872,.T.);
#9872 = EDGE_CURVE('',#9865,#9817,#9873,.T.);
#9873 = LINE('',#9874,#9875);
#9874 = CARTESIAN_POINT('',(-0.775,-1.3425,0.9));
#9875 = VECTOR('',#9876,1.);
#9876 = DIRECTION('',(-1.110223024625E-16,1.,0.));
#9877 = ORIENTED_EDGE('',*,*,#9816,.T.);
#9878 = ORIENTED_EDGE('',*,*,#9280,.T.);
#9879 = ORIENTED_EDGE('',*,*,#9880,.T.);
#9880 = EDGE_CURVE('',#9273,#9881,#9883,.T.);
#9881 = VERTEX_POINT('',#9882);
#9882 = CARTESIAN_POINT('',(-0.683648457443,1.296824228722,1.55));
#9883 = B_SPLINE_CURVE_WITH_KNOTS('',1,(#9884,#9885),.UNSPECIFIED.,.F.,
  .F.,(2,2),(0.,1.),.PIECEWISE_BEZIER_KNOTS.);
#9884 = CARTESIAN_POINT('',(-0.775,1.3425,0.9));
#9885 = CARTESIAN_POINT('',(-0.683648457443,1.296824228722,1.55));
#9886 = ORIENTED_EDGE('',*,*,#9887,.F.);
#9887 = EDGE_CURVE('',#9888,#9881,#9890,.T.);
#9888 = VERTEX_POINT('',#9889);
#9889 = CARTESIAN_POINT('',(-0.683648457443,-1.296824228722,1.55));
#9890 = LINE('',#9891,#9892);
#9891 = CARTESIAN_POINT('',(-0.683648457443,-1.296824228722,1.55));
#9892 = VECTOR('',#9893,1.);
#9893 = DIRECTION('',(-1.110223024625E-16,1.,0.));
#9894 = ORIENTED_EDGE('',*,*,#9895,.F.);
#9895 = EDGE_CURVE('',#9839,#9888,#9896,.T.);
#9896 = B_SPLINE_CURVE_WITH_KNOTS('',1,(#9897,#9898),.UNSPECIFIED.,.F.,
  .F.,(2,2),(0.,1.),.PIECEWISE_BEZIER_KNOTS.);
#9897 = CARTESIAN_POINT('',(-0.775,-1.3425,0.9));
#9898 = CARTESIAN_POINT('',(-0.683648457443,-1.296824228722,1.55));
#9899 = B_SPLINE_SURFACE_WITH_KNOTS('',1,1,(
    (#9900,#9901)
    ,(#9902,#9903
    )),.UNSPECIFIED.,.F.,.F.,.F.,(2,2),(2,2),(0.,2.685),(0.,1.),
  .PIECEWISE_BEZIER_KNOTS.);
#9900 = CARTESIAN_POINT('',(-0.775,-1.3425,0.9));
#9901 = CARTESIAN_POINT('',(-0.683648457443,-1.296824228722,1.55));
#9902 = CARTESIAN_POINT('',(-0.775,1.3425,0.9));
#9903 = CARTESIAN_POINT('',(-0.683648457443,1.296824228722,1.55));
#9904 = ADVANCED_FACE('',(#9905),#9922,.F.);
#9905 = FACE_BOUND('',#9906,.F.);
#9906 = EDGE_LOOP('',(#9907,#9908,#9915,#9921));
#9907 = ORIENTED_EDGE('',*,*,#9272,.T.);
#9908 = ORIENTED_EDGE('',*,*,#9909,.T.);
#9909 = EDGE_CURVE('',#9265,#9910,#9912,.T.);
#9910 = VERTEX_POINT('',#9911);
#9911 = CARTESIAN_POINT('',(-0.646824228722,1.333648457443,1.55));
#9912 = B_SPLINE_CURVE_WITH_KNOTS('',1,(#9913,#9914),.UNSPECIFIED.,.F.,
  .F.,(2,2),(0.,1.),.PIECEWISE_BEZIER_KNOTS.);
#9913 = CARTESIAN_POINT('',(-0.6925,1.425,0.9));
#9914 = CARTESIAN_POINT('',(-0.646824228722,1.333648457443,1.55));
#9915 = ORIENTED_EDGE('',*,*,#9916,.F.);
#9916 = EDGE_CURVE('',#9881,#9910,#9917,.T.);
#9917 = LINE('',#9918,#9919);
#9918 = CARTESIAN_POINT('',(-0.683648457443,1.296824228722,1.55));
#9919 = VECTOR('',#9920,1.);
#9920 = DIRECTION('',(0.707106781187,0.707106781187,0.));
#9921 = ORIENTED_EDGE('',*,*,#9880,.F.);
#9922 = B_SPLINE_SURFACE_WITH_KNOTS('',1,1,(
    (#9923,#9924)
    ,(#9925,#9926
    )),.UNSPECIFIED.,.F.,.F.,.F.,(2,2),(2,2),(0.,0.116672618896),(0.,1.)
  ,.PIECEWISE_BEZIER_KNOTS.);
#9923 = CARTESIAN_POINT('',(-0.775,1.3425,0.9));
#9924 = CARTESIAN_POINT('',(-0.683648457443,1.296824228722,1.55));
#9925 = CARTESIAN_POINT('',(-0.6925,1.425,0.9));
#9926 = CARTESIAN_POINT('',(-0.646824228722,1.333648457443,1.55));
#9927 = ADVANCED_FACE('',(#9928),#9945,.F.);
#9928 = FACE_BOUND('',#9929,.F.);
#9929 = EDGE_LOOP('',(#9930,#9931,#9938,#9944));
#9930 = ORIENTED_EDGE('',*,*,#9264,.T.);
#9931 = ORIENTED_EDGE('',*,*,#9932,.T.);
#9932 = EDGE_CURVE('',#9257,#9933,#9935,.T.);
#9933 = VERTEX_POINT('',#9934);
#9934 = CARTESIAN_POINT('',(0.646824228722,1.333648457443,1.55));
#9935 = B_SPLINE_CURVE_WITH_KNOTS('',1,(#9936,#9937),.UNSPECIFIED.,.F.,
  .F.,(2,2),(0.,1.),.PIECEWISE_BEZIER_KNOTS.);
#9936 = CARTESIAN_POINT('',(0.6925,1.425,0.9));
#9937 = CARTESIAN_POINT('',(0.646824228722,1.333648457443,1.55));
#9938 = ORIENTED_EDGE('',*,*,#9939,.F.);
#9939 = EDGE_CURVE('',#9910,#9933,#9940,.T.);
#9940 = LINE('',#9941,#9942);
#9941 = CARTESIAN_POINT('',(-0.646824228722,1.333648457443,1.55));
#9942 = VECTOR('',#9943,1.);
#9943 = DIRECTION('',(1.,1.110223024625E-16,0.));
#9944 = ORIENTED_EDGE('',*,*,#9909,.F.);
#9945 = B_SPLINE_SURFACE_WITH_KNOTS('',1,1,(
    (#9946,#9947)
    ,(#9948,#9949
    )),.UNSPECIFIED.,.F.,.F.,.F.,(2,2),(2,2),(0.,1.385),(0.,1.),
  .PIECEWISE_BEZIER_KNOTS.);
#9946 = CARTESIAN_POINT('',(-0.6925,1.425,0.9));
#9947 = CARTESIAN_POINT('',(-0.646824228722,1.333648457443,1.55));
#9948 = CARTESIAN_POINT('',(0.6925,1.425,0.9));
#9949 = CARTESIAN_POINT('',(0.646824228722,1.333648457443,1.55));
#9950 = ADVANCED_FACE('',(#9951),#9968,.F.);
#9951 = FACE_BOUND('',#9952,.F.);
#9952 = EDGE_LOOP('',(#9953,#9954,#9961,#9967));
#9953 = ORIENTED_EDGE('',*,*,#9256,.T.);
#9954 = ORIENTED_EDGE('',*,*,#9955,.T.);
#9955 = EDGE_CURVE('',#9249,#9956,#9958,.T.);
#9956 = VERTEX_POINT('',#9957);
#9957 = CARTESIAN_POINT('',(0.683648457443,1.296824228722,1.55));
#9958 = B_SPLINE_CURVE_WITH_KNOTS('',1,(#9959,#9960),.UNSPECIFIED.,.F.,
  .F.,(2,2),(0.,1.),.PIECEWISE_BEZIER_KNOTS.);
#9959 = CARTESIAN_POINT('',(0.775,1.3425,0.9));
#9960 = CARTESIAN_POINT('',(0.683648457443,1.296824228722,1.55));
#9961 = ORIENTED_EDGE('',*,*,#9962,.F.);
#9962 = EDGE_CURVE('',#9933,#9956,#9963,.T.);
#9963 = LINE('',#9964,#9965);
#9964 = CARTESIAN_POINT('',(0.646824228722,1.333648457443,1.55));
#9965 = VECTOR('',#9966,1.);
#9966 = DIRECTION('',(0.707106781187,-0.707106781187,0.));
#9967 = ORIENTED_EDGE('',*,*,#9932,.F.);
#9968 = B_SPLINE_SURFACE_WITH_KNOTS('',1,1,(
    (#9969,#9970)
    ,(#9971,#9972
    )),.UNSPECIFIED.,.F.,.F.,.F.,(2,2),(2,2),(0.,0.116672618896),(0.,1.)
  ,.PIECEWISE_BEZIER_KNOTS.);
#9969 = CARTESIAN_POINT('',(0.6925,1.425,0.9));
#9970 = CARTESIAN_POINT('',(0.646824228722,1.333648457443,1.55));
#9971 = CARTESIAN_POINT('',(0.775,1.3425,0.9));
#9972 = CARTESIAN_POINT('',(0.683648457443,1.296824228722,1.55));
#9973 = ADVANCED_FACE('',(#9974),#10039,.F.);
#9974 = FACE_BOUND('',#9975,.F.);
#9975 = EDGE_LOOP('',(#9976,#9977,#9985,#9993,#10001,#10009,#10017,
    #10025,#10032,#10038));
#9976 = ORIENTED_EDGE('',*,*,#9248,.T.);
#9977 = ORIENTED_EDGE('',*,*,#9978,.T.);
#9978 = EDGE_CURVE('',#9241,#9979,#9981,.T.);
#9979 = VERTEX_POINT('',#9980);
#9980 = CARTESIAN_POINT('',(0.775,0.7,0.9));
#9981 = LINE('',#9982,#9983);
#9982 = CARTESIAN_POINT('',(0.775,1.3425,0.9));
#9983 = VECTOR('',#9984,1.);
#9984 = DIRECTION('',(1.110223024625E-16,-1.,0.));
#9985 = ORIENTED_EDGE('',*,*,#9986,.T.);
#9986 = EDGE_CURVE('',#9979,#9987,#9989,.T.);
#9987 = VERTEX_POINT('',#9988);
#9988 = CARTESIAN_POINT('',(0.775,0.25,0.9));
#9989 = LINE('',#9990,#9991);
#9990 = CARTESIAN_POINT('',(0.775,1.3425,0.9));
#9991 = VECTOR('',#9992,1.);
#9992 = DIRECTION('',(1.110223024625E-16,-1.,0.));
#9993 = ORIENTED_EDGE('',*,*,#9994,.T.);
#9994 = EDGE_CURVE('',#9987,#9995,#9997,.T.);
#9995 = VERTEX_POINT('',#9996);
#9996 = CARTESIAN_POINT('',(0.775,-0.25,0.9));
#9997 = LINE('',#9998,#9999);
#9998 = CARTESIAN_POINT('',(0.775,1.3425,0.9));
#9999 = VECTOR('',#10000,1.);
#10000 = DIRECTION('',(1.110223024625E-16,-1.,0.));
#10001 = ORIENTED_EDGE('',*,*,#10002,.T.);
#10002 = EDGE_CURVE('',#9995,#10003,#10005,.T.);
#10003 = VERTEX_POINT('',#10004);
#10004 = CARTESIAN_POINT('',(0.775,-0.7,0.9));
#10005 = LINE('',#10006,#10007);
#10006 = CARTESIAN_POINT('',(0.775,1.3425,0.9));
#10007 = VECTOR('',#10008,1.);
#10008 = DIRECTION('',(1.110223024625E-16,-1.,0.));
#10009 = ORIENTED_EDGE('',*,*,#10010,.T.);
#10010 = EDGE_CURVE('',#10003,#10011,#10013,.T.);
#10011 = VERTEX_POINT('',#10012);
#10012 = CARTESIAN_POINT('',(0.775,-1.2,0.9));
#10013 = LINE('',#10014,#10015);
#10014 = CARTESIAN_POINT('',(0.775,1.3425,0.9));
#10015 = VECTOR('',#10016,1.);
#10016 = DIRECTION('',(1.110223024625E-16,-1.,0.));
#10017 = ORIENTED_EDGE('',*,*,#10018,.T.);
#10018 = EDGE_CURVE('',#10011,#10019,#10021,.T.);
#10019 = VERTEX_POINT('',#10020);
#10020 = CARTESIAN_POINT('',(0.775,-1.3425,0.9));
#10021 = LINE('',#10022,#10023);
#10022 = CARTESIAN_POINT('',(0.775,1.3425,0.9));
#10023 = VECTOR('',#10024,1.);
#10024 = DIRECTION('',(1.110223024625E-16,-1.,0.));
#10025 = ORIENTED_EDGE('',*,*,#10026,.T.);
#10026 = EDGE_CURVE('',#10019,#10027,#10029,.T.);
#10027 = VERTEX_POINT('',#10028);
#10028 = CARTESIAN_POINT('',(0.683648457443,-1.296824228722,1.55));
#10029 = B_SPLINE_CURVE_WITH_KNOTS('',1,(#10030,#10031),.UNSPECIFIED.,
  .F.,.F.,(2,2),(0.,1.),.PIECEWISE_BEZIER_KNOTS.);
#10030 = CARTESIAN_POINT('',(0.775,-1.3425,0.9));
#10031 = CARTESIAN_POINT('',(0.683648457443,-1.296824228722,1.55));
#10032 = ORIENTED_EDGE('',*,*,#10033,.F.);
#10033 = EDGE_CURVE('',#9956,#10027,#10034,.T.);
#10034 = LINE('',#10035,#10036);
#10035 = CARTESIAN_POINT('',(0.683648457443,1.296824228722,1.55));
#10036 = VECTOR('',#10037,1.);
#10037 = DIRECTION('',(1.110223024625E-16,-1.,0.));
#10038 = ORIENTED_EDGE('',*,*,#9955,.F.);
#10039 = B_SPLINE_SURFACE_WITH_KNOTS('',1,1,(
    (#10040,#10041)
    ,(#10042,#10043
    )),.UNSPECIFIED.,.F.,.F.,.F.,(2,2),(2,2),(0.,2.685),(0.,1.),
  .PIECEWISE_BEZIER_KNOTS.);
#10040 = CARTESIAN_POINT('',(0.775,1.3425,0.9));
#10041 = CARTESIAN_POINT('',(0.683648457443,1.296824228722,1.55));
#10042 = CARTESIAN_POINT('',(0.775,-1.3425,0.9));
#10043 = CARTESIAN_POINT('',(0.683648457443,-1.296824228722,1.55));
#10044 = ADVANCED_FACE('',(#10045),#10077,.F.);
#10045 = FACE_BOUND('',#10046,.F.);
#10046 = EDGE_LOOP('',(#10047,#10055,#10063,#10069,#10075,#10076));
#10047 = ORIENTED_EDGE('',*,*,#10048,.F.);
#10048 = EDGE_CURVE('',#10049,#9233,#10051,.T.);
#10049 = VERTEX_POINT('',#10050);
#10050 = CARTESIAN_POINT('',(0.85,1.2,0.9));
#10051 = LINE('',#10052,#10053);
#10052 = CARTESIAN_POINT('',(0.85,1.2,0.9));
#10053 = VECTOR('',#10054,1.);
#10054 = DIRECTION('',(-1.,-1.110223024625E-16,0.));
#10055 = ORIENTED_EDGE('',*,*,#10056,.T.);
#10056 = EDGE_CURVE('',#10049,#10057,#10059,.T.);
#10057 = VERTEX_POINT('',#10058);
#10058 = CARTESIAN_POINT('',(0.85,0.7,0.9));
#10059 = LINE('',#10060,#10061);
#10060 = CARTESIAN_POINT('',(0.85,1.2,0.9));
#10061 = VECTOR('',#10062,1.);
#10062 = DIRECTION('',(1.110223024625E-16,-1.,0.));
#10063 = ORIENTED_EDGE('',*,*,#10064,.T.);
#10064 = EDGE_CURVE('',#10057,#9577,#10065,.T.);
#10065 = LINE('',#10066,#10067);
#10066 = CARTESIAN_POINT('',(0.85,0.7,0.9));
#10067 = VECTOR('',#10068,1.);
#10068 = DIRECTION('',(-1.,-1.110223024625E-16,0.));
#10069 = ORIENTED_EDGE('',*,*,#10070,.T.);
#10070 = EDGE_CURVE('',#9577,#9979,#10071,.T.);
#10071 = LINE('',#10072,#10073);
#10072 = CARTESIAN_POINT('',(0.85,0.7,0.9));
#10073 = VECTOR('',#10074,1.);
#10074 = DIRECTION('',(-1.,-1.110223024625E-16,0.));
#10075 = ORIENTED_EDGE('',*,*,#9978,.F.);
#10076 = ORIENTED_EDGE('',*,*,#9240,.F.);
#10077 = PLANE('',#10078);
#10078 = AXIS2_PLACEMENT_3D('',#10079,#10080,#10081);
#10079 = CARTESIAN_POINT('',(0.85,1.2,0.9));
#10080 = DIRECTION('',(0.,0.,-1.));
#10081 = DIRECTION('',(-1.,-1.110223024625E-16,-0.));
#10082 = ADVANCED_FACE('',(#10083),#10126,.F.);
#10083 = FACE_BOUND('',#10084,.F.);
#10084 = EDGE_LOOP('',(#10085,#10086,#10092,#10093,#10101,#10109,#10115,
    #10116,#10122,#10123,#10124,#10125));
#10085 = ORIENTED_EDGE('',*,*,#9342,.T.);
#10086 = ORIENTED_EDGE('',*,*,#10087,.T.);
#10087 = EDGE_CURVE('',#9335,#9841,#10088,.T.);
#10088 = LINE('',#10089,#10090);
#10089 = CARTESIAN_POINT('',(-0.85,-1.2,0.9));
#10090 = VECTOR('',#10091,1.);
#10091 = DIRECTION('',(1.,-1.144237745222E-17,0.));
#10092 = ORIENTED_EDGE('',*,*,#9838,.F.);
#10093 = ORIENTED_EDGE('',*,*,#10094,.F.);
#10094 = EDGE_CURVE('',#10095,#9839,#10097,.T.);
#10095 = VERTEX_POINT('',#10096);
#10096 = CARTESIAN_POINT('',(-0.6925,-1.425,0.9));
#10097 = LINE('',#10098,#10099);
#10098 = CARTESIAN_POINT('',(-0.6925,-1.425,0.9));
#10099 = VECTOR('',#10100,1.);
#10100 = DIRECTION('',(-0.707106781187,0.707106781187,0.));
#10101 = ORIENTED_EDGE('',*,*,#10102,.F.);
#10102 = EDGE_CURVE('',#10103,#10095,#10105,.T.);
#10103 = VERTEX_POINT('',#10104);
#10104 = CARTESIAN_POINT('',(0.6925,-1.425,0.9));
#10105 = LINE('',#10106,#10107);
#10106 = CARTESIAN_POINT('',(0.6925,-1.425,0.9));
#10107 = VECTOR('',#10108,1.);
#10108 = DIRECTION('',(-1.,-1.110223024625E-16,0.));
#10109 = ORIENTED_EDGE('',*,*,#10110,.F.);
#10110 = EDGE_CURVE('',#10019,#10103,#10111,.T.);
#10111 = LINE('',#10112,#10113);
#10112 = CARTESIAN_POINT('',(0.775,-1.3425,0.9));
#10113 = VECTOR('',#10114,1.);
#10114 = DIRECTION('',(-0.707106781187,-0.707106781187,0.));
#10115 = ORIENTED_EDGE('',*,*,#10018,.F.);
#10116 = ORIENTED_EDGE('',*,*,#10117,.F.);
#10117 = EDGE_CURVE('',#9701,#10011,#10118,.T.);
#10118 = LINE('',#10119,#10120);
#10119 = CARTESIAN_POINT('',(0.85,-1.2,0.9));
#10120 = VECTOR('',#10121,1.);
#10121 = DIRECTION('',(-1.,-1.110223024625E-16,0.));
#10122 = ORIENTED_EDGE('',*,*,#9716,.T.);
#10123 = ORIENTED_EDGE('',*,*,#9761,.T.);
#10124 = ORIENTED_EDGE('',*,*,#9778,.T.);
#10125 = ORIENTED_EDGE('',*,*,#9732,.T.);
#10126 = PLANE('',#10127);
#10127 = AXIS2_PLACEMENT_3D('',#10128,#10129,#10130);
#10128 = CARTESIAN_POINT('',(-2.091417030376E-16,1.4375,0.9));
#10129 = DIRECTION('',(4.595758349624E-18,6.551522493592E-27,-1.));
#10130 = DIRECTION('',(1.,1.51922136901E-16,4.595758349624E-18));
#10131 = ADVANCED_FACE('',(#10132),#10218,.F.);
#10132 = FACE_BOUND('',#10133,.F.);
#10133 = EDGE_LOOP('',(#10134,#10135,#10136,#10145,#10153,#10162,#10170,
    #10178,#10186,#10195,#10203,#10212));
#10134 = ORIENTED_EDGE('',*,*,#9334,.F.);
#10135 = ORIENTED_EDGE('',*,*,#9356,.T.);
#10136 = ORIENTED_EDGE('',*,*,#10137,.T.);
#10137 = EDGE_CURVE('',#9357,#10138,#10140,.T.);
#10138 = VERTEX_POINT('',#10139);
#10139 = CARTESIAN_POINT('',(-0.948480775301,-1.2,0.667364817767));
#10140 = CIRCLE('',#10141,0.1);
#10141 = AXIS2_PLACEMENT_3D('',#10142,#10143,#10144);
#10142 = CARTESIAN_POINT('',(-0.85,-1.2,0.65));
#10143 = DIRECTION('',(-1.144237745222E-17,-1.,0.));
#10144 = DIRECTION('',(0.,0.,1.));
#10145 = ORIENTED_EDGE('',*,*,#10146,.T.);
#10146 = EDGE_CURVE('',#10138,#10147,#10149,.T.);
#10147 = VERTEX_POINT('',#10148);
#10148 = CARTESIAN_POINT('',(-1.02432885403,-1.2,0.206587955583));
#10149 = LINE('',#10150,#10151);
#10150 = CARTESIAN_POINT('',(-0.948480775301,-1.2,0.667364817767));
#10151 = VECTOR('',#10152,1.);
#10152 = DIRECTION('',(-0.162423314012,1.858508865964E-18,
    -0.986721169868));
#10153 = ORIENTED_EDGE('',*,*,#10154,.T.);
#10154 = EDGE_CURVE('',#10147,#10155,#10157,.T.);
#10155 = VERTEX_POINT('',#10156);
#10156 = CARTESIAN_POINT('',(-1.270530792283,-1.2,0.));
#10157 = CIRCLE('',#10158,0.25);
#10158 = AXIS2_PLACEMENT_3D('',#10159,#10160,#10161);
#10159 = CARTESIAN_POINT('',(-1.270530792283,-1.2,0.25));
#10160 = DIRECTION('',(1.144237745222E-17,1.,1.155557966632E-33));
#10161 = DIRECTION('',(0.984807753012,-1.126854202784E-17,
    -0.173648177667));
#10162 = ORIENTED_EDGE('',*,*,#10163,.T.);
#10163 = EDGE_CURVE('',#10155,#10164,#10166,.T.);
#10164 = VERTEX_POINT('',#10165);
#10165 = CARTESIAN_POINT('',(-1.4,-1.2,0.));
#10166 = LINE('',#10167,#10168);
#10167 = CARTESIAN_POINT('',(-1.270530792283,-1.2,0.));
#10168 = VECTOR('',#10169,1.);
#10169 = DIRECTION('',(-1.,1.144237745222E-17,0.));
#10170 = ORIENTED_EDGE('',*,*,#10171,.T.);
#10171 = EDGE_CURVE('',#10164,#10172,#10174,.T.);
#10172 = VERTEX_POINT('',#10173);
#10173 = CARTESIAN_POINT('',(-1.4,-1.2,0.15));
#10174 = LINE('',#10175,#10176);
#10175 = CARTESIAN_POINT('',(-1.4,-1.2,0.));
#10176 = VECTOR('',#10177,1.);
#10177 = DIRECTION('',(0.,0.,1.));
#10178 = ORIENTED_EDGE('',*,*,#10179,.T.);
#10179 = EDGE_CURVE('',#10172,#10180,#10182,.T.);
#10180 = VERTEX_POINT('',#10181);
#10181 = CARTESIAN_POINT('',(-1.270530792283,-1.2,0.15));
#10182 = LINE('',#10183,#10184);
#10183 = CARTESIAN_POINT('',(-1.4,-1.2,0.15));
#10184 = VECTOR('',#10185,1.);
#10185 = DIRECTION('',(1.,-1.144237745222E-17,0.));
#10186 = ORIENTED_EDGE('',*,*,#10187,.T.);
#10187 = EDGE_CURVE('',#10180,#10188,#10190,.T.);
#10188 = VERTEX_POINT('',#10189);
#10189 = CARTESIAN_POINT('',(-1.172050016982,-1.2,0.232635182233));
#10190 = CIRCLE('',#10191,0.1);
#10191 = AXIS2_PLACEMENT_3D('',#10192,#10193,#10194);
#10192 = CARTESIAN_POINT('',(-1.270530792283,-1.2,0.25));
#10193 = DIRECTION('',(-1.144237745222E-17,-1.,0.));
#10194 = DIRECTION('',(-2.22044604925E-15,2.540718180781E-32,-1.));
#10195 = ORIENTED_EDGE('',*,*,#10196,.T.);
#10196 = EDGE_CURVE('',#10188,#10197,#10199,.T.);
#10197 = VERTEX_POINT('',#10198);
#10198 = CARTESIAN_POINT('',(-1.096201938253,-1.2,0.693412044417));
#10199 = LINE('',#10200,#10201);
#10200 = CARTESIAN_POINT('',(-1.172050016982,-1.2,0.232635182233));
#10201 = VECTOR('',#10202,1.);
#10202 = DIRECTION('',(0.162423314012,-1.858508865964E-18,0.986721169868
    ));
#10203 = ORIENTED_EDGE('',*,*,#10204,.T.);
#10204 = EDGE_CURVE('',#10197,#10205,#10207,.T.);
#10205 = VERTEX_POINT('',#10206);
#10206 = CARTESIAN_POINT('',(-0.85,-1.2,0.9));
#10207 = CIRCLE('',#10208,0.25);
#10208 = AXIS2_PLACEMENT_3D('',#10209,#10210,#10211);
#10209 = CARTESIAN_POINT('',(-0.85,-1.2,0.65));
#10210 = DIRECTION('',(1.144237745222E-17,1.,7.703719777549E-34));
#10211 = DIRECTION('',(-0.984807753012,1.126854202784E-17,0.173648177667
    ));
#10212 = ORIENTED_EDGE('',*,*,#10213,.T.);
#10213 = EDGE_CURVE('',#10205,#9335,#10214,.T.);
#10214 = LINE('',#10215,#10216);
#10215 = CARTESIAN_POINT('',(-0.85,-1.2,0.9));
#10216 = VECTOR('',#10217,1.);
#10217 = DIRECTION('',(1.,-1.144237745222E-17,0.));
#10218 = PLANE('',#10219);
#10219 = AXIS2_PLACEMENT_3D('',#10220,#10221,#10222);
#10220 = CARTESIAN_POINT('',(-1.069123385139,-1.2,0.441695635315));
#10221 = DIRECTION('',(1.144237745222E-17,1.,0.));
#10222 = DIRECTION('',(0.,-0.,1.));
#10223 = ADVANCED_FACE('',(#10224),#10243,.F.);
#10224 = FACE_BOUND('',#10225,.F.);
#10225 = EDGE_LOOP('',(#10226,#10227,#10236,#10242));
#10226 = ORIENTED_EDGE('',*,*,#9373,.T.);
#10227 = ORIENTED_EDGE('',*,*,#10228,.T.);
#10228 = EDGE_CURVE('',#9366,#10229,#10231,.T.);
#10229 = VERTEX_POINT('',#10230);
#10230 = CARTESIAN_POINT('',(-0.948480775301,-0.7,0.667364817767));
#10231 = CIRCLE('',#10232,0.1);
#10232 = AXIS2_PLACEMENT_3D('',#10233,#10234,#10235);
#10233 = CARTESIAN_POINT('',(-0.85,-0.7,0.65));
#10234 = DIRECTION('',(-1.144237745222E-17,-1.,0.));
#10235 = DIRECTION('',(0.,0.,1.));
#10236 = ORIENTED_EDGE('',*,*,#10237,.F.);
#10237 = EDGE_CURVE('',#10138,#10229,#10238,.T.);
#10238 = LINE('',#10239,#10240);
#10239 = CARTESIAN_POINT('',(-0.948480775301,-1.2,0.667364817767));
#10240 = VECTOR('',#10241,1.);
#10241 = DIRECTION('',(1.144237745222E-17,1.,0.));
#10242 = ORIENTED_EDGE('',*,*,#10137,.F.);
#10243 = CYLINDRICAL_SURFACE('',#10244,0.1);
#10244 = AXIS2_PLACEMENT_3D('',#10245,#10246,#10247);
#10245 = CARTESIAN_POINT('',(-0.85,-1.2,0.65));
#10246 = DIRECTION('',(-1.144237745222E-17,-1.,0.));
#10247 = DIRECTION('',(0.,0.,1.));
#10248 = ADVANCED_FACE('',(#10249),#10327,.T.);
#10249 = FACE_BOUND('',#10250,.T.);
#10250 = EDGE_LOOP('',(#10251,#10252,#10253,#10254,#10262,#10271,#10279,
    #10287,#10295,#10304,#10312,#10321));
#10251 = ORIENTED_EDGE('',*,*,#9387,.F.);
#10252 = ORIENTED_EDGE('',*,*,#9365,.T.);
#10253 = ORIENTED_EDGE('',*,*,#10228,.T.);
#10254 = ORIENTED_EDGE('',*,*,#10255,.T.);
#10255 = EDGE_CURVE('',#10229,#10256,#10258,.T.);
#10256 = VERTEX_POINT('',#10257);
#10257 = CARTESIAN_POINT('',(-1.02432885403,-0.7,0.206587955583));
#10258 = LINE('',#10259,#10260);
#10259 = CARTESIAN_POINT('',(-0.948480775301,-0.7,0.667364817767));
#10260 = VECTOR('',#10261,1.);
#10261 = DIRECTION('',(-0.162423314012,1.858508865964E-18,
    -0.986721169868));
#10262 = ORIENTED_EDGE('',*,*,#10263,.T.);
#10263 = EDGE_CURVE('',#10256,#10264,#10266,.T.);
#10264 = VERTEX_POINT('',#10265);
#10265 = CARTESIAN_POINT('',(-1.270530792283,-0.7,0.));
#10266 = CIRCLE('',#10267,0.25);
#10267 = AXIS2_PLACEMENT_3D('',#10268,#10269,#10270);
#10268 = CARTESIAN_POINT('',(-1.270530792283,-0.7,0.25));
#10269 = DIRECTION('',(1.144237745222E-17,1.,1.155557966632E-33));
#10270 = DIRECTION('',(0.984807753012,-1.126854202784E-17,
    -0.173648177667));
#10271 = ORIENTED_EDGE('',*,*,#10272,.T.);
#10272 = EDGE_CURVE('',#10264,#10273,#10275,.T.);
#10273 = VERTEX_POINT('',#10274);
#10274 = CARTESIAN_POINT('',(-1.4,-0.7,0.));
#10275 = LINE('',#10276,#10277);
#10276 = CARTESIAN_POINT('',(-1.270530792283,-0.7,0.));
#10277 = VECTOR('',#10278,1.);
#10278 = DIRECTION('',(-1.,1.144237745222E-17,0.));
#10279 = ORIENTED_EDGE('',*,*,#10280,.T.);
#10280 = EDGE_CURVE('',#10273,#10281,#10283,.T.);
#10281 = VERTEX_POINT('',#10282);
#10282 = CARTESIAN_POINT('',(-1.4,-0.7,0.15));
#10283 = LINE('',#10284,#10285);
#10284 = CARTESIAN_POINT('',(-1.4,-0.7,0.));
#10285 = VECTOR('',#10286,1.);
#10286 = DIRECTION('',(0.,0.,1.));
#10287 = ORIENTED_EDGE('',*,*,#10288,.T.);
#10288 = EDGE_CURVE('',#10281,#10289,#10291,.T.);
#10289 = VERTEX_POINT('',#10290);
#10290 = CARTESIAN_POINT('',(-1.270530792283,-0.7,0.15));
#10291 = LINE('',#10292,#10293);
#10292 = CARTESIAN_POINT('',(-1.4,-0.7,0.15));
#10293 = VECTOR('',#10294,1.);
#10294 = DIRECTION('',(1.,-1.144237745222E-17,0.));
#10295 = ORIENTED_EDGE('',*,*,#10296,.T.);
#10296 = EDGE_CURVE('',#10289,#10297,#10299,.T.);
#10297 = VERTEX_POINT('',#10298);
#10298 = CARTESIAN_POINT('',(-1.172050016982,-0.7,0.232635182233));
#10299 = CIRCLE('',#10300,0.1);
#10300 = AXIS2_PLACEMENT_3D('',#10301,#10302,#10303);
#10301 = CARTESIAN_POINT('',(-1.270530792283,-0.7,0.25));
#10302 = DIRECTION('',(-1.144237745222E-17,-1.,0.));
#10303 = DIRECTION('',(-2.22044604925E-15,2.540718180781E-32,-1.));
#10304 = ORIENTED_EDGE('',*,*,#10305,.T.);
#10305 = EDGE_CURVE('',#10297,#10306,#10308,.T.);
#10306 = VERTEX_POINT('',#10307);
#10307 = CARTESIAN_POINT('',(-1.096201938253,-0.7,0.693412044417));
#10308 = LINE('',#10309,#10310);
#10309 = CARTESIAN_POINT('',(-1.172050016982,-0.7,0.232635182233));
#10310 = VECTOR('',#10311,1.);
#10311 = DIRECTION('',(0.162423314012,-1.858508865964E-18,0.986721169868
    ));
#10312 = ORIENTED_EDGE('',*,*,#10313,.T.);
#10313 = EDGE_CURVE('',#10306,#10314,#10316,.T.);
#10314 = VERTEX_POINT('',#10315);
#10315 = CARTESIAN_POINT('',(-0.85,-0.7,0.9));
#10316 = CIRCLE('',#10317,0.25);
#10317 = AXIS2_PLACEMENT_3D('',#10318,#10319,#10320);
#10318 = CARTESIAN_POINT('',(-0.85,-0.7,0.65));
#10319 = DIRECTION('',(1.144237745222E-17,1.,7.703719777549E-34));
#10320 = DIRECTION('',(-0.984807753012,1.126854202784E-17,0.173648177667
    ));
#10321 = ORIENTED_EDGE('',*,*,#10322,.T.);
#10322 = EDGE_CURVE('',#10314,#9388,#10323,.T.);
#10323 = LINE('',#10324,#10325);
#10324 = CARTESIAN_POINT('',(-0.85,-0.7,0.9));
#10325 = VECTOR('',#10326,1.);
#10326 = DIRECTION('',(1.,-1.144237745222E-17,0.));
#10327 = PLANE('',#10328);
#10328 = AXIS2_PLACEMENT_3D('',#10329,#10330,#10331);
#10329 = CARTESIAN_POINT('',(-1.069123385139,-0.7,0.441695635315));
#10330 = DIRECTION('',(1.144237745222E-17,1.,0.));
#10331 = DIRECTION('',(0.,-0.,1.));
#10332 = ADVANCED_FACE('',(#10333),#10349,.F.);
#10333 = FACE_BOUND('',#10334,.F.);
#10334 = EDGE_LOOP('',(#10335,#10336,#10342,#10343));
#10335 = ORIENTED_EDGE('',*,*,#9404,.T.);
#10336 = ORIENTED_EDGE('',*,*,#10337,.T.);
#10337 = EDGE_CURVE('',#9397,#9857,#10338,.T.);
#10338 = LINE('',#10339,#10340);
#10339 = CARTESIAN_POINT('',(-0.85,-0.25,0.9));
#10340 = VECTOR('',#10341,1.);
#10341 = DIRECTION('',(1.,-1.144237745222E-17,0.));
#10342 = ORIENTED_EDGE('',*,*,#9856,.F.);
#10343 = ORIENTED_EDGE('',*,*,#10344,.F.);
#10344 = EDGE_CURVE('',#9388,#9849,#10345,.T.);
#10345 = LINE('',#10346,#10347);
#10346 = CARTESIAN_POINT('',(-0.85,-0.7,0.9));
#10347 = VECTOR('',#10348,1.);
#10348 = DIRECTION('',(1.,-1.144237745222E-17,0.));
#10349 = PLANE('',#10350);
#10350 = AXIS2_PLACEMENT_3D('',#10351,#10352,#10353);
#10351 = CARTESIAN_POINT('',(-2.091417030376E-16,1.4375,0.9));
#10352 = DIRECTION('',(4.595758349624E-18,6.551522493592E-27,-1.));
#10353 = DIRECTION('',(1.,1.51922136901E-16,4.595758349624E-18));
#10354 = ADVANCED_FACE('',(#10355),#10441,.F.);
#10355 = FACE_BOUND('',#10356,.F.);
#10356 = EDGE_LOOP('',(#10357,#10358,#10359,#10368,#10376,#10385,#10393,
    #10401,#10409,#10418,#10426,#10435));
#10357 = ORIENTED_EDGE('',*,*,#9396,.F.);
#10358 = ORIENTED_EDGE('',*,*,#9418,.T.);
#10359 = ORIENTED_EDGE('',*,*,#10360,.T.);
#10360 = EDGE_CURVE('',#9419,#10361,#10363,.T.);
#10361 = VERTEX_POINT('',#10362);
#10362 = CARTESIAN_POINT('',(-0.948480775301,-0.25,0.667364817767));
#10363 = CIRCLE('',#10364,0.1);
#10364 = AXIS2_PLACEMENT_3D('',#10365,#10366,#10367);
#10365 = CARTESIAN_POINT('',(-0.85,-0.25,0.65));
#10366 = DIRECTION('',(-1.144237745222E-17,-1.,0.));
#10367 = DIRECTION('',(0.,0.,1.));
#10368 = ORIENTED_EDGE('',*,*,#10369,.T.);
#10369 = EDGE_CURVE('',#10361,#10370,#10372,.T.);
#10370 = VERTEX_POINT('',#10371);
#10371 = CARTESIAN_POINT('',(-1.02432885403,-0.25,0.206587955583));
#10372 = LINE('',#10373,#10374);
#10373 = CARTESIAN_POINT('',(-0.948480775301,-0.25,0.667364817767));
#10374 = VECTOR('',#10375,1.);
#10375 = DIRECTION('',(-0.162423314012,1.858508865964E-18,
    -0.986721169868));
#10376 = ORIENTED_EDGE('',*,*,#10377,.T.);
#10377 = EDGE_CURVE('',#10370,#10378,#10380,.T.);
#10378 = VERTEX_POINT('',#10379);
#10379 = CARTESIAN_POINT('',(-1.270530792283,-0.25,0.));
#10380 = CIRCLE('',#10381,0.25);
#10381 = AXIS2_PLACEMENT_3D('',#10382,#10383,#10384);
#10382 = CARTESIAN_POINT('',(-1.270530792283,-0.25,0.25));
#10383 = DIRECTION('',(1.144237745222E-17,1.,1.155557966632E-33));
#10384 = DIRECTION('',(0.984807753012,-1.126854202784E-17,
    -0.173648177667));
#10385 = ORIENTED_EDGE('',*,*,#10386,.T.);
#10386 = EDGE_CURVE('',#10378,#10387,#10389,.T.);
#10387 = VERTEX_POINT('',#10388);
#10388 = CARTESIAN_POINT('',(-1.4,-0.25,0.));
#10389 = LINE('',#10390,#10391);
#10390 = CARTESIAN_POINT('',(-1.270530792283,-0.25,0.));
#10391 = VECTOR('',#10392,1.);
#10392 = DIRECTION('',(-1.,1.144237745222E-17,0.));
#10393 = ORIENTED_EDGE('',*,*,#10394,.T.);
#10394 = EDGE_CURVE('',#10387,#10395,#10397,.T.);
#10395 = VERTEX_POINT('',#10396);
#10396 = CARTESIAN_POINT('',(-1.4,-0.25,0.15));
#10397 = LINE('',#10398,#10399);
#10398 = CARTESIAN_POINT('',(-1.4,-0.25,0.));
#10399 = VECTOR('',#10400,1.);
#10400 = DIRECTION('',(0.,0.,1.));
#10401 = ORIENTED_EDGE('',*,*,#10402,.T.);
#10402 = EDGE_CURVE('',#10395,#10403,#10405,.T.);
#10403 = VERTEX_POINT('',#10404);
#10404 = CARTESIAN_POINT('',(-1.270530792283,-0.25,0.15));
#10405 = LINE('',#10406,#10407);
#10406 = CARTESIAN_POINT('',(-1.4,-0.25,0.15));
#10407 = VECTOR('',#10408,1.);
#10408 = DIRECTION('',(1.,-1.144237745222E-17,0.));
#10409 = ORIENTED_EDGE('',*,*,#10410,.T.);
#10410 = EDGE_CURVE('',#10403,#10411,#10413,.T.);
#10411 = VERTEX_POINT('',#10412);
#10412 = CARTESIAN_POINT('',(-1.172050016982,-0.25,0.232635182233));
#10413 = CIRCLE('',#10414,0.1);
#10414 = AXIS2_PLACEMENT_3D('',#10415,#10416,#10417);
#10415 = CARTESIAN_POINT('',(-1.270530792283,-0.25,0.25));
#10416 = DIRECTION('',(-1.144237745222E-17,-1.,0.));
#10417 = DIRECTION('',(-2.22044604925E-15,2.540718180781E-32,-1.));
#10418 = ORIENTED_EDGE('',*,*,#10419,.T.);
#10419 = EDGE_CURVE('',#10411,#10420,#10422,.T.);
#10420 = VERTEX_POINT('',#10421);
#10421 = CARTESIAN_POINT('',(-1.096201938253,-0.25,0.693412044417));
#10422 = LINE('',#10423,#10424);
#10423 = CARTESIAN_POINT('',(-1.172050016982,-0.25,0.232635182233));
#10424 = VECTOR('',#10425,1.);
#10425 = DIRECTION('',(0.162423314012,-1.858508865964E-18,0.986721169868
    ));
#10426 = ORIENTED_EDGE('',*,*,#10427,.T.);
#10427 = EDGE_CURVE('',#10420,#10428,#10430,.T.);
#10428 = VERTEX_POINT('',#10429);
#10429 = CARTESIAN_POINT('',(-0.85,-0.25,0.9));
#10430 = CIRCLE('',#10431,0.25);
#10431 = AXIS2_PLACEMENT_3D('',#10432,#10433,#10434);
#10432 = CARTESIAN_POINT('',(-0.85,-0.25,0.65));
#10433 = DIRECTION('',(1.144237745222E-17,1.,7.703719777549E-34));
#10434 = DIRECTION('',(-0.984807753012,1.126854202784E-17,0.173648177667
    ));
#10435 = ORIENTED_EDGE('',*,*,#10436,.T.);
#10436 = EDGE_CURVE('',#10428,#9397,#10437,.T.);
#10437 = LINE('',#10438,#10439);
#10438 = CARTESIAN_POINT('',(-0.85,-0.25,0.9));
#10439 = VECTOR('',#10440,1.);
#10440 = DIRECTION('',(1.,-1.144237745222E-17,0.));
#10441 = PLANE('',#10442);
#10442 = AXIS2_PLACEMENT_3D('',#10443,#10444,#10445);
#10443 = CARTESIAN_POINT('',(-1.069123385139,-0.25,0.441695635315));
#10444 = DIRECTION('',(1.144237745222E-17,1.,0.));
#10445 = DIRECTION('',(0.,-0.,1.));
#10446 = ADVANCED_FACE('',(#10447),#10466,.F.);
#10447 = FACE_BOUND('',#10448,.F.);
#10448 = EDGE_LOOP('',(#10449,#10450,#10459,#10465));
#10449 = ORIENTED_EDGE('',*,*,#9435,.T.);
#10450 = ORIENTED_EDGE('',*,*,#10451,.T.);
#10451 = EDGE_CURVE('',#9428,#10452,#10454,.T.);
#10452 = VERTEX_POINT('',#10453);
#10453 = CARTESIAN_POINT('',(-0.948480775301,0.25,0.667364817767));
#10454 = CIRCLE('',#10455,0.1);
#10455 = AXIS2_PLACEMENT_3D('',#10456,#10457,#10458);
#10456 = CARTESIAN_POINT('',(-0.85,0.25,0.65));
#10457 = DIRECTION('',(-1.144237745222E-17,-1.,0.));
#10458 = DIRECTION('',(0.,0.,1.));
#10459 = ORIENTED_EDGE('',*,*,#10460,.F.);
#10460 = EDGE_CURVE('',#10361,#10452,#10461,.T.);
#10461 = LINE('',#10462,#10463);
#10462 = CARTESIAN_POINT('',(-0.948480775301,-0.25,0.667364817767));
#10463 = VECTOR('',#10464,1.);
#10464 = DIRECTION('',(1.144237745222E-17,1.,0.));
#10465 = ORIENTED_EDGE('',*,*,#10360,.F.);
#10466 = CYLINDRICAL_SURFACE('',#10467,0.1);
#10467 = AXIS2_PLACEMENT_3D('',#10468,#10469,#10470);
#10468 = CARTESIAN_POINT('',(-0.85,-0.25,0.65));
#10469 = DIRECTION('',(-1.144237745222E-17,-1.,0.));
#10470 = DIRECTION('',(0.,0.,1.));
#10471 = ADVANCED_FACE('',(#10472),#10550,.T.);
#10472 = FACE_BOUND('',#10473,.T.);
#10473 = EDGE_LOOP('',(#10474,#10475,#10476,#10477,#10485,#10494,#10502,
    #10510,#10518,#10527,#10535,#10544));
#10474 = ORIENTED_EDGE('',*,*,#9449,.F.);
#10475 = ORIENTED_EDGE('',*,*,#9427,.T.);
#10476 = ORIENTED_EDGE('',*,*,#10451,.T.);
#10477 = ORIENTED_EDGE('',*,*,#10478,.T.);
#10478 = EDGE_CURVE('',#10452,#10479,#10481,.T.);
#10479 = VERTEX_POINT('',#10480);
#10480 = CARTESIAN_POINT('',(-1.02432885403,0.25,0.206587955583));
#10481 = LINE('',#10482,#10483);
#10482 = CARTESIAN_POINT('',(-0.948480775301,0.25,0.667364817767));
#10483 = VECTOR('',#10484,1.);
#10484 = DIRECTION('',(-0.162423314012,1.858508865964E-18,
    -0.986721169868));
#10485 = ORIENTED_EDGE('',*,*,#10486,.T.);
#10486 = EDGE_CURVE('',#10479,#10487,#10489,.T.);
#10487 = VERTEX_POINT('',#10488);
#10488 = CARTESIAN_POINT('',(-1.270530792283,0.25,0.));
#10489 = CIRCLE('',#10490,0.25);
#10490 = AXIS2_PLACEMENT_3D('',#10491,#10492,#10493);
#10491 = CARTESIAN_POINT('',(-1.270530792283,0.25,0.25));
#10492 = DIRECTION('',(1.144237745222E-17,1.,1.155557966632E-33));
#10493 = DIRECTION('',(0.984807753012,-1.126854202784E-17,
    -0.173648177667));
#10494 = ORIENTED_EDGE('',*,*,#10495,.T.);
#10495 = EDGE_CURVE('',#10487,#10496,#10498,.T.);
#10496 = VERTEX_POINT('',#10497);
#10497 = CARTESIAN_POINT('',(-1.4,0.25,0.));
#10498 = LINE('',#10499,#10500);
#10499 = CARTESIAN_POINT('',(-1.270530792283,0.25,0.));
#10500 = VECTOR('',#10501,1.);
#10501 = DIRECTION('',(-1.,1.144237745222E-17,0.));
#10502 = ORIENTED_EDGE('',*,*,#10503,.T.);
#10503 = EDGE_CURVE('',#10496,#10504,#10506,.T.);
#10504 = VERTEX_POINT('',#10505);
#10505 = CARTESIAN_POINT('',(-1.4,0.25,0.15));
#10506 = LINE('',#10507,#10508);
#10507 = CARTESIAN_POINT('',(-1.4,0.25,0.));
#10508 = VECTOR('',#10509,1.);
#10509 = DIRECTION('',(0.,0.,1.));
#10510 = ORIENTED_EDGE('',*,*,#10511,.T.);
#10511 = EDGE_CURVE('',#10504,#10512,#10514,.T.);
#10512 = VERTEX_POINT('',#10513);
#10513 = CARTESIAN_POINT('',(-1.270530792283,0.25,0.15));
#10514 = LINE('',#10515,#10516);
#10515 = CARTESIAN_POINT('',(-1.4,0.25,0.15));
#10516 = VECTOR('',#10517,1.);
#10517 = DIRECTION('',(1.,-1.144237745222E-17,0.));
#10518 = ORIENTED_EDGE('',*,*,#10519,.T.);
#10519 = EDGE_CURVE('',#10512,#10520,#10522,.T.);
#10520 = VERTEX_POINT('',#10521);
#10521 = CARTESIAN_POINT('',(-1.172050016982,0.25,0.232635182233));
#10522 = CIRCLE('',#10523,0.1);
#10523 = AXIS2_PLACEMENT_3D('',#10524,#10525,#10526);
#10524 = CARTESIAN_POINT('',(-1.270530792283,0.25,0.25));
#10525 = DIRECTION('',(-1.144237745222E-17,-1.,0.));
#10526 = DIRECTION('',(-2.22044604925E-15,2.540718180781E-32,-1.));
#10527 = ORIENTED_EDGE('',*,*,#10528,.T.);
#10528 = EDGE_CURVE('',#10520,#10529,#10531,.T.);
#10529 = VERTEX_POINT('',#10530);
#10530 = CARTESIAN_POINT('',(-1.096201938253,0.25,0.693412044417));
#10531 = LINE('',#10532,#10533);
#10532 = CARTESIAN_POINT('',(-1.172050016982,0.25,0.232635182233));
#10533 = VECTOR('',#10534,1.);
#10534 = DIRECTION('',(0.162423314012,-1.858508865964E-18,0.986721169868
    ));
#10535 = ORIENTED_EDGE('',*,*,#10536,.T.);
#10536 = EDGE_CURVE('',#10529,#10537,#10539,.T.);
#10537 = VERTEX_POINT('',#10538);
#10538 = CARTESIAN_POINT('',(-0.85,0.25,0.9));
#10539 = CIRCLE('',#10540,0.25);
#10540 = AXIS2_PLACEMENT_3D('',#10541,#10542,#10543);
#10541 = CARTESIAN_POINT('',(-0.85,0.25,0.65));
#10542 = DIRECTION('',(1.144237745222E-17,1.,7.703719777549E-34));
#10543 = DIRECTION('',(-0.984807753012,1.126854202784E-17,0.173648177667
    ));
#10544 = ORIENTED_EDGE('',*,*,#10545,.T.);
#10545 = EDGE_CURVE('',#10537,#9450,#10546,.T.);
#10546 = LINE('',#10547,#10548);
#10547 = CARTESIAN_POINT('',(-0.85,0.25,0.9));
#10548 = VECTOR('',#10549,1.);
#10549 = DIRECTION('',(1.,-1.144237745222E-17,0.));
#10550 = PLANE('',#10551);
#10551 = AXIS2_PLACEMENT_3D('',#10552,#10553,#10554);
#10552 = CARTESIAN_POINT('',(-1.069123385139,0.25,0.441695635315));
#10553 = DIRECTION('',(1.144237745222E-17,1.,0.));
#10554 = DIRECTION('',(0.,-0.,1.));
#10555 = ADVANCED_FACE('',(#10556),#10567,.F.);
#10556 = FACE_BOUND('',#10557,.F.);
#10557 = EDGE_LOOP('',(#10558,#10559,#10560,#10561));
#10558 = ORIENTED_EDGE('',*,*,#9466,.T.);
#10559 = ORIENTED_EDGE('',*,*,#9824,.T.);
#10560 = ORIENTED_EDGE('',*,*,#9872,.F.);
#10561 = ORIENTED_EDGE('',*,*,#10562,.F.);
#10562 = EDGE_CURVE('',#9450,#9865,#10563,.T.);
#10563 = LINE('',#10564,#10565);
#10564 = CARTESIAN_POINT('',(-0.85,0.25,0.9));
#10565 = VECTOR('',#10566,1.);
#10566 = DIRECTION('',(1.,-1.144237745222E-17,0.));
#10567 = PLANE('',#10568);
#10568 = AXIS2_PLACEMENT_3D('',#10569,#10570,#10571);
#10569 = CARTESIAN_POINT('',(-2.091417030376E-16,1.4375,0.9));
#10570 = DIRECTION('',(4.595758349624E-18,6.551522493592E-27,-1.));
#10571 = DIRECTION('',(1.,1.51922136901E-16,4.595758349624E-18));
#10572 = ADVANCED_FACE('',(#10573),#10652,.F.);
#10573 = FACE_BOUND('',#10574,.F.);
#10574 = EDGE_LOOP('',(#10575,#10576,#10577,#10586,#10594,#10603,#10611,
    #10619,#10627,#10636,#10644,#10651));
#10575 = ORIENTED_EDGE('',*,*,#9458,.F.);
#10576 = ORIENTED_EDGE('',*,*,#9480,.T.);
#10577 = ORIENTED_EDGE('',*,*,#10578,.T.);
#10578 = EDGE_CURVE('',#9481,#10579,#10581,.T.);
#10579 = VERTEX_POINT('',#10580);
#10580 = CARTESIAN_POINT('',(-0.948480775301,0.7,0.667364817767));
#10581 = CIRCLE('',#10582,0.1);
#10582 = AXIS2_PLACEMENT_3D('',#10583,#10584,#10585);
#10583 = CARTESIAN_POINT('',(-0.85,0.7,0.65));
#10584 = DIRECTION('',(-1.144237745222E-17,-1.,0.));
#10585 = DIRECTION('',(0.,0.,1.));
#10586 = ORIENTED_EDGE('',*,*,#10587,.T.);
#10587 = EDGE_CURVE('',#10579,#10588,#10590,.T.);
#10588 = VERTEX_POINT('',#10589);
#10589 = CARTESIAN_POINT('',(-1.02432885403,0.7,0.206587955583));
#10590 = LINE('',#10591,#10592);
#10591 = CARTESIAN_POINT('',(-0.948480775301,0.7,0.667364817767));
#10592 = VECTOR('',#10593,1.);
#10593 = DIRECTION('',(-0.162423314012,1.858508865964E-18,
    -0.986721169868));
#10594 = ORIENTED_EDGE('',*,*,#10595,.T.);
#10595 = EDGE_CURVE('',#10588,#10596,#10598,.T.);
#10596 = VERTEX_POINT('',#10597);
#10597 = CARTESIAN_POINT('',(-1.270530792283,0.7,0.));
#10598 = CIRCLE('',#10599,0.25);
#10599 = AXIS2_PLACEMENT_3D('',#10600,#10601,#10602);
#10600 = CARTESIAN_POINT('',(-1.270530792283,0.7,0.25));
#10601 = DIRECTION('',(1.144237745222E-17,1.,1.155557966632E-33));
#10602 = DIRECTION('',(0.984807753012,-1.126854202784E-17,
    -0.173648177667));
#10603 = ORIENTED_EDGE('',*,*,#10604,.T.);
#10604 = EDGE_CURVE('',#10596,#10605,#10607,.T.);
#10605 = VERTEX_POINT('',#10606);
#10606 = CARTESIAN_POINT('',(-1.4,0.7,0.));
#10607 = LINE('',#10608,#10609);
#10608 = CARTESIAN_POINT('',(-1.270530792283,0.7,0.));
#10609 = VECTOR('',#10610,1.);
#10610 = DIRECTION('',(-1.,1.144237745222E-17,0.));
#10611 = ORIENTED_EDGE('',*,*,#10612,.T.);
#10612 = EDGE_CURVE('',#10605,#10613,#10615,.T.);
#10613 = VERTEX_POINT('',#10614);
#10614 = CARTESIAN_POINT('',(-1.4,0.7,0.15));
#10615 = LINE('',#10616,#10617);
#10616 = CARTESIAN_POINT('',(-1.4,0.7,0.));
#10617 = VECTOR('',#10618,1.);
#10618 = DIRECTION('',(0.,0.,1.));
#10619 = ORIENTED_EDGE('',*,*,#10620,.T.);
#10620 = EDGE_CURVE('',#10613,#10621,#10623,.T.);
#10621 = VERTEX_POINT('',#10622);
#10622 = CARTESIAN_POINT('',(-1.270530792283,0.7,0.15));
#10623 = LINE('',#10624,#10625);
#10624 = CARTESIAN_POINT('',(-1.4,0.7,0.15));
#10625 = VECTOR('',#10626,1.);
#10626 = DIRECTION('',(1.,-1.144237745222E-17,0.));
#10627 = ORIENTED_EDGE('',*,*,#10628,.T.);
#10628 = EDGE_CURVE('',#10621,#10629,#10631,.T.);
#10629 = VERTEX_POINT('',#10630);
#10630 = CARTESIAN_POINT('',(-1.172050016982,0.7,0.232635182233));
#10631 = CIRCLE('',#10632,0.1);
#10632 = AXIS2_PLACEMENT_3D('',#10633,#10634,#10635);
#10633 = CARTESIAN_POINT('',(-1.270530792283,0.7,0.25));
#10634 = DIRECTION('',(-1.144237745222E-17,-1.,0.));
#10635 = DIRECTION('',(-2.22044604925E-15,2.540718180781E-32,-1.));
#10636 = ORIENTED_EDGE('',*,*,#10637,.T.);
#10637 = EDGE_CURVE('',#10629,#10638,#10640,.T.);
#10638 = VERTEX_POINT('',#10639);
#10639 = CARTESIAN_POINT('',(-1.096201938253,0.7,0.693412044417));
#10640 = LINE('',#10641,#10642);
#10641 = CARTESIAN_POINT('',(-1.172050016982,0.7,0.232635182233));
#10642 = VECTOR('',#10643,1.);
#10643 = DIRECTION('',(0.162423314012,-1.858508865964E-18,0.986721169868
    ));
#10644 = ORIENTED_EDGE('',*,*,#10645,.T.);
#10645 = EDGE_CURVE('',#10638,#9794,#10646,.T.);
#10646 = CIRCLE('',#10647,0.25);
#10647 = AXIS2_PLACEMENT_3D('',#10648,#10649,#10650);
#10648 = CARTESIAN_POINT('',(-0.85,0.7,0.65));
#10649 = DIRECTION('',(1.144237745222E-17,1.,7.703719777549E-34));
#10650 = DIRECTION('',(-0.984807753012,1.126854202784E-17,0.173648177667
    ));
#10651 = ORIENTED_EDGE('',*,*,#9793,.T.);
#10652 = PLANE('',#10653);
#10653 = AXIS2_PLACEMENT_3D('',#10654,#10655,#10656);
#10654 = CARTESIAN_POINT('',(-1.069123385139,0.7,0.441695635315));
#10655 = DIRECTION('',(1.144237745222E-17,1.,0.));
#10656 = DIRECTION('',(0.,-0.,1.));
#10657 = ADVANCED_FACE('',(#10658),#10677,.F.);
#10658 = FACE_BOUND('',#10659,.F.);
#10659 = EDGE_LOOP('',(#10660,#10661,#10670,#10676));
#10660 = ORIENTED_EDGE('',*,*,#9497,.T.);
#10661 = ORIENTED_EDGE('',*,*,#10662,.T.);
#10662 = EDGE_CURVE('',#9490,#10663,#10665,.T.);
#10663 = VERTEX_POINT('',#10664);
#10664 = CARTESIAN_POINT('',(-0.948480775301,1.2,0.667364817767));
#10665 = CIRCLE('',#10666,0.1);
#10666 = AXIS2_PLACEMENT_3D('',#10667,#10668,#10669);
#10667 = CARTESIAN_POINT('',(-0.85,1.2,0.65));
#10668 = DIRECTION('',(-1.144237745222E-17,-1.,0.));
#10669 = DIRECTION('',(0.,0.,1.));
#10670 = ORIENTED_EDGE('',*,*,#10671,.F.);
#10671 = EDGE_CURVE('',#10579,#10663,#10672,.T.);
#10672 = LINE('',#10673,#10674);
#10673 = CARTESIAN_POINT('',(-0.948480775301,0.7,0.667364817767));
#10674 = VECTOR('',#10675,1.);
#10675 = DIRECTION('',(1.144237745222E-17,1.,0.));
#10676 = ORIENTED_EDGE('',*,*,#10578,.F.);
#10677 = CYLINDRICAL_SURFACE('',#10678,0.1);
#10678 = AXIS2_PLACEMENT_3D('',#10679,#10680,#10681);
#10679 = CARTESIAN_POINT('',(-0.85,0.7,0.65));
#10680 = DIRECTION('',(-1.144237745222E-17,-1.,0.));
#10681 = DIRECTION('',(0.,0.,1.));
#10682 = ADVANCED_FACE('',(#10683),#10754,.T.);
#10683 = FACE_BOUND('',#10684,.T.);
#10684 = EDGE_LOOP('',(#10685,#10686,#10687,#10688,#10696,#10705,#10713,
    #10721,#10729,#10738,#10746,#10753));
#10685 = ORIENTED_EDGE('',*,*,#9511,.F.);
#10686 = ORIENTED_EDGE('',*,*,#9489,.T.);
#10687 = ORIENTED_EDGE('',*,*,#10662,.T.);
#10688 = ORIENTED_EDGE('',*,*,#10689,.T.);
#10689 = EDGE_CURVE('',#10663,#10690,#10692,.T.);
#10690 = VERTEX_POINT('',#10691);
#10691 = CARTESIAN_POINT('',(-1.02432885403,1.2,0.206587955583));
#10692 = LINE('',#10693,#10694);
#10693 = CARTESIAN_POINT('',(-0.948480775301,1.2,0.667364817767));
#10694 = VECTOR('',#10695,1.);
#10695 = DIRECTION('',(-0.162423314012,1.858508865964E-18,
    -0.986721169868));
#10696 = ORIENTED_EDGE('',*,*,#10697,.T.);
#10697 = EDGE_CURVE('',#10690,#10698,#10700,.T.);
#10698 = VERTEX_POINT('',#10699);
#10699 = CARTESIAN_POINT('',(-1.270530792283,1.2,0.));
#10700 = CIRCLE('',#10701,0.25);
#10701 = AXIS2_PLACEMENT_3D('',#10702,#10703,#10704);
#10702 = CARTESIAN_POINT('',(-1.270530792283,1.2,0.25));
#10703 = DIRECTION('',(1.144237745222E-17,1.,1.155557966632E-33));
#10704 = DIRECTION('',(0.984807753012,-1.126854202784E-17,
    -0.173648177667));
#10705 = ORIENTED_EDGE('',*,*,#10706,.T.);
#10706 = EDGE_CURVE('',#10698,#10707,#10709,.T.);
#10707 = VERTEX_POINT('',#10708);
#10708 = CARTESIAN_POINT('',(-1.4,1.2,0.));
#10709 = LINE('',#10710,#10711);
#10710 = CARTESIAN_POINT('',(-1.270530792283,1.2,0.));
#10711 = VECTOR('',#10712,1.);
#10712 = DIRECTION('',(-1.,1.144237745222E-17,0.));
#10713 = ORIENTED_EDGE('',*,*,#10714,.T.);
#10714 = EDGE_CURVE('',#10707,#10715,#10717,.T.);
#10715 = VERTEX_POINT('',#10716);
#10716 = CARTESIAN_POINT('',(-1.4,1.2,0.15));
#10717 = LINE('',#10718,#10719);
#10718 = CARTESIAN_POINT('',(-1.4,1.2,0.));
#10719 = VECTOR('',#10720,1.);
#10720 = DIRECTION('',(0.,0.,1.));
#10721 = ORIENTED_EDGE('',*,*,#10722,.T.);
#10722 = EDGE_CURVE('',#10715,#10723,#10725,.T.);
#10723 = VERTEX_POINT('',#10724);
#10724 = CARTESIAN_POINT('',(-1.270530792283,1.2,0.15));
#10725 = LINE('',#10726,#10727);
#10726 = CARTESIAN_POINT('',(-1.4,1.2,0.15));
#10727 = VECTOR('',#10728,1.);
#10728 = DIRECTION('',(1.,-1.144237745222E-17,0.));
#10729 = ORIENTED_EDGE('',*,*,#10730,.T.);
#10730 = EDGE_CURVE('',#10723,#10731,#10733,.T.);
#10731 = VERTEX_POINT('',#10732);
#10732 = CARTESIAN_POINT('',(-1.172050016982,1.2,0.232635182233));
#10733 = CIRCLE('',#10734,0.1);
#10734 = AXIS2_PLACEMENT_3D('',#10735,#10736,#10737);
#10735 = CARTESIAN_POINT('',(-1.270530792283,1.2,0.25));
#10736 = DIRECTION('',(-1.144237745222E-17,-1.,0.));
#10737 = DIRECTION('',(-2.22044604925E-15,2.540718180781E-32,-1.));
#10738 = ORIENTED_EDGE('',*,*,#10739,.T.);
#10739 = EDGE_CURVE('',#10731,#10740,#10742,.T.);
#10740 = VERTEX_POINT('',#10741);
#10741 = CARTESIAN_POINT('',(-1.096201938253,1.2,0.693412044417));
#10742 = LINE('',#10743,#10744);
#10743 = CARTESIAN_POINT('',(-1.172050016982,1.2,0.232635182233));
#10744 = VECTOR('',#10745,1.);
#10745 = DIRECTION('',(0.162423314012,-1.858508865964E-18,0.986721169868
    ));
#10746 = ORIENTED_EDGE('',*,*,#10747,.T.);
#10747 = EDGE_CURVE('',#10740,#9802,#10748,.T.);
#10748 = CIRCLE('',#10749,0.25);
#10749 = AXIS2_PLACEMENT_3D('',#10750,#10751,#10752);
#10750 = CARTESIAN_POINT('',(-0.85,1.2,0.65));
#10751 = DIRECTION('',(1.144237745222E-17,1.,7.703719777549E-34));
#10752 = DIRECTION('',(-0.984807753012,1.126854202784E-17,0.173648177667
    ));
#10753 = ORIENTED_EDGE('',*,*,#9809,.T.);
#10754 = PLANE('',#10755);
#10755 = AXIS2_PLACEMENT_3D('',#10756,#10757,#10758);
#10756 = CARTESIAN_POINT('',(-1.069123385139,1.2,0.441695635315));
#10757 = DIRECTION('',(1.144237745222E-17,1.,0.));
#10758 = DIRECTION('',(0.,-0.,1.));
#10759 = ADVANCED_FACE('',(#10760),#10839,.F.);
#10760 = FACE_BOUND('',#10761,.F.);
#10761 = EDGE_LOOP('',(#10762,#10763,#10764,#10773,#10781,#10790,#10798,
    #10806,#10814,#10823,#10831,#10838));
#10762 = ORIENTED_EDGE('',*,*,#9530,.F.);
#10763 = ORIENTED_EDGE('',*,*,#9545,.T.);
#10764 = ORIENTED_EDGE('',*,*,#10765,.T.);
#10765 = EDGE_CURVE('',#9546,#10766,#10768,.T.);
#10766 = VERTEX_POINT('',#10767);
#10767 = CARTESIAN_POINT('',(0.948480775301,1.2,0.667364817767));
#10768 = CIRCLE('',#10769,0.1);
#10769 = AXIS2_PLACEMENT_3D('',#10770,#10771,#10772);
#10770 = CARTESIAN_POINT('',(0.85,1.2,0.65));
#10771 = DIRECTION('',(-1.110223024625E-16,1.,0.));
#10772 = DIRECTION('',(0.,0.,1.));
#10773 = ORIENTED_EDGE('',*,*,#10774,.T.);
#10774 = EDGE_CURVE('',#10766,#10775,#10777,.T.);
#10775 = VERTEX_POINT('',#10776);
#10776 = CARTESIAN_POINT('',(1.02432885403,1.2,0.206587955583));
#10777 = LINE('',#10778,#10779);
#10778 = CARTESIAN_POINT('',(0.948480775301,1.2,0.667364817767));
#10779 = VECTOR('',#10780,1.);
#10780 = DIRECTION('',(0.162423314012,1.803261029519E-17,-0.986721169868
    ));
#10781 = ORIENTED_EDGE('',*,*,#10782,.T.);
#10782 = EDGE_CURVE('',#10775,#10783,#10785,.T.);
#10783 = VERTEX_POINT('',#10784);
#10784 = CARTESIAN_POINT('',(1.270530792283,1.2,0.));
#10785 = CIRCLE('',#10786,0.25);
#10786 = AXIS2_PLACEMENT_3D('',#10787,#10788,#10789);
#10787 = CARTESIAN_POINT('',(1.270530792283,1.2,0.25));
#10788 = DIRECTION('',(1.110223024625E-16,-1.,0.));
#10789 = DIRECTION('',(-0.984807753012,-1.093356242223E-16,
    -0.173648177667));
#10790 = ORIENTED_EDGE('',*,*,#10791,.T.);
#10791 = EDGE_CURVE('',#10783,#10792,#10794,.T.);
#10792 = VERTEX_POINT('',#10793);
#10793 = CARTESIAN_POINT('',(1.4,1.2,0.));
#10794 = LINE('',#10795,#10796);
#10795 = CARTESIAN_POINT('',(1.270530792283,1.2,0.));
#10796 = VECTOR('',#10797,1.);
#10797 = DIRECTION('',(1.,1.110223024625E-16,0.));
#10798 = ORIENTED_EDGE('',*,*,#10799,.T.);
#10799 = EDGE_CURVE('',#10792,#10800,#10802,.T.);
#10800 = VERTEX_POINT('',#10801);
#10801 = CARTESIAN_POINT('',(1.4,1.2,0.15));
#10802 = LINE('',#10803,#10804);
#10803 = CARTESIAN_POINT('',(1.4,1.2,0.));
#10804 = VECTOR('',#10805,1.);
#10805 = DIRECTION('',(0.,0.,1.));
#10806 = ORIENTED_EDGE('',*,*,#10807,.T.);
#10807 = EDGE_CURVE('',#10800,#10808,#10810,.T.);
#10808 = VERTEX_POINT('',#10809);
#10809 = CARTESIAN_POINT('',(1.270530792283,1.2,0.15));
#10810 = LINE('',#10811,#10812);
#10811 = CARTESIAN_POINT('',(1.4,1.2,0.15));
#10812 = VECTOR('',#10813,1.);
#10813 = DIRECTION('',(-1.,-1.110223024625E-16,0.));
#10814 = ORIENTED_EDGE('',*,*,#10815,.T.);
#10815 = EDGE_CURVE('',#10808,#10816,#10818,.T.);
#10816 = VERTEX_POINT('',#10817);
#10817 = CARTESIAN_POINT('',(1.172050016982,1.2,0.232635182233));
#10818 = CIRCLE('',#10819,0.1);
#10819 = AXIS2_PLACEMENT_3D('',#10820,#10821,#10822);
#10820 = CARTESIAN_POINT('',(1.270530792283,1.2,0.25));
#10821 = DIRECTION('',(-1.110223024625E-16,1.,0.));
#10822 = DIRECTION('',(2.22044604925E-15,2.465190328815E-31,-1.));
#10823 = ORIENTED_EDGE('',*,*,#10824,.T.);
#10824 = EDGE_CURVE('',#10816,#10825,#10827,.T.);
#10825 = VERTEX_POINT('',#10826);
#10826 = CARTESIAN_POINT('',(1.096201938253,1.2,0.693412044417));
#10827 = LINE('',#10828,#10829);
#10828 = CARTESIAN_POINT('',(1.172050016982,1.2,0.232635182233));
#10829 = VECTOR('',#10830,1.);
#10830 = DIRECTION('',(-0.162423314012,-1.803261029519E-17,
    0.986721169868));
#10831 = ORIENTED_EDGE('',*,*,#10832,.T.);
#10832 = EDGE_CURVE('',#10825,#10049,#10833,.T.);
#10833 = CIRCLE('',#10834,0.25);
#10834 = AXIS2_PLACEMENT_3D('',#10835,#10836,#10837);
#10835 = CARTESIAN_POINT('',(0.85,1.2,0.65));
#10836 = DIRECTION('',(1.110223024625E-16,-1.,0.));
#10837 = DIRECTION('',(0.984807753012,1.093356242223E-16,0.173648177667)
  );
#10838 = ORIENTED_EDGE('',*,*,#10048,.T.);
#10839 = PLANE('',#10840);
#10840 = AXIS2_PLACEMENT_3D('',#10841,#10842,#10843);
#10841 = CARTESIAN_POINT('',(1.069123385139,1.2,0.441695635315));
#10842 = DIRECTION('',(1.110223024625E-16,-1.,0.));
#10843 = DIRECTION('',(0.,0.,1.));
#10844 = ADVANCED_FACE('',(#10845),#10864,.F.);
#10845 = FACE_BOUND('',#10846,.F.);
#10846 = EDGE_LOOP('',(#10847,#10848,#10857,#10863));
#10847 = ORIENTED_EDGE('',*,*,#9562,.T.);
#10848 = ORIENTED_EDGE('',*,*,#10849,.T.);
#10849 = EDGE_CURVE('',#9555,#10850,#10852,.T.);
#10850 = VERTEX_POINT('',#10851);
#10851 = CARTESIAN_POINT('',(0.948480775301,0.7,0.667364817767));
#10852 = CIRCLE('',#10853,0.1);
#10853 = AXIS2_PLACEMENT_3D('',#10854,#10855,#10856);
#10854 = CARTESIAN_POINT('',(0.85,0.7,0.65));
#10855 = DIRECTION('',(-1.110223024625E-16,1.,0.));
#10856 = DIRECTION('',(0.,0.,1.));
#10857 = ORIENTED_EDGE('',*,*,#10858,.F.);
#10858 = EDGE_CURVE('',#10766,#10850,#10859,.T.);
#10859 = LINE('',#10860,#10861);
#10860 = CARTESIAN_POINT('',(0.948480775301,1.2,0.667364817767));
#10861 = VECTOR('',#10862,1.);
#10862 = DIRECTION('',(1.110223024625E-16,-1.,0.));
#10863 = ORIENTED_EDGE('',*,*,#10765,.F.);
#10864 = CYLINDRICAL_SURFACE('',#10865,0.1);
#10865 = AXIS2_PLACEMENT_3D('',#10866,#10867,#10868);
#10866 = CARTESIAN_POINT('',(0.85,1.2,0.65));
#10867 = DIRECTION('',(-1.110223024625E-16,1.,0.));
#10868 = DIRECTION('',(0.,0.,1.));
#10869 = ADVANCED_FACE('',(#10870),#10941,.T.);
#10870 = FACE_BOUND('',#10871,.T.);
#10871 = EDGE_LOOP('',(#10872,#10873,#10874,#10875,#10883,#10892,#10900,
    #10908,#10916,#10925,#10933,#10940));
#10872 = ORIENTED_EDGE('',*,*,#9576,.F.);
#10873 = ORIENTED_EDGE('',*,*,#9554,.T.);
#10874 = ORIENTED_EDGE('',*,*,#10849,.T.);
#10875 = ORIENTED_EDGE('',*,*,#10876,.T.);
#10876 = EDGE_CURVE('',#10850,#10877,#10879,.T.);
#10877 = VERTEX_POINT('',#10878);
#10878 = CARTESIAN_POINT('',(1.02432885403,0.7,0.206587955583));
#10879 = LINE('',#10880,#10881);
#10880 = CARTESIAN_POINT('',(0.948480775301,0.7,0.667364817767));
#10881 = VECTOR('',#10882,1.);
#10882 = DIRECTION('',(0.162423314012,1.803261029519E-17,-0.986721169868
    ));
#10883 = ORIENTED_EDGE('',*,*,#10884,.T.);
#10884 = EDGE_CURVE('',#10877,#10885,#10887,.T.);
#10885 = VERTEX_POINT('',#10886);
#10886 = CARTESIAN_POINT('',(1.270530792283,0.7,0.));
#10887 = CIRCLE('',#10888,0.25);
#10888 = AXIS2_PLACEMENT_3D('',#10889,#10890,#10891);
#10889 = CARTESIAN_POINT('',(1.270530792283,0.7,0.25));
#10890 = DIRECTION('',(1.110223024625E-16,-1.,0.));
#10891 = DIRECTION('',(-0.984807753012,-1.093356242223E-16,
    -0.173648177667));
#10892 = ORIENTED_EDGE('',*,*,#10893,.T.);
#10893 = EDGE_CURVE('',#10885,#10894,#10896,.T.);
#10894 = VERTEX_POINT('',#10895);
#10895 = CARTESIAN_POINT('',(1.4,0.7,0.));
#10896 = LINE('',#10897,#10898);
#10897 = CARTESIAN_POINT('',(1.270530792283,0.7,0.));
#10898 = VECTOR('',#10899,1.);
#10899 = DIRECTION('',(1.,1.110223024625E-16,0.));
#10900 = ORIENTED_EDGE('',*,*,#10901,.T.);
#10901 = EDGE_CURVE('',#10894,#10902,#10904,.T.);
#10902 = VERTEX_POINT('',#10903);
#10903 = CARTESIAN_POINT('',(1.4,0.7,0.15));
#10904 = LINE('',#10905,#10906);
#10905 = CARTESIAN_POINT('',(1.4,0.7,0.));
#10906 = VECTOR('',#10907,1.);
#10907 = DIRECTION('',(0.,0.,1.));
#10908 = ORIENTED_EDGE('',*,*,#10909,.T.);
#10909 = EDGE_CURVE('',#10902,#10910,#10912,.T.);
#10910 = VERTEX_POINT('',#10911);
#10911 = CARTESIAN_POINT('',(1.270530792283,0.7,0.15));
#10912 = LINE('',#10913,#10914);
#10913 = CARTESIAN_POINT('',(1.4,0.7,0.15));
#10914 = VECTOR('',#10915,1.);
#10915 = DIRECTION('',(-1.,-1.110223024625E-16,0.));
#10916 = ORIENTED_EDGE('',*,*,#10917,.T.);
#10917 = EDGE_CURVE('',#10910,#10918,#10920,.T.);
#10918 = VERTEX_POINT('',#10919);
#10919 = CARTESIAN_POINT('',(1.172050016982,0.7,0.232635182233));
#10920 = CIRCLE('',#10921,0.1);
#10921 = AXIS2_PLACEMENT_3D('',#10922,#10923,#10924);
#10922 = CARTESIAN_POINT('',(1.270530792283,0.7,0.25));
#10923 = DIRECTION('',(-1.110223024625E-16,1.,0.));
#10924 = DIRECTION('',(2.22044604925E-15,2.465190328815E-31,-1.));
#10925 = ORIENTED_EDGE('',*,*,#10926,.T.);
#10926 = EDGE_CURVE('',#10918,#10927,#10929,.T.);
#10927 = VERTEX_POINT('',#10928);
#10928 = CARTESIAN_POINT('',(1.096201938253,0.7,0.693412044417));
#10929 = LINE('',#10930,#10931);
#10930 = CARTESIAN_POINT('',(1.172050016982,0.7,0.232635182233));
#10931 = VECTOR('',#10932,1.);
#10932 = DIRECTION('',(-0.162423314012,-1.803261029519E-17,
    0.986721169868));
#10933 = ORIENTED_EDGE('',*,*,#10934,.T.);
#10934 = EDGE_CURVE('',#10927,#10057,#10935,.T.);
#10935 = CIRCLE('',#10936,0.25);
#10936 = AXIS2_PLACEMENT_3D('',#10937,#10938,#10939);
#10937 = CARTESIAN_POINT('',(0.85,0.7,0.65));
#10938 = DIRECTION('',(1.110223024625E-16,-1.,0.));
#10939 = DIRECTION('',(0.984807753012,1.093356242223E-16,0.173648177667)
  );
#10940 = ORIENTED_EDGE('',*,*,#10064,.T.);
#10941 = PLANE('',#10942);
#10942 = AXIS2_PLACEMENT_3D('',#10943,#10944,#10945);
#10943 = CARTESIAN_POINT('',(1.069123385139,0.7,0.441695635315));
#10944 = DIRECTION('',(1.110223024625E-16,-1.,0.));
#10945 = DIRECTION('',(0.,0.,1.));
#10946 = ADVANCED_FACE('',(#10947),#10958,.F.);
#10947 = FACE_BOUND('',#10948,.F.);
#10948 = EDGE_LOOP('',(#10949,#10950,#10951,#10957));
#10949 = ORIENTED_EDGE('',*,*,#10070,.F.);
#10950 = ORIENTED_EDGE('',*,*,#9593,.T.);
#10951 = ORIENTED_EDGE('',*,*,#10952,.T.);
#10952 = EDGE_CURVE('',#9586,#9987,#10953,.T.);
#10953 = LINE('',#10954,#10955);
#10954 = CARTESIAN_POINT('',(0.85,0.25,0.9));
#10955 = VECTOR('',#10956,1.);
#10956 = DIRECTION('',(-1.,-1.110223024625E-16,0.));
#10957 = ORIENTED_EDGE('',*,*,#9986,.F.);
#10958 = PLANE('',#10959);
#10959 = AXIS2_PLACEMENT_3D('',#10960,#10961,#10962);
#10960 = CARTESIAN_POINT('',(-2.091417030376E-16,1.4375,0.9));
#10961 = DIRECTION('',(4.595758349624E-18,6.551522493592E-27,-1.));
#10962 = DIRECTION('',(1.,1.51922136901E-16,4.595758349624E-18));
#10963 = ADVANCED_FACE('',(#10964),#11050,.F.);
#10964 = FACE_BOUND('',#10965,.F.);
#10965 = EDGE_LOOP('',(#10966,#10967,#10968,#10977,#10985,#10994,#11002,
    #11010,#11018,#11027,#11035,#11044));
#10966 = ORIENTED_EDGE('',*,*,#9585,.F.);
#10967 = ORIENTED_EDGE('',*,*,#9607,.T.);
#10968 = ORIENTED_EDGE('',*,*,#10969,.T.);
#10969 = EDGE_CURVE('',#9608,#10970,#10972,.T.);
#10970 = VERTEX_POINT('',#10971);
#10971 = CARTESIAN_POINT('',(0.948480775301,0.25,0.667364817767));
#10972 = CIRCLE('',#10973,0.1);
#10973 = AXIS2_PLACEMENT_3D('',#10974,#10975,#10976);
#10974 = CARTESIAN_POINT('',(0.85,0.25,0.65));
#10975 = DIRECTION('',(-1.110223024625E-16,1.,0.));
#10976 = DIRECTION('',(0.,0.,1.));
#10977 = ORIENTED_EDGE('',*,*,#10978,.T.);
#10978 = EDGE_CURVE('',#10970,#10979,#10981,.T.);
#10979 = VERTEX_POINT('',#10980);
#10980 = CARTESIAN_POINT('',(1.02432885403,0.25,0.206587955583));
#10981 = LINE('',#10982,#10983);
#10982 = CARTESIAN_POINT('',(0.948480775301,0.25,0.667364817767));
#10983 = VECTOR('',#10984,1.);
#10984 = DIRECTION('',(0.162423314012,1.803261029519E-17,-0.986721169868
    ));
#10985 = ORIENTED_EDGE('',*,*,#10986,.T.);
#10986 = EDGE_CURVE('',#10979,#10987,#10989,.T.);
#10987 = VERTEX_POINT('',#10988);
#10988 = CARTESIAN_POINT('',(1.270530792283,0.25,0.));
#10989 = CIRCLE('',#10990,0.25);
#10990 = AXIS2_PLACEMENT_3D('',#10991,#10992,#10993);
#10991 = CARTESIAN_POINT('',(1.270530792283,0.25,0.25));
#10992 = DIRECTION('',(1.110223024625E-16,-1.,0.));
#10993 = DIRECTION('',(-0.984807753012,-1.093356242223E-16,
    -0.173648177667));
#10994 = ORIENTED_EDGE('',*,*,#10995,.T.);
#10995 = EDGE_CURVE('',#10987,#10996,#10998,.T.);
#10996 = VERTEX_POINT('',#10997);
#10997 = CARTESIAN_POINT('',(1.4,0.25,0.));
#10998 = LINE('',#10999,#11000);
#10999 = CARTESIAN_POINT('',(1.270530792283,0.25,0.));
#11000 = VECTOR('',#11001,1.);
#11001 = DIRECTION('',(1.,1.110223024625E-16,0.));
#11002 = ORIENTED_EDGE('',*,*,#11003,.T.);
#11003 = EDGE_CURVE('',#10996,#11004,#11006,.T.);
#11004 = VERTEX_POINT('',#11005);
#11005 = CARTESIAN_POINT('',(1.4,0.25,0.15));
#11006 = LINE('',#11007,#11008);
#11007 = CARTESIAN_POINT('',(1.4,0.25,0.));
#11008 = VECTOR('',#11009,1.);
#11009 = DIRECTION('',(0.,0.,1.));
#11010 = ORIENTED_EDGE('',*,*,#11011,.T.);
#11011 = EDGE_CURVE('',#11004,#11012,#11014,.T.);
#11012 = VERTEX_POINT('',#11013);
#11013 = CARTESIAN_POINT('',(1.270530792283,0.25,0.15));
#11014 = LINE('',#11015,#11016);
#11015 = CARTESIAN_POINT('',(1.4,0.25,0.15));
#11016 = VECTOR('',#11017,1.);
#11017 = DIRECTION('',(-1.,-1.110223024625E-16,0.));
#11018 = ORIENTED_EDGE('',*,*,#11019,.T.);
#11019 = EDGE_CURVE('',#11012,#11020,#11022,.T.);
#11020 = VERTEX_POINT('',#11021);
#11021 = CARTESIAN_POINT('',(1.172050016982,0.25,0.232635182233));
#11022 = CIRCLE('',#11023,0.1);
#11023 = AXIS2_PLACEMENT_3D('',#11024,#11025,#11026);
#11024 = CARTESIAN_POINT('',(1.270530792283,0.25,0.25));
#11025 = DIRECTION('',(-1.110223024625E-16,1.,0.));
#11026 = DIRECTION('',(2.22044604925E-15,2.465190328815E-31,-1.));
#11027 = ORIENTED_EDGE('',*,*,#11028,.T.);
#11028 = EDGE_CURVE('',#11020,#11029,#11031,.T.);
#11029 = VERTEX_POINT('',#11030);
#11030 = CARTESIAN_POINT('',(1.096201938253,0.25,0.693412044417));
#11031 = LINE('',#11032,#11033);
#11032 = CARTESIAN_POINT('',(1.172050016982,0.25,0.232635182233));
#11033 = VECTOR('',#11034,1.);
#11034 = DIRECTION('',(-0.162423314012,-1.803261029519E-17,
    0.986721169868));
#11035 = ORIENTED_EDGE('',*,*,#11036,.T.);
#11036 = EDGE_CURVE('',#11029,#11037,#11039,.T.);
#11037 = VERTEX_POINT('',#11038);
#11038 = CARTESIAN_POINT('',(0.85,0.25,0.9));
#11039 = CIRCLE('',#11040,0.25);
#11040 = AXIS2_PLACEMENT_3D('',#11041,#11042,#11043);
#11041 = CARTESIAN_POINT('',(0.85,0.25,0.65));
#11042 = DIRECTION('',(1.110223024625E-16,-1.,0.));
#11043 = DIRECTION('',(0.984807753012,1.093356242223E-16,0.173648177667)
  );
#11044 = ORIENTED_EDGE('',*,*,#11045,.T.);
#11045 = EDGE_CURVE('',#11037,#9586,#11046,.T.);
#11046 = LINE('',#11047,#11048);
#11047 = CARTESIAN_POINT('',(0.85,0.25,0.9));
#11048 = VECTOR('',#11049,1.);
#11049 = DIRECTION('',(-1.,-1.110223024625E-16,0.));
#11050 = PLANE('',#11051);
#11051 = AXIS2_PLACEMENT_3D('',#11052,#11053,#11054);
#11052 = CARTESIAN_POINT('',(1.069123385139,0.25,0.441695635315));
#11053 = DIRECTION('',(1.110223024625E-16,-1.,0.));
#11054 = DIRECTION('',(0.,0.,1.));
#11055 = ADVANCED_FACE('',(#11056),#11075,.F.);
#11056 = FACE_BOUND('',#11057,.F.);
#11057 = EDGE_LOOP('',(#11058,#11059,#11068,#11074));
#11058 = ORIENTED_EDGE('',*,*,#9624,.T.);
#11059 = ORIENTED_EDGE('',*,*,#11060,.T.);
#11060 = EDGE_CURVE('',#9617,#11061,#11063,.T.);
#11061 = VERTEX_POINT('',#11062);
#11062 = CARTESIAN_POINT('',(0.948480775301,-0.25,0.667364817767));
#11063 = CIRCLE('',#11064,0.1);
#11064 = AXIS2_PLACEMENT_3D('',#11065,#11066,#11067);
#11065 = CARTESIAN_POINT('',(0.85,-0.25,0.65));
#11066 = DIRECTION('',(-1.110223024625E-16,1.,0.));
#11067 = DIRECTION('',(0.,0.,1.));
#11068 = ORIENTED_EDGE('',*,*,#11069,.F.);
#11069 = EDGE_CURVE('',#10970,#11061,#11070,.T.);
#11070 = LINE('',#11071,#11072);
#11071 = CARTESIAN_POINT('',(0.948480775301,0.25,0.667364817767));
#11072 = VECTOR('',#11073,1.);
#11073 = DIRECTION('',(1.110223024625E-16,-1.,0.));
#11074 = ORIENTED_EDGE('',*,*,#10969,.F.);
#11075 = CYLINDRICAL_SURFACE('',#11076,0.1);
#11076 = AXIS2_PLACEMENT_3D('',#11077,#11078,#11079);
#11077 = CARTESIAN_POINT('',(0.85,0.25,0.65));
#11078 = DIRECTION('',(-1.110223024625E-16,1.,0.));
#11079 = DIRECTION('',(0.,0.,1.));
#11080 = ADVANCED_FACE('',(#11081),#11159,.T.);
#11081 = FACE_BOUND('',#11082,.T.);
#11082 = EDGE_LOOP('',(#11083,#11084,#11085,#11086,#11094,#11103,#11111,
    #11119,#11127,#11136,#11144,#11153));
#11083 = ORIENTED_EDGE('',*,*,#9638,.F.);
#11084 = ORIENTED_EDGE('',*,*,#9616,.T.);
#11085 = ORIENTED_EDGE('',*,*,#11060,.T.);
#11086 = ORIENTED_EDGE('',*,*,#11087,.T.);
#11087 = EDGE_CURVE('',#11061,#11088,#11090,.T.);
#11088 = VERTEX_POINT('',#11089);
#11089 = CARTESIAN_POINT('',(1.02432885403,-0.25,0.206587955583));
#11090 = LINE('',#11091,#11092);
#11091 = CARTESIAN_POINT('',(0.948480775301,-0.25,0.667364817767));
#11092 = VECTOR('',#11093,1.);
#11093 = DIRECTION('',(0.162423314012,1.803261029519E-17,-0.986721169868
    ));
#11094 = ORIENTED_EDGE('',*,*,#11095,.T.);
#11095 = EDGE_CURVE('',#11088,#11096,#11098,.T.);
#11096 = VERTEX_POINT('',#11097);
#11097 = CARTESIAN_POINT('',(1.270530792283,-0.25,0.));
#11098 = CIRCLE('',#11099,0.25);
#11099 = AXIS2_PLACEMENT_3D('',#11100,#11101,#11102);
#11100 = CARTESIAN_POINT('',(1.270530792283,-0.25,0.25));
#11101 = DIRECTION('',(1.110223024625E-16,-1.,0.));
#11102 = DIRECTION('',(-0.984807753012,-1.093356242223E-16,
    -0.173648177667));
#11103 = ORIENTED_EDGE('',*,*,#11104,.T.);
#11104 = EDGE_CURVE('',#11096,#11105,#11107,.T.);
#11105 = VERTEX_POINT('',#11106);
#11106 = CARTESIAN_POINT('',(1.4,-0.25,0.));
#11107 = LINE('',#11108,#11109);
#11108 = CARTESIAN_POINT('',(1.270530792283,-0.25,0.));
#11109 = VECTOR('',#11110,1.);
#11110 = DIRECTION('',(1.,1.110223024625E-16,0.));
#11111 = ORIENTED_EDGE('',*,*,#11112,.T.);
#11112 = EDGE_CURVE('',#11105,#11113,#11115,.T.);
#11113 = VERTEX_POINT('',#11114);
#11114 = CARTESIAN_POINT('',(1.4,-0.25,0.15));
#11115 = LINE('',#11116,#11117);
#11116 = CARTESIAN_POINT('',(1.4,-0.25,0.));
#11117 = VECTOR('',#11118,1.);
#11118 = DIRECTION('',(0.,0.,1.));
#11119 = ORIENTED_EDGE('',*,*,#11120,.T.);
#11120 = EDGE_CURVE('',#11113,#11121,#11123,.T.);
#11121 = VERTEX_POINT('',#11122);
#11122 = CARTESIAN_POINT('',(1.270530792283,-0.25,0.15));
#11123 = LINE('',#11124,#11125);
#11124 = CARTESIAN_POINT('',(1.4,-0.25,0.15));
#11125 = VECTOR('',#11126,1.);
#11126 = DIRECTION('',(-1.,-1.110223024625E-16,0.));
#11127 = ORIENTED_EDGE('',*,*,#11128,.T.);
#11128 = EDGE_CURVE('',#11121,#11129,#11131,.T.);
#11129 = VERTEX_POINT('',#11130);
#11130 = CARTESIAN_POINT('',(1.172050016982,-0.25,0.232635182233));
#11131 = CIRCLE('',#11132,0.1);
#11132 = AXIS2_PLACEMENT_3D('',#11133,#11134,#11135);
#11133 = CARTESIAN_POINT('',(1.270530792283,-0.25,0.25));
#11134 = DIRECTION('',(-1.110223024625E-16,1.,0.));
#11135 = DIRECTION('',(2.22044604925E-15,2.465190328815E-31,-1.));
#11136 = ORIENTED_EDGE('',*,*,#11137,.T.);
#11137 = EDGE_CURVE('',#11129,#11138,#11140,.T.);
#11138 = VERTEX_POINT('',#11139);
#11139 = CARTESIAN_POINT('',(1.096201938253,-0.25,0.693412044417));
#11140 = LINE('',#11141,#11142);
#11141 = CARTESIAN_POINT('',(1.172050016982,-0.25,0.232635182233));
#11142 = VECTOR('',#11143,1.);
#11143 = DIRECTION('',(-0.162423314012,-1.803261029519E-17,
    0.986721169868));
#11144 = ORIENTED_EDGE('',*,*,#11145,.T.);
#11145 = EDGE_CURVE('',#11138,#11146,#11148,.T.);
#11146 = VERTEX_POINT('',#11147);
#11147 = CARTESIAN_POINT('',(0.85,-0.25,0.9));
#11148 = CIRCLE('',#11149,0.25);
#11149 = AXIS2_PLACEMENT_3D('',#11150,#11151,#11152);
#11150 = CARTESIAN_POINT('',(0.85,-0.25,0.65));
#11151 = DIRECTION('',(1.110223024625E-16,-1.,0.));
#11152 = DIRECTION('',(0.984807753012,1.093356242223E-16,0.173648177667)
  );
#11153 = ORIENTED_EDGE('',*,*,#11154,.T.);
#11154 = EDGE_CURVE('',#11146,#9639,#11155,.T.);
#11155 = LINE('',#11156,#11157);
#11156 = CARTESIAN_POINT('',(0.85,-0.25,0.9));
#11157 = VECTOR('',#11158,1.);
#11158 = DIRECTION('',(-1.,-1.110223024625E-16,0.));
#11159 = PLANE('',#11160);
#11160 = AXIS2_PLACEMENT_3D('',#11161,#11162,#11163);
#11161 = CARTESIAN_POINT('',(1.069123385139,-0.25,0.441695635315));
#11162 = DIRECTION('',(1.110223024625E-16,-1.,0.));
#11163 = DIRECTION('',(0.,0.,1.));
#11164 = ADVANCED_FACE('',(#11165),#11181,.F.);
#11165 = FACE_BOUND('',#11166,.F.);
#11166 = EDGE_LOOP('',(#11167,#11173,#11174,#11180));
#11167 = ORIENTED_EDGE('',*,*,#11168,.F.);
#11168 = EDGE_CURVE('',#9639,#9995,#11169,.T.);
#11169 = LINE('',#11170,#11171);
#11170 = CARTESIAN_POINT('',(0.85,-0.25,0.9));
#11171 = VECTOR('',#11172,1.);
#11172 = DIRECTION('',(-1.,-1.110223024625E-16,0.));
#11173 = ORIENTED_EDGE('',*,*,#9655,.T.);
#11174 = ORIENTED_EDGE('',*,*,#11175,.T.);
#11175 = EDGE_CURVE('',#9648,#10003,#11176,.T.);
#11176 = LINE('',#11177,#11178);
#11177 = CARTESIAN_POINT('',(0.85,-0.7,0.9));
#11178 = VECTOR('',#11179,1.);
#11179 = DIRECTION('',(-1.,-1.110223024625E-16,0.));
#11180 = ORIENTED_EDGE('',*,*,#10002,.F.);
#11181 = PLANE('',#11182);
#11182 = AXIS2_PLACEMENT_3D('',#11183,#11184,#11185);
#11183 = CARTESIAN_POINT('',(-2.091417030376E-16,1.4375,0.9));
#11184 = DIRECTION('',(4.595758349624E-18,6.551522493592E-27,-1.));
#11185 = DIRECTION('',(1.,1.51922136901E-16,4.595758349624E-18));
#11186 = ADVANCED_FACE('',(#11187),#11273,.F.);
#11187 = FACE_BOUND('',#11188,.F.);
#11188 = EDGE_LOOP('',(#11189,#11190,#11191,#11200,#11208,#11217,#11225,
    #11233,#11241,#11250,#11258,#11267));
#11189 = ORIENTED_EDGE('',*,*,#9647,.F.);
#11190 = ORIENTED_EDGE('',*,*,#9669,.T.);
#11191 = ORIENTED_EDGE('',*,*,#11192,.T.);
#11192 = EDGE_CURVE('',#9670,#11193,#11195,.T.);
#11193 = VERTEX_POINT('',#11194);
#11194 = CARTESIAN_POINT('',(0.948480775301,-0.7,0.667364817767));
#11195 = CIRCLE('',#11196,0.1);
#11196 = AXIS2_PLACEMENT_3D('',#11197,#11198,#11199);
#11197 = CARTESIAN_POINT('',(0.85,-0.7,0.65));
#11198 = DIRECTION('',(-1.110223024625E-16,1.,0.));
#11199 = DIRECTION('',(0.,0.,1.));
#11200 = ORIENTED_EDGE('',*,*,#11201,.T.);
#11201 = EDGE_CURVE('',#11193,#11202,#11204,.T.);
#11202 = VERTEX_POINT('',#11203);
#11203 = CARTESIAN_POINT('',(1.02432885403,-0.7,0.206587955583));
#11204 = LINE('',#11205,#11206);
#11205 = CARTESIAN_POINT('',(0.948480775301,-0.7,0.667364817767));
#11206 = VECTOR('',#11207,1.);
#11207 = DIRECTION('',(0.162423314012,1.803261029519E-17,-0.986721169868
    ));
#11208 = ORIENTED_EDGE('',*,*,#11209,.T.);
#11209 = EDGE_CURVE('',#11202,#11210,#11212,.T.);
#11210 = VERTEX_POINT('',#11211);
#11211 = CARTESIAN_POINT('',(1.270530792283,-0.7,0.));
#11212 = CIRCLE('',#11213,0.25);
#11213 = AXIS2_PLACEMENT_3D('',#11214,#11215,#11216);
#11214 = CARTESIAN_POINT('',(1.270530792283,-0.7,0.25));
#11215 = DIRECTION('',(1.110223024625E-16,-1.,0.));
#11216 = DIRECTION('',(-0.984807753012,-1.093356242223E-16,
    -0.173648177667));
#11217 = ORIENTED_EDGE('',*,*,#11218,.T.);
#11218 = EDGE_CURVE('',#11210,#11219,#11221,.T.);
#11219 = VERTEX_POINT('',#11220);
#11220 = CARTESIAN_POINT('',(1.4,-0.7,0.));
#11221 = LINE('',#11222,#11223);
#11222 = CARTESIAN_POINT('',(1.270530792283,-0.7,0.));
#11223 = VECTOR('',#11224,1.);
#11224 = DIRECTION('',(1.,1.110223024625E-16,0.));
#11225 = ORIENTED_EDGE('',*,*,#11226,.T.);
#11226 = EDGE_CURVE('',#11219,#11227,#11229,.T.);
#11227 = VERTEX_POINT('',#11228);
#11228 = CARTESIAN_POINT('',(1.4,-0.7,0.15));
#11229 = LINE('',#11230,#11231);
#11230 = CARTESIAN_POINT('',(1.4,-0.7,0.));
#11231 = VECTOR('',#11232,1.);
#11232 = DIRECTION('',(0.,0.,1.));
#11233 = ORIENTED_EDGE('',*,*,#11234,.T.);
#11234 = EDGE_CURVE('',#11227,#11235,#11237,.T.);
#11235 = VERTEX_POINT('',#11236);
#11236 = CARTESIAN_POINT('',(1.270530792283,-0.7,0.15));
#11237 = LINE('',#11238,#11239);
#11238 = CARTESIAN_POINT('',(1.4,-0.7,0.15));
#11239 = VECTOR('',#11240,1.);
#11240 = DIRECTION('',(-1.,-1.110223024625E-16,0.));
#11241 = ORIENTED_EDGE('',*,*,#11242,.T.);
#11242 = EDGE_CURVE('',#11235,#11243,#11245,.T.);
#11243 = VERTEX_POINT('',#11244);
#11244 = CARTESIAN_POINT('',(1.172050016982,-0.7,0.232635182233));
#11245 = CIRCLE('',#11246,0.1);
#11246 = AXIS2_PLACEMENT_3D('',#11247,#11248,#11249);
#11247 = CARTESIAN_POINT('',(1.270530792283,-0.7,0.25));
#11248 = DIRECTION('',(-1.110223024625E-16,1.,0.));
#11249 = DIRECTION('',(2.22044604925E-15,2.465190328815E-31,-1.));
#11250 = ORIENTED_EDGE('',*,*,#11251,.T.);
#11251 = EDGE_CURVE('',#11243,#11252,#11254,.T.);
#11252 = VERTEX_POINT('',#11253);
#11253 = CARTESIAN_POINT('',(1.096201938253,-0.7,0.693412044417));
#11254 = LINE('',#11255,#11256);
#11255 = CARTESIAN_POINT('',(1.172050016982,-0.7,0.232635182233));
#11256 = VECTOR('',#11257,1.);
#11257 = DIRECTION('',(-0.162423314012,-1.803261029519E-17,
    0.986721169868));
#11258 = ORIENTED_EDGE('',*,*,#11259,.T.);
#11259 = EDGE_CURVE('',#11252,#11260,#11262,.T.);
#11260 = VERTEX_POINT('',#11261);
#11261 = CARTESIAN_POINT('',(0.85,-0.7,0.9));
#11262 = CIRCLE('',#11263,0.25);
#11263 = AXIS2_PLACEMENT_3D('',#11264,#11265,#11266);
#11264 = CARTESIAN_POINT('',(0.85,-0.7,0.65));
#11265 = DIRECTION('',(1.110223024625E-16,-1.,0.));
#11266 = DIRECTION('',(0.984807753012,1.093356242223E-16,0.173648177667)
  );
#11267 = ORIENTED_EDGE('',*,*,#11268,.T.);
#11268 = EDGE_CURVE('',#11260,#9648,#11269,.T.);
#11269 = LINE('',#11270,#11271);
#11270 = CARTESIAN_POINT('',(0.85,-0.7,0.9));
#11271 = VECTOR('',#11272,1.);
#11272 = DIRECTION('',(-1.,-1.110223024625E-16,0.));
#11273 = PLANE('',#11274);
#11274 = AXIS2_PLACEMENT_3D('',#11275,#11276,#11277);
#11275 = CARTESIAN_POINT('',(1.069123385139,-0.7,0.441695635315));
#11276 = DIRECTION('',(1.110223024625E-16,-1.,0.));
#11277 = DIRECTION('',(0.,0.,1.));
#11278 = ADVANCED_FACE('',(#11279),#11298,.F.);
#11279 = FACE_BOUND('',#11280,.F.);
#11280 = EDGE_LOOP('',(#11281,#11282,#11291,#11297));
#11281 = ORIENTED_EDGE('',*,*,#9686,.T.);
#11282 = ORIENTED_EDGE('',*,*,#11283,.T.);
#11283 = EDGE_CURVE('',#9679,#11284,#11286,.T.);
#11284 = VERTEX_POINT('',#11285);
#11285 = CARTESIAN_POINT('',(0.948480775301,-1.2,0.667364817767));
#11286 = CIRCLE('',#11287,0.1);
#11287 = AXIS2_PLACEMENT_3D('',#11288,#11289,#11290);
#11288 = CARTESIAN_POINT('',(0.85,-1.2,0.65));
#11289 = DIRECTION('',(-1.110223024625E-16,1.,0.));
#11290 = DIRECTION('',(0.,0.,1.));
#11291 = ORIENTED_EDGE('',*,*,#11292,.F.);
#11292 = EDGE_CURVE('',#11193,#11284,#11293,.T.);
#11293 = LINE('',#11294,#11295);
#11294 = CARTESIAN_POINT('',(0.948480775301,-0.7,0.667364817767));
#11295 = VECTOR('',#11296,1.);
#11296 = DIRECTION('',(1.110223024625E-16,-1.,0.));
#11297 = ORIENTED_EDGE('',*,*,#11192,.F.);
#11298 = CYLINDRICAL_SURFACE('',#11299,0.1);
#11299 = AXIS2_PLACEMENT_3D('',#11300,#11301,#11302);
#11300 = CARTESIAN_POINT('',(0.85,-0.7,0.65));
#11301 = DIRECTION('',(-1.110223024625E-16,1.,0.));
#11302 = DIRECTION('',(0.,0.,1.));
#11303 = ADVANCED_FACE('',(#11304),#11382,.T.);
#11304 = FACE_BOUND('',#11305,.T.);
#11305 = EDGE_LOOP('',(#11306,#11307,#11308,#11309,#11317,#11326,#11334,
    #11342,#11350,#11359,#11367,#11376));
#11306 = ORIENTED_EDGE('',*,*,#9700,.F.);
#11307 = ORIENTED_EDGE('',*,*,#9678,.T.);
#11308 = ORIENTED_EDGE('',*,*,#11283,.T.);
#11309 = ORIENTED_EDGE('',*,*,#11310,.T.);
#11310 = EDGE_CURVE('',#11284,#11311,#11313,.T.);
#11311 = VERTEX_POINT('',#11312);
#11312 = CARTESIAN_POINT('',(1.02432885403,-1.2,0.206587955583));
#11313 = LINE('',#11314,#11315);
#11314 = CARTESIAN_POINT('',(0.948480775301,-1.2,0.667364817767));
#11315 = VECTOR('',#11316,1.);
#11316 = DIRECTION('',(0.162423314012,1.803261029519E-17,-0.986721169868
    ));
#11317 = ORIENTED_EDGE('',*,*,#11318,.T.);
#11318 = EDGE_CURVE('',#11311,#11319,#11321,.T.);
#11319 = VERTEX_POINT('',#11320);
#11320 = CARTESIAN_POINT('',(1.270530792283,-1.2,0.));
#11321 = CIRCLE('',#11322,0.25);
#11322 = AXIS2_PLACEMENT_3D('',#11323,#11324,#11325);
#11323 = CARTESIAN_POINT('',(1.270530792283,-1.2,0.25));
#11324 = DIRECTION('',(1.110223024625E-16,-1.,0.));
#11325 = DIRECTION('',(-0.984807753012,-1.093356242223E-16,
    -0.173648177667));
#11326 = ORIENTED_EDGE('',*,*,#11327,.T.);
#11327 = EDGE_CURVE('',#11319,#11328,#11330,.T.);
#11328 = VERTEX_POINT('',#11329);
#11329 = CARTESIAN_POINT('',(1.4,-1.2,0.));
#11330 = LINE('',#11331,#11332);
#11331 = CARTESIAN_POINT('',(1.270530792283,-1.2,0.));
#11332 = VECTOR('',#11333,1.);
#11333 = DIRECTION('',(1.,1.110223024625E-16,0.));
#11334 = ORIENTED_EDGE('',*,*,#11335,.T.);
#11335 = EDGE_CURVE('',#11328,#11336,#11338,.T.);
#11336 = VERTEX_POINT('',#11337);
#11337 = CARTESIAN_POINT('',(1.4,-1.2,0.15));
#11338 = LINE('',#11339,#11340);
#11339 = CARTESIAN_POINT('',(1.4,-1.2,0.));
#11340 = VECTOR('',#11341,1.);
#11341 = DIRECTION('',(0.,0.,1.));
#11342 = ORIENTED_EDGE('',*,*,#11343,.T.);
#11343 = EDGE_CURVE('',#11336,#11344,#11346,.T.);
#11344 = VERTEX_POINT('',#11345);
#11345 = CARTESIAN_POINT('',(1.270530792283,-1.2,0.15));
#11346 = LINE('',#11347,#11348);
#11347 = CARTESIAN_POINT('',(1.4,-1.2,0.15));
#11348 = VECTOR('',#11349,1.);
#11349 = DIRECTION('',(-1.,-1.110223024625E-16,0.));
#11350 = ORIENTED_EDGE('',*,*,#11351,.T.);
#11351 = EDGE_CURVE('',#11344,#11352,#11354,.T.);
#11352 = VERTEX_POINT('',#11353);
#11353 = CARTESIAN_POINT('',(1.172050016982,-1.2,0.232635182233));
#11354 = CIRCLE('',#11355,0.1);
#11355 = AXIS2_PLACEMENT_3D('',#11356,#11357,#11358);
#11356 = CARTESIAN_POINT('',(1.270530792283,-1.2,0.25));
#11357 = DIRECTION('',(-1.110223024625E-16,1.,0.));
#11358 = DIRECTION('',(2.22044604925E-15,2.465190328815E-31,-1.));
#11359 = ORIENTED_EDGE('',*,*,#11360,.T.);
#11360 = EDGE_CURVE('',#11352,#11361,#11363,.T.);
#11361 = VERTEX_POINT('',#11362);
#11362 = CARTESIAN_POINT('',(1.096201938253,-1.2,0.693412044417));
#11363 = LINE('',#11364,#11365);
#11364 = CARTESIAN_POINT('',(1.172050016982,-1.2,0.232635182233));
#11365 = VECTOR('',#11366,1.);
#11366 = DIRECTION('',(-0.162423314012,-1.803261029519E-17,
    0.986721169868));
#11367 = ORIENTED_EDGE('',*,*,#11368,.T.);
#11368 = EDGE_CURVE('',#11361,#11369,#11371,.T.);
#11369 = VERTEX_POINT('',#11370);
#11370 = CARTESIAN_POINT('',(0.85,-1.2,0.9));
#11371 = CIRCLE('',#11372,0.25);
#11372 = AXIS2_PLACEMENT_3D('',#11373,#11374,#11375);
#11373 = CARTESIAN_POINT('',(0.85,-1.2,0.65));
#11374 = DIRECTION('',(1.110223024625E-16,-1.,0.));
#11375 = DIRECTION('',(0.984807753012,1.093356242223E-16,0.173648177667)
  );
#11376 = ORIENTED_EDGE('',*,*,#11377,.T.);
#11377 = EDGE_CURVE('',#11369,#9701,#11378,.T.);
#11378 = LINE('',#11379,#11380);
#11379 = CARTESIAN_POINT('',(0.85,-1.2,0.9));
#11380 = VECTOR('',#11381,1.);
#11381 = DIRECTION('',(-1.,-1.110223024625E-16,0.));
#11382 = PLANE('',#11383);
#11383 = AXIS2_PLACEMENT_3D('',#11384,#11385,#11386);
#11384 = CARTESIAN_POINT('',(1.069123385139,-1.2,0.441695635315));
#11385 = DIRECTION('',(1.110223024625E-16,-1.,0.));
#11386 = DIRECTION('',(0.,0.,1.));
#11387 = ADVANCED_FACE('',(#11388),#11399,.T.);
#11388 = FACE_BOUND('',#11389,.T.);
#11389 = EDGE_LOOP('',(#11390,#11391,#11392,#11393));
#11390 = ORIENTED_EDGE('',*,*,#10645,.T.);
#11391 = ORIENTED_EDGE('',*,*,#9801,.T.);
#11392 = ORIENTED_EDGE('',*,*,#10747,.F.);
#11393 = ORIENTED_EDGE('',*,*,#11394,.F.);
#11394 = EDGE_CURVE('',#10638,#10740,#11395,.T.);
#11395 = LINE('',#11396,#11397);
#11396 = CARTESIAN_POINT('',(-1.096201938253,0.7,0.693412044417));
#11397 = VECTOR('',#11398,1.);
#11398 = DIRECTION('',(1.144237745222E-17,1.,0.));
#11399 = CYLINDRICAL_SURFACE('',#11400,0.25);
#11400 = AXIS2_PLACEMENT_3D('',#11401,#11402,#11403);
#11401 = CARTESIAN_POINT('',(-0.85,0.7,0.65));
#11402 = DIRECTION('',(-1.144237745222E-17,-1.,0.));
#11403 = DIRECTION('',(-0.984807753012,1.126854202784E-17,0.173648177667
    ));
#11404 = ADVANCED_FACE('',(#11405),#11418,.F.);
#11405 = FACE_BOUND('',#11406,.F.);
#11406 = EDGE_LOOP('',(#11407,#11408,#11414,#11415,#11416,#11417));
#11407 = ORIENTED_EDGE('',*,*,#10213,.F.);
#11408 = ORIENTED_EDGE('',*,*,#11409,.T.);
#11409 = EDGE_CURVE('',#10205,#10314,#11410,.T.);
#11410 = LINE('',#11411,#11412);
#11411 = CARTESIAN_POINT('',(-0.85,-1.2,0.9));
#11412 = VECTOR('',#11413,1.);
#11413 = DIRECTION('',(1.144237745222E-17,1.,0.));
#11414 = ORIENTED_EDGE('',*,*,#10322,.T.);
#11415 = ORIENTED_EDGE('',*,*,#10344,.T.);
#11416 = ORIENTED_EDGE('',*,*,#9848,.F.);
#11417 = ORIENTED_EDGE('',*,*,#10087,.F.);
#11418 = PLANE('',#11419);
#11419 = AXIS2_PLACEMENT_3D('',#11420,#11421,#11422);
#11420 = CARTESIAN_POINT('',(-0.85,-1.2,0.9));
#11421 = DIRECTION('',(0.,0.,-1.));
#11422 = DIRECTION('',(1.,-1.144237745222E-17,0.));
#11423 = ADVANCED_FACE('',(#11424),#11437,.F.);
#11424 = FACE_BOUND('',#11425,.F.);
#11425 = EDGE_LOOP('',(#11426,#11427,#11433,#11434,#11435,#11436));
#11426 = ORIENTED_EDGE('',*,*,#10436,.F.);
#11427 = ORIENTED_EDGE('',*,*,#11428,.T.);
#11428 = EDGE_CURVE('',#10428,#10537,#11429,.T.);
#11429 = LINE('',#11430,#11431);
#11430 = CARTESIAN_POINT('',(-0.85,-0.25,0.9));
#11431 = VECTOR('',#11432,1.);
#11432 = DIRECTION('',(1.144237745222E-17,1.,0.));
#11433 = ORIENTED_EDGE('',*,*,#10545,.T.);
#11434 = ORIENTED_EDGE('',*,*,#10562,.T.);
#11435 = ORIENTED_EDGE('',*,*,#9864,.F.);
#11436 = ORIENTED_EDGE('',*,*,#10337,.F.);
#11437 = PLANE('',#11438);
#11438 = AXIS2_PLACEMENT_3D('',#11439,#11440,#11441);
#11439 = CARTESIAN_POINT('',(-0.85,-0.25,0.9));
#11440 = DIRECTION('',(0.,0.,-1.));
#11441 = DIRECTION('',(1.,-1.144237745222E-17,0.));
#11442 = ADVANCED_FACE('',(#11443,#11472),#11483,.T.);
#11443 = FACE_BOUND('',#11444,.T.);
#11444 = EDGE_LOOP('',(#11445,#11446,#11447,#11448,#11456,#11464,#11470,
    #11471));
#11445 = ORIENTED_EDGE('',*,*,#9939,.F.);
#11446 = ORIENTED_EDGE('',*,*,#9916,.F.);
#11447 = ORIENTED_EDGE('',*,*,#9887,.F.);
#11448 = ORIENTED_EDGE('',*,*,#11449,.F.);
#11449 = EDGE_CURVE('',#11450,#9888,#11452,.T.);
#11450 = VERTEX_POINT('',#11451);
#11451 = CARTESIAN_POINT('',(-0.646824228722,-1.333648457443,1.55));
#11452 = LINE('',#11453,#11454);
#11453 = CARTESIAN_POINT('',(-0.646824228722,-1.333648457443,1.55));
#11454 = VECTOR('',#11455,1.);
#11455 = DIRECTION('',(-0.707106781187,0.707106781187,0.));
#11456 = ORIENTED_EDGE('',*,*,#11457,.F.);
#11457 = EDGE_CURVE('',#11458,#11450,#11460,.T.);
#11458 = VERTEX_POINT('',#11459);
#11459 = CARTESIAN_POINT('',(0.646824228722,-1.333648457443,1.55));
#11460 = LINE('',#11461,#11462);
#11461 = CARTESIAN_POINT('',(0.646824228722,-1.333648457443,1.55));
#11462 = VECTOR('',#11463,1.);
#11463 = DIRECTION('',(-1.,-1.110223024625E-16,0.));
#11464 = ORIENTED_EDGE('',*,*,#11465,.F.);
#11465 = EDGE_CURVE('',#10027,#11458,#11466,.T.);
#11466 = LINE('',#11467,#11468);
#11467 = CARTESIAN_POINT('',(0.683648457443,-1.296824228722,1.55));
#11468 = VECTOR('',#11469,1.);
#11469 = DIRECTION('',(-0.707106781187,-0.707106781187,0.));
#11470 = ORIENTED_EDGE('',*,*,#10033,.F.);
#11471 = ORIENTED_EDGE('',*,*,#9962,.F.);
#11472 = FACE_BOUND('',#11473,.T.);
#11473 = EDGE_LOOP('',(#11474));
#11474 = ORIENTED_EDGE('',*,*,#11475,.T.);
#11475 = EDGE_CURVE('',#11476,#11476,#11478,.T.);
#11476 = VERTEX_POINT('',#11477);
#11477 = CARTESIAN_POINT('',(-0.333648457443,0.858648457443,1.55));
#11478 = CIRCLE('',#11479,0.125);
#11479 = AXIS2_PLACEMENT_3D('',#11480,#11481,#11482);
#11480 = CARTESIAN_POINT('',(-0.333648457443,0.983648457443,1.55));
#11481 = DIRECTION('',(0.,-0.,-1.));
#11482 = DIRECTION('',(1.110223024625E-16,-1.,0.));
#11483 = PLANE('',#11484);
#11484 = AXIS2_PLACEMENT_3D('',#11485,#11486,#11487);
#11485 = CARTESIAN_POINT('',(-0.646824228722,1.333648457443,1.55));
#11486 = DIRECTION('',(0.,0.,1.));
#11487 = DIRECTION('',(0.436386464522,-0.899759330922,0.));
#11488 = ADVANCED_FACE('',(#11489),#11499,.F.);
#11489 = FACE_BOUND('',#11490,.F.);
#11490 = EDGE_LOOP('',(#11491,#11492,#11493,#11494));
#11491 = ORIENTED_EDGE('',*,*,#10094,.T.);
#11492 = ORIENTED_EDGE('',*,*,#9895,.T.);
#11493 = ORIENTED_EDGE('',*,*,#11449,.F.);
#11494 = ORIENTED_EDGE('',*,*,#11495,.F.);
#11495 = EDGE_CURVE('',#10095,#11450,#11496,.T.);
#11496 = B_SPLINE_CURVE_WITH_KNOTS('',1,(#11497,#11498),.UNSPECIFIED.,
  .F.,.F.,(2,2),(0.,1.),.PIECEWISE_BEZIER_KNOTS.);
#11497 = CARTESIAN_POINT('',(-0.6925,-1.425,0.9));
#11498 = CARTESIAN_POINT('',(-0.646824228722,-1.333648457443,1.55));
#11499 = B_SPLINE_SURFACE_WITH_KNOTS('',1,1,(
    (#11500,#11501)
    ,(#11502,#11503
    )),.UNSPECIFIED.,.F.,.F.,.F.,(2,2),(2,2),(0.,0.116672618896),(0.,1.)
  ,.PIECEWISE_BEZIER_KNOTS.);
#11500 = CARTESIAN_POINT('',(-0.6925,-1.425,0.9));
#11501 = CARTESIAN_POINT('',(-0.646824228722,-1.333648457443,1.55));
#11502 = CARTESIAN_POINT('',(-0.775,-1.3425,0.9));
#11503 = CARTESIAN_POINT('',(-0.683648457443,-1.296824228722,1.55));
#11504 = ADVANCED_FACE('',(#11505),#11518,.F.);
#11505 = FACE_BOUND('',#11506,.F.);
#11506 = EDGE_LOOP('',(#11507,#11508,#11514,#11515,#11516,#11517));
#11507 = ORIENTED_EDGE('',*,*,#11045,.F.);
#11508 = ORIENTED_EDGE('',*,*,#11509,.T.);
#11509 = EDGE_CURVE('',#11037,#11146,#11510,.T.);
#11510 = LINE('',#11511,#11512);
#11511 = CARTESIAN_POINT('',(0.85,0.25,0.9));
#11512 = VECTOR('',#11513,1.);
#11513 = DIRECTION('',(1.110223024625E-16,-1.,0.));
#11514 = ORIENTED_EDGE('',*,*,#11154,.T.);
#11515 = ORIENTED_EDGE('',*,*,#11168,.T.);
#11516 = ORIENTED_EDGE('',*,*,#9994,.F.);
#11517 = ORIENTED_EDGE('',*,*,#10952,.F.);
#11518 = PLANE('',#11519);
#11519 = AXIS2_PLACEMENT_3D('',#11520,#11521,#11522);
#11520 = CARTESIAN_POINT('',(0.85,0.25,0.9));
#11521 = DIRECTION('',(0.,0.,-1.));
#11522 = DIRECTION('',(-1.,-1.110223024625E-16,-0.));
#11523 = ADVANCED_FACE('',(#11524),#11537,.F.);
#11524 = FACE_BOUND('',#11525,.F.);
#11525 = EDGE_LOOP('',(#11526,#11527,#11533,#11534,#11535,#11536));
#11526 = ORIENTED_EDGE('',*,*,#11268,.F.);
#11527 = ORIENTED_EDGE('',*,*,#11528,.T.);
#11528 = EDGE_CURVE('',#11260,#11369,#11529,.T.);
#11529 = LINE('',#11530,#11531);
#11530 = CARTESIAN_POINT('',(0.85,-0.7,0.9));
#11531 = VECTOR('',#11532,1.);
#11532 = DIRECTION('',(1.110223024625E-16,-1.,0.));
#11533 = ORIENTED_EDGE('',*,*,#11377,.T.);
#11534 = ORIENTED_EDGE('',*,*,#10117,.T.);
#11535 = ORIENTED_EDGE('',*,*,#10010,.F.);
#11536 = ORIENTED_EDGE('',*,*,#11175,.F.);
#11537 = PLANE('',#11538);
#11538 = AXIS2_PLACEMENT_3D('',#11539,#11540,#11541);
#11539 = CARTESIAN_POINT('',(0.85,-0.7,0.9));
#11540 = DIRECTION('',(0.,0.,-1.));
#11541 = DIRECTION('',(-1.,-1.110223024625E-16,-0.));
#11542 = ADVANCED_FACE('',(#11543),#11553,.F.);
#11543 = FACE_BOUND('',#11544,.F.);
#11544 = EDGE_LOOP('',(#11545,#11546,#11551,#11552));
#11545 = ORIENTED_EDGE('',*,*,#10110,.T.);
#11546 = ORIENTED_EDGE('',*,*,#11547,.T.);
#11547 = EDGE_CURVE('',#10103,#11458,#11548,.T.);
#11548 = B_SPLINE_CURVE_WITH_KNOTS('',1,(#11549,#11550),.UNSPECIFIED.,
  .F.,.F.,(2,2),(0.,1.),.PIECEWISE_BEZIER_KNOTS.);
#11549 = CARTESIAN_POINT('',(0.6925,-1.425,0.9));
#11550 = CARTESIAN_POINT('',(0.646824228722,-1.333648457443,1.55));
#11551 = ORIENTED_EDGE('',*,*,#11465,.F.);
#11552 = ORIENTED_EDGE('',*,*,#10026,.F.);
#11553 = B_SPLINE_SURFACE_WITH_KNOTS('',1,1,(
    (#11554,#11555)
    ,(#11556,#11557
    )),.UNSPECIFIED.,.F.,.F.,.F.,(2,2),(2,2),(0.,0.116672618896),(0.,1.)
  ,.PIECEWISE_BEZIER_KNOTS.);
#11554 = CARTESIAN_POINT('',(0.775,-1.3425,0.9));
#11555 = CARTESIAN_POINT('',(0.683648457443,-1.296824228722,1.55));
#11556 = CARTESIAN_POINT('',(0.6925,-1.425,0.9));
#11557 = CARTESIAN_POINT('',(0.646824228722,-1.333648457443,1.55));
#11558 = ADVANCED_FACE('',(#11559),#11570,.T.);
#11559 = FACE_BOUND('',#11560,.T.);
#11560 = EDGE_LOOP('',(#11561,#11562,#11563,#11564));
#11561 = ORIENTED_EDGE('',*,*,#10832,.T.);
#11562 = ORIENTED_EDGE('',*,*,#10056,.T.);
#11563 = ORIENTED_EDGE('',*,*,#10934,.F.);
#11564 = ORIENTED_EDGE('',*,*,#11565,.F.);
#11565 = EDGE_CURVE('',#10825,#10927,#11566,.T.);
#11566 = LINE('',#11567,#11568);
#11567 = CARTESIAN_POINT('',(1.096201938253,1.2,0.693412044417));
#11568 = VECTOR('',#11569,1.);
#11569 = DIRECTION('',(1.110223024625E-16,-1.,0.));
#11570 = CYLINDRICAL_SURFACE('',#11571,0.25);
#11571 = AXIS2_PLACEMENT_3D('',#11572,#11573,#11574);
#11572 = CARTESIAN_POINT('',(0.85,1.2,0.65));
#11573 = DIRECTION('',(-1.110223024625E-16,1.,0.));
#11574 = DIRECTION('',(0.984807753012,1.093356242223E-16,0.173648177667)
  );
#11575 = ADVANCED_FACE('',(#11576),#11582,.F.);
#11576 = FACE_BOUND('',#11577,.F.);
#11577 = EDGE_LOOP('',(#11578,#11579,#11580,#11581));
#11578 = ORIENTED_EDGE('',*,*,#10102,.T.);
#11579 = ORIENTED_EDGE('',*,*,#11495,.T.);
#11580 = ORIENTED_EDGE('',*,*,#11457,.F.);
#11581 = ORIENTED_EDGE('',*,*,#11547,.F.);
#11582 = B_SPLINE_SURFACE_WITH_KNOTS('',1,1,(
    (#11583,#11584)
    ,(#11585,#11586
    )),.UNSPECIFIED.,.F.,.F.,.F.,(2,2),(2,2),(0.,1.385),(0.,1.),
  .PIECEWISE_BEZIER_KNOTS.);
#11583 = CARTESIAN_POINT('',(0.6925,-1.425,0.9));
#11584 = CARTESIAN_POINT('',(0.646824228722,-1.333648457443,1.55));
#11585 = CARTESIAN_POINT('',(-0.6925,-1.425,0.9));
#11586 = CARTESIAN_POINT('',(-0.646824228722,-1.333648457443,1.55));
#11587 = ADVANCED_FACE('',(#11588),#11599,.T.);
#11588 = FACE_BOUND('',#11589,.T.);
#11589 = EDGE_LOOP('',(#11590,#11591,#11592,#11593));
#11590 = ORIENTED_EDGE('',*,*,#10204,.T.);
#11591 = ORIENTED_EDGE('',*,*,#11409,.T.);
#11592 = ORIENTED_EDGE('',*,*,#10313,.F.);
#11593 = ORIENTED_EDGE('',*,*,#11594,.F.);
#11594 = EDGE_CURVE('',#10197,#10306,#11595,.T.);
#11595 = LINE('',#11596,#11597);
#11596 = CARTESIAN_POINT('',(-1.096201938253,-1.2,0.693412044417));
#11597 = VECTOR('',#11598,1.);
#11598 = DIRECTION('',(1.144237745222E-17,1.,0.));
#11599 = CYLINDRICAL_SURFACE('',#11600,0.25);
#11600 = AXIS2_PLACEMENT_3D('',#11601,#11602,#11603);
#11601 = CARTESIAN_POINT('',(-0.85,-1.2,0.65));
#11602 = DIRECTION('',(-1.144237745222E-17,-1.,0.));
#11603 = DIRECTION('',(-0.984807753012,1.126854202784E-17,0.173648177667
    ));
#11604 = ADVANCED_FACE('',(#11605),#11616,.F.);
#11605 = FACE_BOUND('',#11606,.F.);
#11606 = EDGE_LOOP('',(#11607,#11613,#11614,#11615));
#11607 = ORIENTED_EDGE('',*,*,#11608,.T.);
#11608 = EDGE_CURVE('',#10188,#10297,#11609,.T.);
#11609 = LINE('',#11610,#11611);
#11610 = CARTESIAN_POINT('',(-1.172050016982,-1.2,0.232635182233));
#11611 = VECTOR('',#11612,1.);
#11612 = DIRECTION('',(1.144237745222E-17,1.,0.));
#11613 = ORIENTED_EDGE('',*,*,#10305,.T.);
#11614 = ORIENTED_EDGE('',*,*,#11594,.F.);
#11615 = ORIENTED_EDGE('',*,*,#10196,.F.);
#11616 = PLANE('',#11617);
#11617 = AXIS2_PLACEMENT_3D('',#11618,#11619,#11620);
#11618 = CARTESIAN_POINT('',(-1.172050016982,-1.2,0.232635182233));
#11619 = DIRECTION('',(0.986721169868,-1.129043606572E-17,
    -0.162423314012));
#11620 = DIRECTION('',(0.162423314012,-1.858508865964E-18,0.986721169868
    ));
#11621 = ADVANCED_FACE('',(#11622),#11633,.F.);
#11622 = FACE_BOUND('',#11623,.F.);
#11623 = EDGE_LOOP('',(#11624,#11630,#11631,#11632));
#11624 = ORIENTED_EDGE('',*,*,#11625,.T.);
#11625 = EDGE_CURVE('',#10180,#10289,#11626,.T.);
#11626 = LINE('',#11627,#11628);
#11627 = CARTESIAN_POINT('',(-1.270530792283,-1.2,0.15));
#11628 = VECTOR('',#11629,1.);
#11629 = DIRECTION('',(1.144237745222E-17,1.,0.));
#11630 = ORIENTED_EDGE('',*,*,#10296,.T.);
#11631 = ORIENTED_EDGE('',*,*,#11608,.F.);
#11632 = ORIENTED_EDGE('',*,*,#10187,.F.);
#11633 = CYLINDRICAL_SURFACE('',#11634,0.1);
#11634 = AXIS2_PLACEMENT_3D('',#11635,#11636,#11637);
#11635 = CARTESIAN_POINT('',(-1.270530792283,-1.2,0.25));
#11636 = DIRECTION('',(-1.144237745222E-17,-1.,0.));
#11637 = DIRECTION('',(-2.22044604925E-15,2.540718180781E-32,-1.));
#11638 = ADVANCED_FACE('',(#11639),#11650,.F.);
#11639 = FACE_BOUND('',#11640,.F.);
#11640 = EDGE_LOOP('',(#11641,#11647,#11648,#11649));
#11641 = ORIENTED_EDGE('',*,*,#11642,.T.);
#11642 = EDGE_CURVE('',#10172,#10281,#11643,.T.);
#11643 = LINE('',#11644,#11645);
#11644 = CARTESIAN_POINT('',(-1.4,-1.2,0.15));
#11645 = VECTOR('',#11646,1.);
#11646 = DIRECTION('',(1.144237745222E-17,1.,0.));
#11647 = ORIENTED_EDGE('',*,*,#10288,.T.);
#11648 = ORIENTED_EDGE('',*,*,#11625,.F.);
#11649 = ORIENTED_EDGE('',*,*,#10179,.F.);
#11650 = PLANE('',#11651);
#11651 = AXIS2_PLACEMENT_3D('',#11652,#11653,#11654);
#11652 = CARTESIAN_POINT('',(-1.4,-1.2,0.15));
#11653 = DIRECTION('',(0.,0.,-1.));
#11654 = DIRECTION('',(1.,-1.144237745222E-17,0.));
#11655 = ADVANCED_FACE('',(#11656),#11667,.F.);
#11656 = FACE_BOUND('',#11657,.F.);
#11657 = EDGE_LOOP('',(#11658,#11664,#11665,#11666));
#11658 = ORIENTED_EDGE('',*,*,#11659,.T.);
#11659 = EDGE_CURVE('',#10164,#10273,#11660,.T.);
#11660 = LINE('',#11661,#11662);
#11661 = CARTESIAN_POINT('',(-1.4,-1.2,0.));
#11662 = VECTOR('',#11663,1.);
#11663 = DIRECTION('',(1.144237745222E-17,1.,0.));
#11664 = ORIENTED_EDGE('',*,*,#10280,.T.);
#11665 = ORIENTED_EDGE('',*,*,#11642,.F.);
#11666 = ORIENTED_EDGE('',*,*,#10171,.F.);
#11667 = PLANE('',#11668);
#11668 = AXIS2_PLACEMENT_3D('',#11669,#11670,#11671);
#11669 = CARTESIAN_POINT('',(-1.4,-1.2,0.));
#11670 = DIRECTION('',(1.,-1.144237745222E-17,0.));
#11671 = DIRECTION('',(0.,0.,1.));
#11672 = ADVANCED_FACE('',(#11673),#11684,.F.);
#11673 = FACE_BOUND('',#11674,.F.);
#11674 = EDGE_LOOP('',(#11675,#11681,#11682,#11683));
#11675 = ORIENTED_EDGE('',*,*,#11676,.T.);
#11676 = EDGE_CURVE('',#10155,#10264,#11677,.T.);
#11677 = LINE('',#11678,#11679);
#11678 = CARTESIAN_POINT('',(-1.270530792283,-1.2,0.));
#11679 = VECTOR('',#11680,1.);
#11680 = DIRECTION('',(1.144237745222E-17,1.,0.));
#11681 = ORIENTED_EDGE('',*,*,#10272,.T.);
#11682 = ORIENTED_EDGE('',*,*,#11659,.F.);
#11683 = ORIENTED_EDGE('',*,*,#10163,.F.);
#11684 = PLANE('',#11685);
#11685 = AXIS2_PLACEMENT_3D('',#11686,#11687,#11688);
#11686 = CARTESIAN_POINT('',(-1.270530792283,-1.2,0.));
#11687 = DIRECTION('',(0.,0.,1.));
#11688 = DIRECTION('',(-1.,1.144237745222E-17,0.));
#11689 = ADVANCED_FACE('',(#11690),#11701,.T.);
#11690 = FACE_BOUND('',#11691,.T.);
#11691 = EDGE_LOOP('',(#11692,#11693,#11694,#11695));
#11692 = ORIENTED_EDGE('',*,*,#10154,.T.);
#11693 = ORIENTED_EDGE('',*,*,#11676,.T.);
#11694 = ORIENTED_EDGE('',*,*,#10263,.F.);
#11695 = ORIENTED_EDGE('',*,*,#11696,.F.);
#11696 = EDGE_CURVE('',#10147,#10256,#11697,.T.);
#11697 = LINE('',#11698,#11699);
#11698 = CARTESIAN_POINT('',(-1.02432885403,-1.2,0.206587955583));
#11699 = VECTOR('',#11700,1.);
#11700 = DIRECTION('',(1.144237745222E-17,1.,0.));
#11701 = CYLINDRICAL_SURFACE('',#11702,0.25);
#11702 = AXIS2_PLACEMENT_3D('',#11703,#11704,#11705);
#11703 = CARTESIAN_POINT('',(-1.270530792283,-1.2,0.25));
#11704 = DIRECTION('',(-1.144237745222E-17,-1.,0.));
#11705 = DIRECTION('',(0.984807753012,-1.126854202784E-17,
    -0.173648177667));
#11706 = ADVANCED_FACE('',(#11707),#11713,.F.);
#11707 = FACE_BOUND('',#11708,.F.);
#11708 = EDGE_LOOP('',(#11709,#11710,#11711,#11712));
#11709 = ORIENTED_EDGE('',*,*,#10237,.T.);
#11710 = ORIENTED_EDGE('',*,*,#10255,.T.);
#11711 = ORIENTED_EDGE('',*,*,#11696,.F.);
#11712 = ORIENTED_EDGE('',*,*,#10146,.F.);
#11713 = PLANE('',#11714);
#11714 = AXIS2_PLACEMENT_3D('',#11715,#11716,#11717);
#11715 = CARTESIAN_POINT('',(-0.948480775301,-1.2,0.667364817767));
#11716 = DIRECTION('',(-0.986721169868,1.129043606572E-17,0.162423314012
    ));
#11717 = DIRECTION('',(-0.162423314012,1.858508865964E-18,
    -0.986721169868));
#11718 = ADVANCED_FACE('',(#11719),#11730,.T.);
#11719 = FACE_BOUND('',#11720,.T.);
#11720 = EDGE_LOOP('',(#11721,#11722,#11723,#11724));
#11721 = ORIENTED_EDGE('',*,*,#10427,.T.);
#11722 = ORIENTED_EDGE('',*,*,#11428,.T.);
#11723 = ORIENTED_EDGE('',*,*,#10536,.F.);
#11724 = ORIENTED_EDGE('',*,*,#11725,.F.);
#11725 = EDGE_CURVE('',#10420,#10529,#11726,.T.);
#11726 = LINE('',#11727,#11728);
#11727 = CARTESIAN_POINT('',(-1.096201938253,-0.25,0.693412044417));
#11728 = VECTOR('',#11729,1.);
#11729 = DIRECTION('',(1.144237745222E-17,1.,0.));
#11730 = CYLINDRICAL_SURFACE('',#11731,0.25);
#11731 = AXIS2_PLACEMENT_3D('',#11732,#11733,#11734);
#11732 = CARTESIAN_POINT('',(-0.85,-0.25,0.65));
#11733 = DIRECTION('',(-1.144237745222E-17,-1.,0.));
#11734 = DIRECTION('',(-0.984807753012,1.126854202784E-17,0.173648177667
    ));
#11735 = ADVANCED_FACE('',(#11736),#11747,.F.);
#11736 = FACE_BOUND('',#11737,.F.);
#11737 = EDGE_LOOP('',(#11738,#11744,#11745,#11746));
#11738 = ORIENTED_EDGE('',*,*,#11739,.T.);
#11739 = EDGE_CURVE('',#10411,#10520,#11740,.T.);
#11740 = LINE('',#11741,#11742);
#11741 = CARTESIAN_POINT('',(-1.172050016982,-0.25,0.232635182233));
#11742 = VECTOR('',#11743,1.);
#11743 = DIRECTION('',(1.144237745222E-17,1.,0.));
#11744 = ORIENTED_EDGE('',*,*,#10528,.T.);
#11745 = ORIENTED_EDGE('',*,*,#11725,.F.);
#11746 = ORIENTED_EDGE('',*,*,#10419,.F.);
#11747 = PLANE('',#11748);
#11748 = AXIS2_PLACEMENT_3D('',#11749,#11750,#11751);
#11749 = CARTESIAN_POINT('',(-1.172050016982,-0.25,0.232635182233));
#11750 = DIRECTION('',(0.986721169868,-1.129043606572E-17,
    -0.162423314012));
#11751 = DIRECTION('',(0.162423314012,-1.858508865964E-18,0.986721169868
    ));
#11752 = ADVANCED_FACE('',(#11753),#11764,.F.);
#11753 = FACE_BOUND('',#11754,.F.);
#11754 = EDGE_LOOP('',(#11755,#11761,#11762,#11763));
#11755 = ORIENTED_EDGE('',*,*,#11756,.T.);
#11756 = EDGE_CURVE('',#10403,#10512,#11757,.T.);
#11757 = LINE('',#11758,#11759);
#11758 = CARTESIAN_POINT('',(-1.270530792283,-0.25,0.15));
#11759 = VECTOR('',#11760,1.);
#11760 = DIRECTION('',(1.144237745222E-17,1.,0.));
#11761 = ORIENTED_EDGE('',*,*,#10519,.T.);
#11762 = ORIENTED_EDGE('',*,*,#11739,.F.);
#11763 = ORIENTED_EDGE('',*,*,#10410,.F.);
#11764 = CYLINDRICAL_SURFACE('',#11765,0.1);
#11765 = AXIS2_PLACEMENT_3D('',#11766,#11767,#11768);
#11766 = CARTESIAN_POINT('',(-1.270530792283,-0.25,0.25));
#11767 = DIRECTION('',(-1.144237745222E-17,-1.,0.));
#11768 = DIRECTION('',(-2.22044604925E-15,2.540718180781E-32,-1.));
#11769 = ADVANCED_FACE('',(#11770),#11781,.F.);
#11770 = FACE_BOUND('',#11771,.F.);
#11771 = EDGE_LOOP('',(#11772,#11778,#11779,#11780));
#11772 = ORIENTED_EDGE('',*,*,#11773,.T.);
#11773 = EDGE_CURVE('',#10395,#10504,#11774,.T.);
#11774 = LINE('',#11775,#11776);
#11775 = CARTESIAN_POINT('',(-1.4,-0.25,0.15));
#11776 = VECTOR('',#11777,1.);
#11777 = DIRECTION('',(1.144237745222E-17,1.,0.));
#11778 = ORIENTED_EDGE('',*,*,#10511,.T.);
#11779 = ORIENTED_EDGE('',*,*,#11756,.F.);
#11780 = ORIENTED_EDGE('',*,*,#10402,.F.);
#11781 = PLANE('',#11782);
#11782 = AXIS2_PLACEMENT_3D('',#11783,#11784,#11785);
#11783 = CARTESIAN_POINT('',(-1.4,-0.25,0.15));
#11784 = DIRECTION('',(0.,0.,-1.));
#11785 = DIRECTION('',(1.,-1.144237745222E-17,0.));
#11786 = ADVANCED_FACE('',(#11787),#11798,.F.);
#11787 = FACE_BOUND('',#11788,.F.);
#11788 = EDGE_LOOP('',(#11789,#11795,#11796,#11797));
#11789 = ORIENTED_EDGE('',*,*,#11790,.T.);
#11790 = EDGE_CURVE('',#10387,#10496,#11791,.T.);
#11791 = LINE('',#11792,#11793);
#11792 = CARTESIAN_POINT('',(-1.4,-0.25,0.));
#11793 = VECTOR('',#11794,1.);
#11794 = DIRECTION('',(1.144237745222E-17,1.,0.));
#11795 = ORIENTED_EDGE('',*,*,#10503,.T.);
#11796 = ORIENTED_EDGE('',*,*,#11773,.F.);
#11797 = ORIENTED_EDGE('',*,*,#10394,.F.);
#11798 = PLANE('',#11799);
#11799 = AXIS2_PLACEMENT_3D('',#11800,#11801,#11802);
#11800 = CARTESIAN_POINT('',(-1.4,-0.25,0.));
#11801 = DIRECTION('',(1.,-1.144237745222E-17,0.));
#11802 = DIRECTION('',(0.,0.,1.));
#11803 = ADVANCED_FACE('',(#11804),#11815,.F.);
#11804 = FACE_BOUND('',#11805,.F.);
#11805 = EDGE_LOOP('',(#11806,#11812,#11813,#11814));
#11806 = ORIENTED_EDGE('',*,*,#11807,.T.);
#11807 = EDGE_CURVE('',#10378,#10487,#11808,.T.);
#11808 = LINE('',#11809,#11810);
#11809 = CARTESIAN_POINT('',(-1.270530792283,-0.25,0.));
#11810 = VECTOR('',#11811,1.);
#11811 = DIRECTION('',(1.144237745222E-17,1.,0.));
#11812 = ORIENTED_EDGE('',*,*,#10495,.T.);
#11813 = ORIENTED_EDGE('',*,*,#11790,.F.);
#11814 = ORIENTED_EDGE('',*,*,#10386,.F.);
#11815 = PLANE('',#11816);
#11816 = AXIS2_PLACEMENT_3D('',#11817,#11818,#11819);
#11817 = CARTESIAN_POINT('',(-1.270530792283,-0.25,0.));
#11818 = DIRECTION('',(0.,0.,1.));
#11819 = DIRECTION('',(-1.,1.144237745222E-17,0.));
#11820 = ADVANCED_FACE('',(#11821),#11832,.T.);
#11821 = FACE_BOUND('',#11822,.T.);
#11822 = EDGE_LOOP('',(#11823,#11824,#11825,#11826));
#11823 = ORIENTED_EDGE('',*,*,#10377,.T.);
#11824 = ORIENTED_EDGE('',*,*,#11807,.T.);
#11825 = ORIENTED_EDGE('',*,*,#10486,.F.);
#11826 = ORIENTED_EDGE('',*,*,#11827,.F.);
#11827 = EDGE_CURVE('',#10370,#10479,#11828,.T.);
#11828 = LINE('',#11829,#11830);
#11829 = CARTESIAN_POINT('',(-1.02432885403,-0.25,0.206587955583));
#11830 = VECTOR('',#11831,1.);
#11831 = DIRECTION('',(1.144237745222E-17,1.,0.));
#11832 = CYLINDRICAL_SURFACE('',#11833,0.25);
#11833 = AXIS2_PLACEMENT_3D('',#11834,#11835,#11836);
#11834 = CARTESIAN_POINT('',(-1.270530792283,-0.25,0.25));
#11835 = DIRECTION('',(-1.144237745222E-17,-1.,0.));
#11836 = DIRECTION('',(0.984807753012,-1.126854202784E-17,
    -0.173648177667));
#11837 = ADVANCED_FACE('',(#11838),#11844,.F.);
#11838 = FACE_BOUND('',#11839,.F.);
#11839 = EDGE_LOOP('',(#11840,#11841,#11842,#11843));
#11840 = ORIENTED_EDGE('',*,*,#10460,.T.);
#11841 = ORIENTED_EDGE('',*,*,#10478,.T.);
#11842 = ORIENTED_EDGE('',*,*,#11827,.F.);
#11843 = ORIENTED_EDGE('',*,*,#10369,.F.);
#11844 = PLANE('',#11845);
#11845 = AXIS2_PLACEMENT_3D('',#11846,#11847,#11848);
#11846 = CARTESIAN_POINT('',(-0.948480775301,-0.25,0.667364817767));
#11847 = DIRECTION('',(-0.986721169868,1.129043606572E-17,0.162423314012
    ));
#11848 = DIRECTION('',(-0.162423314012,1.858508865964E-18,
    -0.986721169868));
#11849 = ADVANCED_FACE('',(#11850),#11861,.F.);
#11850 = FACE_BOUND('',#11851,.F.);
#11851 = EDGE_LOOP('',(#11852,#11858,#11859,#11860));
#11852 = ORIENTED_EDGE('',*,*,#11853,.T.);
#11853 = EDGE_CURVE('',#10629,#10731,#11854,.T.);
#11854 = LINE('',#11855,#11856);
#11855 = CARTESIAN_POINT('',(-1.172050016982,0.7,0.232635182233));
#11856 = VECTOR('',#11857,1.);
#11857 = DIRECTION('',(1.144237745222E-17,1.,0.));
#11858 = ORIENTED_EDGE('',*,*,#10739,.T.);
#11859 = ORIENTED_EDGE('',*,*,#11394,.F.);
#11860 = ORIENTED_EDGE('',*,*,#10637,.F.);
#11861 = PLANE('',#11862);
#11862 = AXIS2_PLACEMENT_3D('',#11863,#11864,#11865);
#11863 = CARTESIAN_POINT('',(-1.172050016982,0.7,0.232635182233));
#11864 = DIRECTION('',(0.986721169868,-1.129043606572E-17,
    -0.162423314012));
#11865 = DIRECTION('',(0.162423314012,-1.858508865964E-18,0.986721169868
    ));
#11866 = ADVANCED_FACE('',(#11867),#11878,.F.);
#11867 = FACE_BOUND('',#11868,.F.);
#11868 = EDGE_LOOP('',(#11869,#11875,#11876,#11877));
#11869 = ORIENTED_EDGE('',*,*,#11870,.T.);
#11870 = EDGE_CURVE('',#10621,#10723,#11871,.T.);
#11871 = LINE('',#11872,#11873);
#11872 = CARTESIAN_POINT('',(-1.270530792283,0.7,0.15));
#11873 = VECTOR('',#11874,1.);
#11874 = DIRECTION('',(1.144237745222E-17,1.,0.));
#11875 = ORIENTED_EDGE('',*,*,#10730,.T.);
#11876 = ORIENTED_EDGE('',*,*,#11853,.F.);
#11877 = ORIENTED_EDGE('',*,*,#10628,.F.);
#11878 = CYLINDRICAL_SURFACE('',#11879,0.1);
#11879 = AXIS2_PLACEMENT_3D('',#11880,#11881,#11882);
#11880 = CARTESIAN_POINT('',(-1.270530792283,0.7,0.25));
#11881 = DIRECTION('',(-1.144237745222E-17,-1.,0.));
#11882 = DIRECTION('',(-2.22044604925E-15,2.540718180781E-32,-1.));
#11883 = ADVANCED_FACE('',(#11884),#11895,.F.);
#11884 = FACE_BOUND('',#11885,.F.);
#11885 = EDGE_LOOP('',(#11886,#11892,#11893,#11894));
#11886 = ORIENTED_EDGE('',*,*,#11887,.T.);
#11887 = EDGE_CURVE('',#10613,#10715,#11888,.T.);
#11888 = LINE('',#11889,#11890);
#11889 = CARTESIAN_POINT('',(-1.4,0.7,0.15));
#11890 = VECTOR('',#11891,1.);
#11891 = DIRECTION('',(1.144237745222E-17,1.,0.));
#11892 = ORIENTED_EDGE('',*,*,#10722,.T.);
#11893 = ORIENTED_EDGE('',*,*,#11870,.F.);
#11894 = ORIENTED_EDGE('',*,*,#10620,.F.);
#11895 = PLANE('',#11896);
#11896 = AXIS2_PLACEMENT_3D('',#11897,#11898,#11899);
#11897 = CARTESIAN_POINT('',(-1.4,0.7,0.15));
#11898 = DIRECTION('',(0.,0.,-1.));
#11899 = DIRECTION('',(1.,-1.144237745222E-17,0.));
#11900 = ADVANCED_FACE('',(#11901),#11912,.F.);
#11901 = FACE_BOUND('',#11902,.F.);
#11902 = EDGE_LOOP('',(#11903,#11909,#11910,#11911));
#11903 = ORIENTED_EDGE('',*,*,#11904,.T.);
#11904 = EDGE_CURVE('',#10605,#10707,#11905,.T.);
#11905 = LINE('',#11906,#11907);
#11906 = CARTESIAN_POINT('',(-1.4,0.7,0.));
#11907 = VECTOR('',#11908,1.);
#11908 = DIRECTION('',(1.144237745222E-17,1.,0.));
#11909 = ORIENTED_EDGE('',*,*,#10714,.T.);
#11910 = ORIENTED_EDGE('',*,*,#11887,.F.);
#11911 = ORIENTED_EDGE('',*,*,#10612,.F.);
#11912 = PLANE('',#11913);
#11913 = AXIS2_PLACEMENT_3D('',#11914,#11915,#11916);
#11914 = CARTESIAN_POINT('',(-1.4,0.7,0.));
#11915 = DIRECTION('',(1.,-1.144237745222E-17,0.));
#11916 = DIRECTION('',(0.,0.,1.));
#11917 = ADVANCED_FACE('',(#11918),#11929,.F.);
#11918 = FACE_BOUND('',#11919,.F.);
#11919 = EDGE_LOOP('',(#11920,#11926,#11927,#11928));
#11920 = ORIENTED_EDGE('',*,*,#11921,.T.);
#11921 = EDGE_CURVE('',#10596,#10698,#11922,.T.);
#11922 = LINE('',#11923,#11924);
#11923 = CARTESIAN_POINT('',(-1.270530792283,0.7,0.));
#11924 = VECTOR('',#11925,1.);
#11925 = DIRECTION('',(1.144237745222E-17,1.,0.));
#11926 = ORIENTED_EDGE('',*,*,#10706,.T.);
#11927 = ORIENTED_EDGE('',*,*,#11904,.F.);
#11928 = ORIENTED_EDGE('',*,*,#10604,.F.);
#11929 = PLANE('',#11930);
#11930 = AXIS2_PLACEMENT_3D('',#11931,#11932,#11933);
#11931 = CARTESIAN_POINT('',(-1.270530792283,0.7,0.));
#11932 = DIRECTION('',(0.,0.,1.));
#11933 = DIRECTION('',(-1.,1.144237745222E-17,0.));
#11934 = ADVANCED_FACE('',(#11935),#11946,.T.);
#11935 = FACE_BOUND('',#11936,.T.);
#11936 = EDGE_LOOP('',(#11937,#11938,#11939,#11940));
#11937 = ORIENTED_EDGE('',*,*,#10595,.T.);
#11938 = ORIENTED_EDGE('',*,*,#11921,.T.);
#11939 = ORIENTED_EDGE('',*,*,#10697,.F.);
#11940 = ORIENTED_EDGE('',*,*,#11941,.F.);
#11941 = EDGE_CURVE('',#10588,#10690,#11942,.T.);
#11942 = LINE('',#11943,#11944);
#11943 = CARTESIAN_POINT('',(-1.02432885403,0.7,0.206587955583));
#11944 = VECTOR('',#11945,1.);
#11945 = DIRECTION('',(1.144237745222E-17,1.,0.));
#11946 = CYLINDRICAL_SURFACE('',#11947,0.25);
#11947 = AXIS2_PLACEMENT_3D('',#11948,#11949,#11950);
#11948 = CARTESIAN_POINT('',(-1.270530792283,0.7,0.25));
#11949 = DIRECTION('',(-1.144237745222E-17,-1.,0.));
#11950 = DIRECTION('',(0.984807753012,-1.126854202784E-17,
    -0.173648177667));
#11951 = ADVANCED_FACE('',(#11952),#11958,.F.);
#11952 = FACE_BOUND('',#11953,.F.);
#11953 = EDGE_LOOP('',(#11954,#11955,#11956,#11957));
#11954 = ORIENTED_EDGE('',*,*,#10671,.T.);
#11955 = ORIENTED_EDGE('',*,*,#10689,.T.);
#11956 = ORIENTED_EDGE('',*,*,#11941,.F.);
#11957 = ORIENTED_EDGE('',*,*,#10587,.F.);
#11958 = PLANE('',#11959);
#11959 = AXIS2_PLACEMENT_3D('',#11960,#11961,#11962);
#11960 = CARTESIAN_POINT('',(-0.948480775301,0.7,0.667364817767));
#11961 = DIRECTION('',(-0.986721169868,1.129043606572E-17,0.162423314012
    ));
#11962 = DIRECTION('',(-0.162423314012,1.858508865964E-18,
    -0.986721169868));
#11963 = ADVANCED_FACE('',(#11964),#11975,.F.);
#11964 = FACE_BOUND('',#11965,.F.);
#11965 = EDGE_LOOP('',(#11966,#11972,#11973,#11974));
#11966 = ORIENTED_EDGE('',*,*,#11967,.T.);
#11967 = EDGE_CURVE('',#10816,#10918,#11968,.T.);
#11968 = LINE('',#11969,#11970);
#11969 = CARTESIAN_POINT('',(1.172050016982,1.2,0.232635182233));
#11970 = VECTOR('',#11971,1.);
#11971 = DIRECTION('',(1.110223024625E-16,-1.,0.));
#11972 = ORIENTED_EDGE('',*,*,#10926,.T.);
#11973 = ORIENTED_EDGE('',*,*,#11565,.F.);
#11974 = ORIENTED_EDGE('',*,*,#10824,.F.);
#11975 = PLANE('',#11976);
#11976 = AXIS2_PLACEMENT_3D('',#11977,#11978,#11979);
#11977 = CARTESIAN_POINT('',(1.172050016982,1.2,0.232635182233));
#11978 = DIRECTION('',(-0.986721169868,-1.095480561672E-16,
    -0.162423314012));
#11979 = DIRECTION('',(-0.162423314012,-1.803261029519E-17,
    0.986721169868));
#11980 = ADVANCED_FACE('',(#11981),#11992,.F.);
#11981 = FACE_BOUND('',#11982,.F.);
#11982 = EDGE_LOOP('',(#11983,#11989,#11990,#11991));
#11983 = ORIENTED_EDGE('',*,*,#11984,.T.);
#11984 = EDGE_CURVE('',#10808,#10910,#11985,.T.);
#11985 = LINE('',#11986,#11987);
#11986 = CARTESIAN_POINT('',(1.270530792283,1.2,0.15));
#11987 = VECTOR('',#11988,1.);
#11988 = DIRECTION('',(1.110223024625E-16,-1.,0.));
#11989 = ORIENTED_EDGE('',*,*,#10917,.T.);
#11990 = ORIENTED_EDGE('',*,*,#11967,.F.);
#11991 = ORIENTED_EDGE('',*,*,#10815,.F.);
#11992 = CYLINDRICAL_SURFACE('',#11993,0.1);
#11993 = AXIS2_PLACEMENT_3D('',#11994,#11995,#11996);
#11994 = CARTESIAN_POINT('',(1.270530792283,1.2,0.25));
#11995 = DIRECTION('',(-1.110223024625E-16,1.,0.));
#11996 = DIRECTION('',(2.22044604925E-15,2.465190328815E-31,-1.));
#11997 = ADVANCED_FACE('',(#11998),#12009,.F.);
#11998 = FACE_BOUND('',#11999,.F.);
#11999 = EDGE_LOOP('',(#12000,#12006,#12007,#12008));
#12000 = ORIENTED_EDGE('',*,*,#12001,.T.);
#12001 = EDGE_CURVE('',#10800,#10902,#12002,.T.);
#12002 = LINE('',#12003,#12004);
#12003 = CARTESIAN_POINT('',(1.4,1.2,0.15));
#12004 = VECTOR('',#12005,1.);
#12005 = DIRECTION('',(1.110223024625E-16,-1.,0.));
#12006 = ORIENTED_EDGE('',*,*,#10909,.T.);
#12007 = ORIENTED_EDGE('',*,*,#11984,.F.);
#12008 = ORIENTED_EDGE('',*,*,#10807,.F.);
#12009 = PLANE('',#12010);
#12010 = AXIS2_PLACEMENT_3D('',#12011,#12012,#12013);
#12011 = CARTESIAN_POINT('',(1.4,1.2,0.15));
#12012 = DIRECTION('',(0.,0.,-1.));
#12013 = DIRECTION('',(-1.,-1.110223024625E-16,-0.));
#12014 = ADVANCED_FACE('',(#12015),#12026,.F.);
#12015 = FACE_BOUND('',#12016,.F.);
#12016 = EDGE_LOOP('',(#12017,#12023,#12024,#12025));
#12017 = ORIENTED_EDGE('',*,*,#12018,.T.);
#12018 = EDGE_CURVE('',#10792,#10894,#12019,.T.);
#12019 = LINE('',#12020,#12021);
#12020 = CARTESIAN_POINT('',(1.4,1.2,0.));
#12021 = VECTOR('',#12022,1.);
#12022 = DIRECTION('',(1.110223024625E-16,-1.,0.));
#12023 = ORIENTED_EDGE('',*,*,#10901,.T.);
#12024 = ORIENTED_EDGE('',*,*,#12001,.F.);
#12025 = ORIENTED_EDGE('',*,*,#10799,.F.);
#12026 = PLANE('',#12027);
#12027 = AXIS2_PLACEMENT_3D('',#12028,#12029,#12030);
#12028 = CARTESIAN_POINT('',(1.4,1.2,0.));
#12029 = DIRECTION('',(-1.,-1.110223024625E-16,0.));
#12030 = DIRECTION('',(0.,0.,1.));
#12031 = ADVANCED_FACE('',(#12032),#12043,.F.);
#12032 = FACE_BOUND('',#12033,.F.);
#12033 = EDGE_LOOP('',(#12034,#12040,#12041,#12042));
#12034 = ORIENTED_EDGE('',*,*,#12035,.T.);
#12035 = EDGE_CURVE('',#10783,#10885,#12036,.T.);
#12036 = LINE('',#12037,#12038);
#12037 = CARTESIAN_POINT('',(1.270530792283,1.2,0.));
#12038 = VECTOR('',#12039,1.);
#12039 = DIRECTION('',(1.110223024625E-16,-1.,0.));
#12040 = ORIENTED_EDGE('',*,*,#10893,.T.);
#12041 = ORIENTED_EDGE('',*,*,#12018,.F.);
#12042 = ORIENTED_EDGE('',*,*,#10791,.F.);
#12043 = PLANE('',#12044);
#12044 = AXIS2_PLACEMENT_3D('',#12045,#12046,#12047);
#12045 = CARTESIAN_POINT('',(1.270530792283,1.2,0.));
#12046 = DIRECTION('',(0.,0.,1.));
#12047 = DIRECTION('',(1.,1.110223024625E-16,-0.));
#12048 = ADVANCED_FACE('',(#12049),#12060,.T.);
#12049 = FACE_BOUND('',#12050,.T.);
#12050 = EDGE_LOOP('',(#12051,#12052,#12053,#12054));
#12051 = ORIENTED_EDGE('',*,*,#10782,.T.);
#12052 = ORIENTED_EDGE('',*,*,#12035,.T.);
#12053 = ORIENTED_EDGE('',*,*,#10884,.F.);
#12054 = ORIENTED_EDGE('',*,*,#12055,.F.);
#12055 = EDGE_CURVE('',#10775,#10877,#12056,.T.);
#12056 = LINE('',#12057,#12058);
#12057 = CARTESIAN_POINT('',(1.02432885403,1.2,0.206587955583));
#12058 = VECTOR('',#12059,1.);
#12059 = DIRECTION('',(1.110223024625E-16,-1.,0.));
#12060 = CYLINDRICAL_SURFACE('',#12061,0.25);
#12061 = AXIS2_PLACEMENT_3D('',#12062,#12063,#12064);
#12062 = CARTESIAN_POINT('',(1.270530792283,1.2,0.25));
#12063 = DIRECTION('',(-1.110223024625E-16,1.,0.));
#12064 = DIRECTION('',(-0.984807753012,-1.093356242223E-16,
    -0.173648177667));
#12065 = ADVANCED_FACE('',(#12066),#12072,.F.);
#12066 = FACE_BOUND('',#12067,.F.);
#12067 = EDGE_LOOP('',(#12068,#12069,#12070,#12071));
#12068 = ORIENTED_EDGE('',*,*,#10858,.T.);
#12069 = ORIENTED_EDGE('',*,*,#10876,.T.);
#12070 = ORIENTED_EDGE('',*,*,#12055,.F.);
#12071 = ORIENTED_EDGE('',*,*,#10774,.F.);
#12072 = PLANE('',#12073);
#12073 = AXIS2_PLACEMENT_3D('',#12074,#12075,#12076);
#12074 = CARTESIAN_POINT('',(0.948480775301,1.2,0.667364817767));
#12075 = DIRECTION('',(0.986721169868,1.095480561672E-16,0.162423314012)
  );
#12076 = DIRECTION('',(0.162423314012,1.803261029519E-17,-0.986721169868
    ));
#12077 = ADVANCED_FACE('',(#12078),#12089,.T.);
#12078 = FACE_BOUND('',#12079,.T.);
#12079 = EDGE_LOOP('',(#12080,#12081,#12082,#12083));
#12080 = ORIENTED_EDGE('',*,*,#11036,.T.);
#12081 = ORIENTED_EDGE('',*,*,#11509,.T.);
#12082 = ORIENTED_EDGE('',*,*,#11145,.F.);
#12083 = ORIENTED_EDGE('',*,*,#12084,.F.);
#12084 = EDGE_CURVE('',#11029,#11138,#12085,.T.);
#12085 = LINE('',#12086,#12087);
#12086 = CARTESIAN_POINT('',(1.096201938253,0.25,0.693412044417));
#12087 = VECTOR('',#12088,1.);
#12088 = DIRECTION('',(1.110223024625E-16,-1.,0.));
#12089 = CYLINDRICAL_SURFACE('',#12090,0.25);
#12090 = AXIS2_PLACEMENT_3D('',#12091,#12092,#12093);
#12091 = CARTESIAN_POINT('',(0.85,0.25,0.65));
#12092 = DIRECTION('',(-1.110223024625E-16,1.,0.));
#12093 = DIRECTION('',(0.984807753012,1.093356242223E-16,0.173648177667)
  );
#12094 = ADVANCED_FACE('',(#12095),#12106,.F.);
#12095 = FACE_BOUND('',#12096,.F.);
#12096 = EDGE_LOOP('',(#12097,#12103,#12104,#12105));
#12097 = ORIENTED_EDGE('',*,*,#12098,.T.);
#12098 = EDGE_CURVE('',#11020,#11129,#12099,.T.);
#12099 = LINE('',#12100,#12101);
#12100 = CARTESIAN_POINT('',(1.172050016982,0.25,0.232635182233));
#12101 = VECTOR('',#12102,1.);
#12102 = DIRECTION('',(1.110223024625E-16,-1.,0.));
#12103 = ORIENTED_EDGE('',*,*,#11137,.T.);
#12104 = ORIENTED_EDGE('',*,*,#12084,.F.);
#12105 = ORIENTED_EDGE('',*,*,#11028,.F.);
#12106 = PLANE('',#12107);
#12107 = AXIS2_PLACEMENT_3D('',#12108,#12109,#12110);
#12108 = CARTESIAN_POINT('',(1.172050016982,0.25,0.232635182233));
#12109 = DIRECTION('',(-0.986721169868,-1.095480561672E-16,
    -0.162423314012));
#12110 = DIRECTION('',(-0.162423314012,-1.803261029519E-17,
    0.986721169868));
#12111 = ADVANCED_FACE('',(#12112),#12123,.F.);
#12112 = FACE_BOUND('',#12113,.F.);
#12113 = EDGE_LOOP('',(#12114,#12120,#12121,#12122));
#12114 = ORIENTED_EDGE('',*,*,#12115,.T.);
#12115 = EDGE_CURVE('',#11012,#11121,#12116,.T.);
#12116 = LINE('',#12117,#12118);
#12117 = CARTESIAN_POINT('',(1.270530792283,0.25,0.15));
#12118 = VECTOR('',#12119,1.);
#12119 = DIRECTION('',(1.110223024625E-16,-1.,0.));
#12120 = ORIENTED_EDGE('',*,*,#11128,.T.);
#12121 = ORIENTED_EDGE('',*,*,#12098,.F.);
#12122 = ORIENTED_EDGE('',*,*,#11019,.F.);
#12123 = CYLINDRICAL_SURFACE('',#12124,0.1);
#12124 = AXIS2_PLACEMENT_3D('',#12125,#12126,#12127);
#12125 = CARTESIAN_POINT('',(1.270530792283,0.25,0.25));
#12126 = DIRECTION('',(-1.110223024625E-16,1.,0.));
#12127 = DIRECTION('',(2.22044604925E-15,2.465190328815E-31,-1.));
#12128 = ADVANCED_FACE('',(#12129),#12140,.F.);
#12129 = FACE_BOUND('',#12130,.F.);
#12130 = EDGE_LOOP('',(#12131,#12137,#12138,#12139));
#12131 = ORIENTED_EDGE('',*,*,#12132,.T.);
#12132 = EDGE_CURVE('',#11004,#11113,#12133,.T.);
#12133 = LINE('',#12134,#12135);
#12134 = CARTESIAN_POINT('',(1.4,0.25,0.15));
#12135 = VECTOR('',#12136,1.);
#12136 = DIRECTION('',(1.110223024625E-16,-1.,0.));
#12137 = ORIENTED_EDGE('',*,*,#11120,.T.);
#12138 = ORIENTED_EDGE('',*,*,#12115,.F.);
#12139 = ORIENTED_EDGE('',*,*,#11011,.F.);
#12140 = PLANE('',#12141);
#12141 = AXIS2_PLACEMENT_3D('',#12142,#12143,#12144);
#12142 = CARTESIAN_POINT('',(1.4,0.25,0.15));
#12143 = DIRECTION('',(0.,0.,-1.));
#12144 = DIRECTION('',(-1.,-1.110223024625E-16,-0.));
#12145 = ADVANCED_FACE('',(#12146),#12157,.F.);
#12146 = FACE_BOUND('',#12147,.F.);
#12147 = EDGE_LOOP('',(#12148,#12154,#12155,#12156));
#12148 = ORIENTED_EDGE('',*,*,#12149,.T.);
#12149 = EDGE_CURVE('',#10996,#11105,#12150,.T.);
#12150 = LINE('',#12151,#12152);
#12151 = CARTESIAN_POINT('',(1.4,0.25,0.));
#12152 = VECTOR('',#12153,1.);
#12153 = DIRECTION('',(1.110223024625E-16,-1.,0.));
#12154 = ORIENTED_EDGE('',*,*,#11112,.T.);
#12155 = ORIENTED_EDGE('',*,*,#12132,.F.);
#12156 = ORIENTED_EDGE('',*,*,#11003,.F.);
#12157 = PLANE('',#12158);
#12158 = AXIS2_PLACEMENT_3D('',#12159,#12160,#12161);
#12159 = CARTESIAN_POINT('',(1.4,0.25,0.));
#12160 = DIRECTION('',(-1.,-1.110223024625E-16,0.));
#12161 = DIRECTION('',(0.,0.,1.));
#12162 = ADVANCED_FACE('',(#12163),#12174,.F.);
#12163 = FACE_BOUND('',#12164,.F.);
#12164 = EDGE_LOOP('',(#12165,#12171,#12172,#12173));
#12165 = ORIENTED_EDGE('',*,*,#12166,.T.);
#12166 = EDGE_CURVE('',#10987,#11096,#12167,.T.);
#12167 = LINE('',#12168,#12169);
#12168 = CARTESIAN_POINT('',(1.270530792283,0.25,0.));
#12169 = VECTOR('',#12170,1.);
#12170 = DIRECTION('',(1.110223024625E-16,-1.,0.));
#12171 = ORIENTED_EDGE('',*,*,#11104,.T.);
#12172 = ORIENTED_EDGE('',*,*,#12149,.F.);
#12173 = ORIENTED_EDGE('',*,*,#10995,.F.);
#12174 = PLANE('',#12175);
#12175 = AXIS2_PLACEMENT_3D('',#12176,#12177,#12178);
#12176 = CARTESIAN_POINT('',(1.270530792283,0.25,0.));
#12177 = DIRECTION('',(0.,0.,1.));
#12178 = DIRECTION('',(1.,1.110223024625E-16,-0.));
#12179 = ADVANCED_FACE('',(#12180),#12191,.T.);
#12180 = FACE_BOUND('',#12181,.T.);
#12181 = EDGE_LOOP('',(#12182,#12183,#12184,#12185));
#12182 = ORIENTED_EDGE('',*,*,#10986,.T.);
#12183 = ORIENTED_EDGE('',*,*,#12166,.T.);
#12184 = ORIENTED_EDGE('',*,*,#11095,.F.);
#12185 = ORIENTED_EDGE('',*,*,#12186,.F.);
#12186 = EDGE_CURVE('',#10979,#11088,#12187,.T.);
#12187 = LINE('',#12188,#12189);
#12188 = CARTESIAN_POINT('',(1.02432885403,0.25,0.206587955583));
#12189 = VECTOR('',#12190,1.);
#12190 = DIRECTION('',(1.110223024625E-16,-1.,0.));
#12191 = CYLINDRICAL_SURFACE('',#12192,0.25);
#12192 = AXIS2_PLACEMENT_3D('',#12193,#12194,#12195);
#12193 = CARTESIAN_POINT('',(1.270530792283,0.25,0.25));
#12194 = DIRECTION('',(-1.110223024625E-16,1.,0.));
#12195 = DIRECTION('',(-0.984807753012,-1.093356242223E-16,
    -0.173648177667));
#12196 = ADVANCED_FACE('',(#12197),#12203,.F.);
#12197 = FACE_BOUND('',#12198,.F.);
#12198 = EDGE_LOOP('',(#12199,#12200,#12201,#12202));
#12199 = ORIENTED_EDGE('',*,*,#11069,.T.);
#12200 = ORIENTED_EDGE('',*,*,#11087,.T.);
#12201 = ORIENTED_EDGE('',*,*,#12186,.F.);
#12202 = ORIENTED_EDGE('',*,*,#10978,.F.);
#12203 = PLANE('',#12204);
#12204 = AXIS2_PLACEMENT_3D('',#12205,#12206,#12207);
#12205 = CARTESIAN_POINT('',(0.948480775301,0.25,0.667364817767));
#12206 = DIRECTION('',(0.986721169868,1.095480561672E-16,0.162423314012)
  );
#12207 = DIRECTION('',(0.162423314012,1.803261029519E-17,-0.986721169868
    ));
#12208 = ADVANCED_FACE('',(#12209),#12220,.T.);
#12209 = FACE_BOUND('',#12210,.T.);
#12210 = EDGE_LOOP('',(#12211,#12212,#12213,#12214));
#12211 = ORIENTED_EDGE('',*,*,#11259,.T.);
#12212 = ORIENTED_EDGE('',*,*,#11528,.T.);
#12213 = ORIENTED_EDGE('',*,*,#11368,.F.);
#12214 = ORIENTED_EDGE('',*,*,#12215,.F.);
#12215 = EDGE_CURVE('',#11252,#11361,#12216,.T.);
#12216 = LINE('',#12217,#12218);
#12217 = CARTESIAN_POINT('',(1.096201938253,-0.7,0.693412044417));
#12218 = VECTOR('',#12219,1.);
#12219 = DIRECTION('',(1.110223024625E-16,-1.,0.));
#12220 = CYLINDRICAL_SURFACE('',#12221,0.25);
#12221 = AXIS2_PLACEMENT_3D('',#12222,#12223,#12224);
#12222 = CARTESIAN_POINT('',(0.85,-0.7,0.65));
#12223 = DIRECTION('',(-1.110223024625E-16,1.,0.));
#12224 = DIRECTION('',(0.984807753012,1.093356242223E-16,0.173648177667)
  );
#12225 = ADVANCED_FACE('',(#12226),#12237,.F.);
#12226 = FACE_BOUND('',#12227,.F.);
#12227 = EDGE_LOOP('',(#12228,#12234,#12235,#12236));
#12228 = ORIENTED_EDGE('',*,*,#12229,.T.);
#12229 = EDGE_CURVE('',#11243,#11352,#12230,.T.);
#12230 = LINE('',#12231,#12232);
#12231 = CARTESIAN_POINT('',(1.172050016982,-0.7,0.232635182233));
#12232 = VECTOR('',#12233,1.);
#12233 = DIRECTION('',(1.110223024625E-16,-1.,0.));
#12234 = ORIENTED_EDGE('',*,*,#11360,.T.);
#12235 = ORIENTED_EDGE('',*,*,#12215,.F.);
#12236 = ORIENTED_EDGE('',*,*,#11251,.F.);
#12237 = PLANE('',#12238);
#12238 = AXIS2_PLACEMENT_3D('',#12239,#12240,#12241);
#12239 = CARTESIAN_POINT('',(1.172050016982,-0.7,0.232635182233));
#12240 = DIRECTION('',(-0.986721169868,-1.095480561672E-16,
    -0.162423314012));
#12241 = DIRECTION('',(-0.162423314012,-1.803261029519E-17,
    0.986721169868));
#12242 = ADVANCED_FACE('',(#12243),#12254,.F.);
#12243 = FACE_BOUND('',#12244,.F.);
#12244 = EDGE_LOOP('',(#12245,#12251,#12252,#12253));
#12245 = ORIENTED_EDGE('',*,*,#12246,.T.);
#12246 = EDGE_CURVE('',#11235,#11344,#12247,.T.);
#12247 = LINE('',#12248,#12249);
#12248 = CARTESIAN_POINT('',(1.270530792283,-0.7,0.15));
#12249 = VECTOR('',#12250,1.);
#12250 = DIRECTION('',(1.110223024625E-16,-1.,0.));
#12251 = ORIENTED_EDGE('',*,*,#11351,.T.);
#12252 = ORIENTED_EDGE('',*,*,#12229,.F.);
#12253 = ORIENTED_EDGE('',*,*,#11242,.F.);
#12254 = CYLINDRICAL_SURFACE('',#12255,0.1);
#12255 = AXIS2_PLACEMENT_3D('',#12256,#12257,#12258);
#12256 = CARTESIAN_POINT('',(1.270530792283,-0.7,0.25));
#12257 = DIRECTION('',(-1.110223024625E-16,1.,0.));
#12258 = DIRECTION('',(2.22044604925E-15,2.465190328815E-31,-1.));
#12259 = ADVANCED_FACE('',(#12260),#12271,.F.);
#12260 = FACE_BOUND('',#12261,.F.);
#12261 = EDGE_LOOP('',(#12262,#12268,#12269,#12270));
#12262 = ORIENTED_EDGE('',*,*,#12263,.T.);
#12263 = EDGE_CURVE('',#11227,#11336,#12264,.T.);
#12264 = LINE('',#12265,#12266);
#12265 = CARTESIAN_POINT('',(1.4,-0.7,0.15));
#12266 = VECTOR('',#12267,1.);
#12267 = DIRECTION('',(1.110223024625E-16,-1.,0.));
#12268 = ORIENTED_EDGE('',*,*,#11343,.T.);
#12269 = ORIENTED_EDGE('',*,*,#12246,.F.);
#12270 = ORIENTED_EDGE('',*,*,#11234,.F.);
#12271 = PLANE('',#12272);
#12272 = AXIS2_PLACEMENT_3D('',#12273,#12274,#12275);
#12273 = CARTESIAN_POINT('',(1.4,-0.7,0.15));
#12274 = DIRECTION('',(0.,0.,-1.));
#12275 = DIRECTION('',(-1.,-1.110223024625E-16,-0.));
#12276 = ADVANCED_FACE('',(#12277),#12288,.F.);
#12277 = FACE_BOUND('',#12278,.F.);
#12278 = EDGE_LOOP('',(#12279,#12285,#12286,#12287));
#12279 = ORIENTED_EDGE('',*,*,#12280,.T.);
#12280 = EDGE_CURVE('',#11219,#11328,#12281,.T.);
#12281 = LINE('',#12282,#12283);
#12282 = CARTESIAN_POINT('',(1.4,-0.7,0.));
#12283 = VECTOR('',#12284,1.);
#12284 = DIRECTION('',(1.110223024625E-16,-1.,0.));
#12285 = ORIENTED_EDGE('',*,*,#11335,.T.);
#12286 = ORIENTED_EDGE('',*,*,#12263,.F.);
#12287 = ORIENTED_EDGE('',*,*,#11226,.F.);
#12288 = PLANE('',#12289);
#12289 = AXIS2_PLACEMENT_3D('',#12290,#12291,#12292);
#12290 = CARTESIAN_POINT('',(1.4,-0.7,0.));
#12291 = DIRECTION('',(-1.,-1.110223024625E-16,0.));
#12292 = DIRECTION('',(0.,0.,1.));
#12293 = ADVANCED_FACE('',(#12294),#12305,.F.);
#12294 = FACE_BOUND('',#12295,.F.);
#12295 = EDGE_LOOP('',(#12296,#12302,#12303,#12304));
#12296 = ORIENTED_EDGE('',*,*,#12297,.T.);
#12297 = EDGE_CURVE('',#11210,#11319,#12298,.T.);
#12298 = LINE('',#12299,#12300);
#12299 = CARTESIAN_POINT('',(1.270530792283,-0.7,0.));
#12300 = VECTOR('',#12301,1.);
#12301 = DIRECTION('',(1.110223024625E-16,-1.,0.));
#12302 = ORIENTED_EDGE('',*,*,#11327,.T.);
#12303 = ORIENTED_EDGE('',*,*,#12280,.F.);
#12304 = ORIENTED_EDGE('',*,*,#11218,.F.);
#12305 = PLANE('',#12306);
#12306 = AXIS2_PLACEMENT_3D('',#12307,#12308,#12309);
#12307 = CARTESIAN_POINT('',(1.270530792283,-0.7,0.));
#12308 = DIRECTION('',(0.,0.,1.));
#12309 = DIRECTION('',(1.,1.110223024625E-16,-0.));
#12310 = ADVANCED_FACE('',(#12311),#12322,.T.);
#12311 = FACE_BOUND('',#12312,.T.);
#12312 = EDGE_LOOP('',(#12313,#12314,#12315,#12316));
#12313 = ORIENTED_EDGE('',*,*,#11209,.T.);
#12314 = ORIENTED_EDGE('',*,*,#12297,.T.);
#12315 = ORIENTED_EDGE('',*,*,#11318,.F.);
#12316 = ORIENTED_EDGE('',*,*,#12317,.F.);
#12317 = EDGE_CURVE('',#11202,#11311,#12318,.T.);
#12318 = LINE('',#12319,#12320);
#12319 = CARTESIAN_POINT('',(1.02432885403,-0.7,0.206587955583));
#12320 = VECTOR('',#12321,1.);
#12321 = DIRECTION('',(1.110223024625E-16,-1.,0.));
#12322 = CYLINDRICAL_SURFACE('',#12323,0.25);
#12323 = AXIS2_PLACEMENT_3D('',#12324,#12325,#12326);
#12324 = CARTESIAN_POINT('',(1.270530792283,-0.7,0.25));
#12325 = DIRECTION('',(-1.110223024625E-16,1.,0.));
#12326 = DIRECTION('',(-0.984807753012,-1.093356242223E-16,
    -0.173648177667));
#12327 = ADVANCED_FACE('',(#12328),#12334,.F.);
#12328 = FACE_BOUND('',#12329,.F.);
#12329 = EDGE_LOOP('',(#12330,#12331,#12332,#12333));
#12330 = ORIENTED_EDGE('',*,*,#11292,.T.);
#12331 = ORIENTED_EDGE('',*,*,#11310,.T.);
#12332 = ORIENTED_EDGE('',*,*,#12317,.F.);
#12333 = ORIENTED_EDGE('',*,*,#11201,.F.);
#12334 = PLANE('',#12335);
#12335 = AXIS2_PLACEMENT_3D('',#12336,#12337,#12338);
#12336 = CARTESIAN_POINT('',(0.948480775301,-0.7,0.667364817767));
#12337 = DIRECTION('',(0.986721169868,1.095480561672E-16,0.162423314012)
  );
#12338 = DIRECTION('',(0.162423314012,1.803261029519E-17,-0.986721169868
    ));
#12339 = ADVANCED_FACE('',(#12340),#12343,.F.);
#12340 = FACE_BOUND('',#12341,.T.);
#12341 = EDGE_LOOP('',(#12342));
#12342 = ORIENTED_EDGE('',*,*,#11475,.F.);
#12343 = PLANE('',#12344);
#12344 = AXIS2_PLACEMENT_3D('',#12345,#12346,#12347);
#12345 = CARTESIAN_POINT('',(-0.333648457443,0.983648457443,1.55));
#12346 = DIRECTION('',(0.,0.,-1.));
#12347 = DIRECTION('',(1.110223024625E-16,-1.,0.));
#12348 = ( GEOMETRIC_REPRESENTATION_CONTEXT(3) 
GLOBAL_UNCERTAINTY_ASSIGNED_CONTEXT((#12352)) 
GLOBAL_UNIT_ASSIGNED_CONTEXT((#12349,#12350,#12351)) 
REPRESENTATION_CONTEXT('Context #1',
  '3D Context with UNIT and UNCERTAINTY') );
#12349 = ( LENGTH_UNIT() NAMED_UNIT(*) SI_UNIT(.MILLI.,.METRE.) );
#12350 = ( NAMED_UNIT(*) PLANE_ANGLE_UNIT() SI_UNIT($,.RADIAN.) );
#12351 = ( NAMED_UNIT(*) SI_UNIT($,.STERADIAN.) SOLID_ANGLE_UNIT() );
#12352 = UNCERTAINTY_MEASURE_WITH_UNIT(LENGTH_MEASURE(1.E-07),#12349,
  'distance_accuracy_value','confusion accuracy');
#12353 = CONTEXT_DEPENDENT_SHAPE_REPRESENTATION(#12354,#12356);
#12354 = ( REPRESENTATION_RELATIONSHIP('','',#8811,#8788) 
REPRESENTATION_RELATIONSHIP_WITH_TRANSFORMATION(#12355) 
SHAPE_REPRESENTATION_RELATIONSHIP() );
#12355 = ITEM_DEFINED_TRANSFORMATION('','',#11,#8789);
#12356 = PRODUCT_DEFINITION_SHAPE('Placement','Placement of an item',
  #12357);
#12357 = NEXT_ASSEMBLY_USAGE_OCCURRENCE('16','=>[0:1:1:15]','',#8783,
  #8806,$);
#12358 = PRODUCT_RELATED_PRODUCT_CATEGORY('part',$,(#8808));
#12359 = CONTEXT_DEPENDENT_SHAPE_REPRESENTATION(#12360,#12362);
#12360 = ( REPRESENTATION_RELATIONSHIP('','',#513,#10) 
REPRESENTATION_RELATIONSHIP_WITH_TRANSFORMATION(#12361) 
SHAPE_REPRESENTATION_RELATIONSHIP() );
#12361 = ITEM_DEFINED_TRANSFORMATION('','',#11,#55);
#12362 = PRODUCT_DEFINITION_SHAPE('Placement','Placement of an item',
  #12363);
#12363 = NEXT_ASSEMBLY_USAGE_OCCURRENCE('18','C7','',#5,#508,$);
#12364 = CONTEXT_DEPENDENT_SHAPE_REPRESENTATION(#12365,#12367);
#12365 = ( REPRESENTATION_RELATIONSHIP('','',#84,#10) 
REPRESENTATION_RELATIONSHIP_WITH_TRANSFORMATION(#12366) 
SHAPE_REPRESENTATION_RELATIONSHIP() );
#12366 = ITEM_DEFINED_TRANSFORMATION('','',#11,#59);
#12367 = PRODUCT_DEFINITION_SHAPE('Placement','Placement of an item',
  #12368);
#12368 = NEXT_ASSEMBLY_USAGE_OCCURRENCE('19','R1','',#5,#79,$);
#12369 = CONTEXT_DEPENDENT_SHAPE_REPRESENTATION(#12370,#12372);
#12370 = ( REPRESENTATION_RELATIONSHIP('','',#513,#10) 
REPRESENTATION_RELATIONSHIP_WITH_TRANSFORMATION(#12371) 
SHAPE_REPRESENTATION_RELATIONSHIP() );
#12371 = ITEM_DEFINED_TRANSFORMATION('','',#11,#63);
#12372 = PRODUCT_DEFINITION_SHAPE('Placement','Placement of an item',
  #12373);
#12373 = NEXT_ASSEMBLY_USAGE_OCCURRENCE('20','C8','',#5,#508,$);
#12374 = SHAPE_DEFINITION_REPRESENTATION(#12375,#12381);
#12375 = PRODUCT_DEFINITION_SHAPE('','',#12376);
#12376 = PRODUCT_DEFINITION('design','',#12377,#12380);
#12377 = PRODUCT_DEFINITION_FORMATION('','',#12378);
#12378 = PRODUCT('fall_sensor_PCB','fall_sensor_PCB','',(#12379));
#12379 = PRODUCT_CONTEXT('',#2,'mechanical');
#12380 = PRODUCT_DEFINITION_CONTEXT('part definition',#2,'design');
#12381 = ADVANCED_BREP_SHAPE_REPRESENTATION('',(#11,#12382),#16075);
#12382 = MANIFOLD_SOLID_BREP('',#12383);
#12383 = CLOSED_SHELL('',(#12384,#12424,#12455,#12486,#13501,#14516,
    #14533,#14545,#14562,#14579,#14596,#14613,#14630,#14647,#14664,
    #14681,#14698,#14715,#14732,#14749,#14766,#14783,#14800,#14817,
    #14834,#14851,#14868,#14885,#14902,#14919,#14936,#14953,#14970,
    #14987,#15004,#15021,#15038,#15055,#15072,#15089,#15106,#15123,
    #15140,#15157,#15174,#15191,#15208,#15225,#15242,#15259,#15276,
    #15293,#15310,#15327,#15344,#15361,#15378,#15395,#15412,#15429,
    #15446,#15463,#15480,#15497,#15514,#15531,#15548,#15565,#15582,
    #15599,#15616,#15633,#15650,#15667,#15684,#15701,#15718,#15735,
    #15752,#15769,#15786,#15803,#15820,#15837,#15854,#15871,#15888,
    #15905,#15922,#15939,#15956,#15973,#15990,#16007,#16024,#16041,
    #16058));
#12384 = ADVANCED_FACE('',(#12385),#12419,.T.);
#12385 = FACE_BOUND('',#12386,.T.);
#12386 = EDGE_LOOP('',(#12387,#12397,#12405,#12413));
#12387 = ORIENTED_EDGE('',*,*,#12388,.T.);
#12388 = EDGE_CURVE('',#12389,#12391,#12393,.T.);
#12389 = VERTEX_POINT('',#12390);
#12390 = CARTESIAN_POINT('',(150.,-130.,0.));
#12391 = VERTEX_POINT('',#12392);
#12392 = CARTESIAN_POINT('',(150.,-130.,1.51));
#12393 = LINE('',#12394,#12395);
#12394 = CARTESIAN_POINT('',(150.,-130.,0.));
#12395 = VECTOR('',#12396,1.);
#12396 = DIRECTION('',(0.,0.,1.));
#12397 = ORIENTED_EDGE('',*,*,#12398,.T.);
#12398 = EDGE_CURVE('',#12391,#12399,#12401,.T.);
#12399 = VERTEX_POINT('',#12400);
#12400 = CARTESIAN_POINT('',(60.,-130.,1.51));
#12401 = LINE('',#12402,#12403);
#12402 = CARTESIAN_POINT('',(150.,-130.,1.51));
#12403 = VECTOR('',#12404,1.);
#12404 = DIRECTION('',(-1.,0.,0.));
#12405 = ORIENTED_EDGE('',*,*,#12406,.F.);
#12406 = EDGE_CURVE('',#12407,#12399,#12409,.T.);
#12407 = VERTEX_POINT('',#12408);
#12408 = CARTESIAN_POINT('',(60.,-130.,0.));
#12409 = LINE('',#12410,#12411);
#12410 = CARTESIAN_POINT('',(60.,-130.,0.));
#12411 = VECTOR('',#12412,1.);
#12412 = DIRECTION('',(0.,0.,1.));
#12413 = ORIENTED_EDGE('',*,*,#12414,.F.);
#12414 = EDGE_CURVE('',#12389,#12407,#12415,.T.);
#12415 = LINE('',#12416,#12417);
#12416 = CARTESIAN_POINT('',(150.,-130.,0.));
#12417 = VECTOR('',#12418,1.);
#12418 = DIRECTION('',(-1.,0.,0.));
#12419 = PLANE('',#12420);
#12420 = AXIS2_PLACEMENT_3D('',#12421,#12422,#12423);
#12421 = CARTESIAN_POINT('',(150.,-130.,0.));
#12422 = DIRECTION('',(0.,-1.,0.));
#12423 = DIRECTION('',(-1.,0.,0.));
#12424 = ADVANCED_FACE('',(#12425),#12450,.T.);
#12425 = FACE_BOUND('',#12426,.T.);
#12426 = EDGE_LOOP('',(#12427,#12437,#12443,#12444));
#12427 = ORIENTED_EDGE('',*,*,#12428,.T.);
#12428 = EDGE_CURVE('',#12429,#12431,#12433,.T.);
#12429 = VERTEX_POINT('',#12430);
#12430 = CARTESIAN_POINT('',(150.,-50.,0.));
#12431 = VERTEX_POINT('',#12432);
#12432 = CARTESIAN_POINT('',(150.,-50.,1.51));
#12433 = LINE('',#12434,#12435);
#12434 = CARTESIAN_POINT('',(150.,-50.,0.));
#12435 = VECTOR('',#12436,1.);
#12436 = DIRECTION('',(0.,0.,1.));
#12437 = ORIENTED_EDGE('',*,*,#12438,.T.);
#12438 = EDGE_CURVE('',#12431,#12391,#12439,.T.);
#12439 = LINE('',#12440,#12441);
#12440 = CARTESIAN_POINT('',(150.,-50.,1.51));
#12441 = VECTOR('',#12442,1.);
#12442 = DIRECTION('',(0.,-1.,0.));
#12443 = ORIENTED_EDGE('',*,*,#12388,.F.);
#12444 = ORIENTED_EDGE('',*,*,#12445,.F.);
#12445 = EDGE_CURVE('',#12429,#12389,#12446,.T.);
#12446 = LINE('',#12447,#12448);
#12447 = CARTESIAN_POINT('',(150.,-50.,0.));
#12448 = VECTOR('',#12449,1.);
#12449 = DIRECTION('',(0.,-1.,0.));
#12450 = PLANE('',#12451);
#12451 = AXIS2_PLACEMENT_3D('',#12452,#12453,#12454);
#12452 = CARTESIAN_POINT('',(150.,-50.,0.));
#12453 = DIRECTION('',(1.,0.,-0.));
#12454 = DIRECTION('',(0.,-1.,0.));
#12455 = ADVANCED_FACE('',(#12456),#12481,.T.);
#12456 = FACE_BOUND('',#12457,.T.);
#12457 = EDGE_LOOP('',(#12458,#12459,#12467,#12475));
#12458 = ORIENTED_EDGE('',*,*,#12406,.T.);
#12459 = ORIENTED_EDGE('',*,*,#12460,.T.);
#12460 = EDGE_CURVE('',#12399,#12461,#12463,.T.);
#12461 = VERTEX_POINT('',#12462);
#12462 = CARTESIAN_POINT('',(50.,-120.,1.51));
#12463 = LINE('',#12464,#12465);
#12464 = CARTESIAN_POINT('',(60.,-130.,1.51));
#12465 = VECTOR('',#12466,1.);
#12466 = DIRECTION('',(-0.707106781187,0.707106781187,0.));
#12467 = ORIENTED_EDGE('',*,*,#12468,.F.);
#12468 = EDGE_CURVE('',#12469,#12461,#12471,.T.);
#12469 = VERTEX_POINT('',#12470);
#12470 = CARTESIAN_POINT('',(50.,-120.,0.));
#12471 = LINE('',#12472,#12473);
#12472 = CARTESIAN_POINT('',(50.,-120.,0.));
#12473 = VECTOR('',#12474,1.);
#12474 = DIRECTION('',(0.,0.,1.));
#12475 = ORIENTED_EDGE('',*,*,#12476,.F.);
#12476 = EDGE_CURVE('',#12407,#12469,#12477,.T.);
#12477 = LINE('',#12478,#12479);
#12478 = CARTESIAN_POINT('',(60.,-130.,0.));
#12479 = VECTOR('',#12480,1.);
#12480 = DIRECTION('',(-0.707106781187,0.707106781187,0.));
#12481 = PLANE('',#12482);
#12482 = AXIS2_PLACEMENT_3D('',#12483,#12484,#12485);
#12483 = CARTESIAN_POINT('',(60.,-130.,0.));
#12484 = DIRECTION('',(-0.707106781187,-0.707106781187,0.));
#12485 = DIRECTION('',(-0.707106781187,0.707106781187,0.));
#12486 = ADVANCED_FACE('',(#12487,#12506,#12517,#12528,#12539,#12550,
    #12561,#12572,#12583,#12594,#12605,#12616,#12627,#12638,#12649,
    #12660,#12671,#12682,#12693,#12704,#12715,#12726,#12737,#12748,
    #12759,#12770,#12781,#12792,#12803,#12814,#12825,#12836,#12847,
    #12858,#12869,#12880,#12891,#12902,#12913,#12924,#12935,#12946,
    #12957,#12968,#12979,#12990,#13001,#13012,#13023,#13034,#13045,
    #13056,#13067,#13078,#13089,#13100,#13111,#13122,#13133,#13144,
    #13155,#13166,#13177,#13188,#13199,#13210,#13221,#13232,#13243,
    #13254,#13265,#13276,#13287,#13298,#13309,#13320,#13331,#13342,
    #13353,#13364,#13375,#13386,#13397,#13408,#13419,#13430,#13441,
    #13452,#13463,#13474,#13485),#13496,.F.);
#12487 = FACE_BOUND('',#12488,.F.);
#12488 = EDGE_LOOP('',(#12489,#12490,#12491,#12499,#12505));
#12489 = ORIENTED_EDGE('',*,*,#12414,.F.);
#12490 = ORIENTED_EDGE('',*,*,#12445,.F.);
#12491 = ORIENTED_EDGE('',*,*,#12492,.F.);
#12492 = EDGE_CURVE('',#12493,#12429,#12495,.T.);
#12493 = VERTEX_POINT('',#12494);
#12494 = CARTESIAN_POINT('',(50.,-50.,0.));
#12495 = LINE('',#12496,#12497);
#12496 = CARTESIAN_POINT('',(50.,-50.,0.));
#12497 = VECTOR('',#12498,1.);
#12498 = DIRECTION('',(1.,0.,0.));
#12499 = ORIENTED_EDGE('',*,*,#12500,.F.);
#12500 = EDGE_CURVE('',#12469,#12493,#12501,.T.);
#12501 = LINE('',#12502,#12503);
#12502 = CARTESIAN_POINT('',(50.,-120.,0.));
#12503 = VECTOR('',#12504,1.);
#12504 = DIRECTION('',(0.,1.,0.));
#12505 = ORIENTED_EDGE('',*,*,#12476,.F.);
#12506 = FACE_BOUND('',#12507,.F.);
#12507 = EDGE_LOOP('',(#12508));
#12508 = ORIENTED_EDGE('',*,*,#12509,.T.);
#12509 = EDGE_CURVE('',#12510,#12510,#12512,.T.);
#12510 = VERTEX_POINT('',#12511);
#12511 = CARTESIAN_POINT('',(70.09,-127.508,0.));
#12512 = CIRCLE('',#12513,0.508);
#12513 = AXIS2_PLACEMENT_3D('',#12514,#12515,#12516);
#12514 = CARTESIAN_POINT('',(70.09,-127.,0.));
#12515 = DIRECTION('',(-0.,0.,-1.));
#12516 = DIRECTION('',(-0.,-1.,0.));
#12517 = FACE_BOUND('',#12518,.F.);
#12518 = EDGE_LOOP('',(#12519));
#12519 = ORIENTED_EDGE('',*,*,#12520,.T.);
#12520 = EDGE_CURVE('',#12521,#12521,#12523,.T.);
#12521 = VERTEX_POINT('',#12522);
#12522 = CARTESIAN_POINT('',(72.63,-127.508,0.));
#12523 = CIRCLE('',#12524,0.508);
#12524 = AXIS2_PLACEMENT_3D('',#12525,#12526,#12527);
#12525 = CARTESIAN_POINT('',(72.63,-127.,0.));
#12526 = DIRECTION('',(-0.,0.,-1.));
#12527 = DIRECTION('',(-0.,-1.,0.));
#12528 = FACE_BOUND('',#12529,.F.);
#12529 = EDGE_LOOP('',(#12530));
#12530 = ORIENTED_EDGE('',*,*,#12531,.T.);
#12531 = EDGE_CURVE('',#12532,#12532,#12534,.T.);
#12532 = VERTEX_POINT('',#12533);
#12533 = CARTESIAN_POINT('',(52.5,-117.54,0.));
#12534 = CIRCLE('',#12535,0.5);
#12535 = AXIS2_PLACEMENT_3D('',#12536,#12537,#12538);
#12536 = CARTESIAN_POINT('',(52.5,-117.04,0.));
#12537 = DIRECTION('',(-0.,0.,-1.));
#12538 = DIRECTION('',(-0.,-1.,0.));
#12539 = FACE_BOUND('',#12540,.F.);
#12540 = EDGE_LOOP('',(#12541));
#12541 = ORIENTED_EDGE('',*,*,#12542,.T.);
#12542 = EDGE_CURVE('',#12543,#12543,#12545,.T.);
#12543 = VERTEX_POINT('',#12544);
#12544 = CARTESIAN_POINT('',(52.5,-115.,0.));
#12545 = CIRCLE('',#12546,0.5);
#12546 = AXIS2_PLACEMENT_3D('',#12547,#12548,#12549);
#12547 = CARTESIAN_POINT('',(52.5,-114.5,0.));
#12548 = DIRECTION('',(-0.,0.,-1.));
#12549 = DIRECTION('',(-0.,-1.,0.));
#12550 = FACE_BOUND('',#12551,.F.);
#12551 = EDGE_LOOP('',(#12552));
#12552 = ORIENTED_EDGE('',*,*,#12553,.T.);
#12553 = EDGE_CURVE('',#12554,#12554,#12556,.T.);
#12554 = VERTEX_POINT('',#12555);
#12555 = CARTESIAN_POINT('',(75.17,-127.508,0.));
#12556 = CIRCLE('',#12557,0.508);
#12557 = AXIS2_PLACEMENT_3D('',#12558,#12559,#12560);
#12558 = CARTESIAN_POINT('',(75.17,-127.,0.));
#12559 = DIRECTION('',(-0.,0.,-1.));
#12560 = DIRECTION('',(-0.,-1.,0.));
#12561 = FACE_BOUND('',#12562,.F.);
#12562 = EDGE_LOOP('',(#12563));
#12563 = ORIENTED_EDGE('',*,*,#12564,.T.);
#12564 = EDGE_CURVE('',#12565,#12565,#12567,.T.);
#12565 = VERTEX_POINT('',#12566);
#12566 = CARTESIAN_POINT('',(82.92,-125.008,0.));
#12567 = CIRCLE('',#12568,0.508);
#12568 = AXIS2_PLACEMENT_3D('',#12569,#12570,#12571);
#12569 = CARTESIAN_POINT('',(82.92,-124.5,0.));
#12570 = DIRECTION('',(-0.,0.,-1.));
#12571 = DIRECTION('',(-0.,-1.,0.));
#12572 = FACE_BOUND('',#12573,.F.);
#12573 = EDGE_LOOP('',(#12574));
#12574 = ORIENTED_EDGE('',*,*,#12575,.T.);
#12575 = EDGE_CURVE('',#12576,#12576,#12578,.T.);
#12576 = VERTEX_POINT('',#12577);
#12577 = CARTESIAN_POINT('',(82.92,-122.468,0.));
#12578 = CIRCLE('',#12579,0.508);
#12579 = AXIS2_PLACEMENT_3D('',#12580,#12581,#12582);
#12580 = CARTESIAN_POINT('',(82.92,-121.96,0.));
#12581 = DIRECTION('',(-0.,0.,-1.));
#12582 = DIRECTION('',(-0.,-1.,0.));
#12583 = FACE_BOUND('',#12584,.F.);
#12584 = EDGE_LOOP('',(#12585));
#12585 = ORIENTED_EDGE('',*,*,#12586,.T.);
#12586 = EDGE_CURVE('',#12587,#12587,#12589,.T.);
#12587 = VERTEX_POINT('',#12588);
#12588 = CARTESIAN_POINT('',(82.92,-119.928,0.));
#12589 = CIRCLE('',#12590,0.508);
#12590 = AXIS2_PLACEMENT_3D('',#12591,#12592,#12593);
#12591 = CARTESIAN_POINT('',(82.92,-119.42,0.));
#12592 = DIRECTION('',(-0.,0.,-1.));
#12593 = DIRECTION('',(-0.,-1.,0.));
#12594 = FACE_BOUND('',#12595,.F.);
#12595 = EDGE_LOOP('',(#12596));
#12596 = ORIENTED_EDGE('',*,*,#12597,.T.);
#12597 = EDGE_CURVE('',#12598,#12598,#12600,.T.);
#12598 = VERTEX_POINT('',#12599);
#12599 = CARTESIAN_POINT('',(92.92,-126.4,0.));
#12600 = CIRCLE('',#12601,0.4);
#12601 = AXIS2_PLACEMENT_3D('',#12602,#12603,#12604);
#12602 = CARTESIAN_POINT('',(92.92,-126.,0.));
#12603 = DIRECTION('',(-0.,0.,-1.));
#12604 = DIRECTION('',(3.5527136788E-14,-1.,-0.));
#12605 = FACE_BOUND('',#12606,.F.);
#12606 = EDGE_LOOP('',(#12607));
#12607 = ORIENTED_EDGE('',*,*,#12608,.T.);
#12608 = EDGE_CURVE('',#12609,#12609,#12611,.T.);
#12609 = VERTEX_POINT('',#12610);
#12610 = CARTESIAN_POINT('',(93.,-121.9,0.));
#12611 = CIRCLE('',#12612,0.4);
#12612 = AXIS2_PLACEMENT_3D('',#12613,#12614,#12615);
#12613 = CARTESIAN_POINT('',(93.,-121.5,0.));
#12614 = DIRECTION('',(-0.,0.,-1.));
#12615 = DIRECTION('',(-0.,-1.,0.));
#12616 = FACE_BOUND('',#12617,.F.);
#12617 = EDGE_LOOP('',(#12618));
#12618 = ORIENTED_EDGE('',*,*,#12619,.T.);
#12619 = EDGE_CURVE('',#12620,#12620,#12622,.T.);
#12620 = VERTEX_POINT('',#12621);
#12621 = CARTESIAN_POINT('',(82.92,-117.388,0.));
#12622 = CIRCLE('',#12623,0.508);
#12623 = AXIS2_PLACEMENT_3D('',#12624,#12625,#12626);
#12624 = CARTESIAN_POINT('',(82.92,-116.88,0.));
#12625 = DIRECTION('',(-0.,0.,-1.));
#12626 = DIRECTION('',(-0.,-1.,0.));
#12627 = FACE_BOUND('',#12628,.F.);
#12628 = EDGE_LOOP('',(#12629));
#12629 = ORIENTED_EDGE('',*,*,#12630,.T.);
#12630 = EDGE_CURVE('',#12631,#12631,#12633,.T.);
#12631 = VERTEX_POINT('',#12632);
#12632 = CARTESIAN_POINT('',(82.92,-114.848,0.));
#12633 = CIRCLE('',#12634,0.508);
#12634 = AXIS2_PLACEMENT_3D('',#12635,#12636,#12637);
#12635 = CARTESIAN_POINT('',(82.92,-114.34,0.));
#12636 = DIRECTION('',(-0.,0.,-1.));
#12637 = DIRECTION('',(-0.,-1.,0.));
#12638 = FACE_BOUND('',#12639,.F.);
#12639 = EDGE_LOOP('',(#12640));
#12640 = ORIENTED_EDGE('',*,*,#12641,.T.);
#12641 = EDGE_CURVE('',#12642,#12642,#12644,.T.);
#12642 = VERTEX_POINT('',#12643);
#12643 = CARTESIAN_POINT('',(76.,-110.5,0.));
#12644 = CIRCLE('',#12645,0.5);
#12645 = AXIS2_PLACEMENT_3D('',#12646,#12647,#12648);
#12646 = CARTESIAN_POINT('',(76.,-110.,0.));
#12647 = DIRECTION('',(-0.,0.,-1.));
#12648 = DIRECTION('',(-0.,-1.,0.));
#12649 = FACE_BOUND('',#12650,.F.);
#12650 = EDGE_LOOP('',(#12651));
#12651 = ORIENTED_EDGE('',*,*,#12652,.T.);
#12652 = EDGE_CURVE('',#12653,#12653,#12655,.T.);
#12653 = VERTEX_POINT('',#12654);
#12654 = CARTESIAN_POINT('',(82.92,-112.308,0.));
#12655 = CIRCLE('',#12656,0.508);
#12656 = AXIS2_PLACEMENT_3D('',#12657,#12658,#12659);
#12657 = CARTESIAN_POINT('',(82.92,-111.8,0.));
#12658 = DIRECTION('',(-0.,0.,-1.));
#12659 = DIRECTION('',(-0.,-1.,0.));
#12660 = FACE_BOUND('',#12661,.F.);
#12661 = EDGE_LOOP('',(#12662));
#12662 = ORIENTED_EDGE('',*,*,#12663,.T.);
#12663 = EDGE_CURVE('',#12664,#12664,#12666,.T.);
#12664 = VERTEX_POINT('',#12665);
#12665 = CARTESIAN_POINT('',(91.94,-110.36,0.));
#12666 = CIRCLE('',#12667,0.5);
#12667 = AXIS2_PLACEMENT_3D('',#12668,#12669,#12670);
#12668 = CARTESIAN_POINT('',(91.94,-109.86,0.));
#12669 = DIRECTION('',(-0.,0.,-1.));
#12670 = DIRECTION('',(-0.,-1.,0.));
#12671 = FACE_BOUND('',#12672,.F.);
#12672 = EDGE_LOOP('',(#12673));
#12673 = ORIENTED_EDGE('',*,*,#12674,.T.);
#12674 = EDGE_CURVE('',#12675,#12675,#12677,.T.);
#12675 = VERTEX_POINT('',#12676);
#12676 = CARTESIAN_POINT('',(94.48,-110.36,0.));
#12677 = CIRCLE('',#12678,0.5);
#12678 = AXIS2_PLACEMENT_3D('',#12679,#12680,#12681);
#12679 = CARTESIAN_POINT('',(94.48,-109.86,0.));
#12680 = DIRECTION('',(-0.,0.,-1.));
#12681 = DIRECTION('',(-0.,-1.,0.));
#12682 = FACE_BOUND('',#12683,.F.);
#12683 = EDGE_LOOP('',(#12684));
#12684 = ORIENTED_EDGE('',*,*,#12685,.T.);
#12685 = EDGE_CURVE('',#12686,#12686,#12688,.T.);
#12686 = VERTEX_POINT('',#12687);
#12687 = CARTESIAN_POINT('',(97.02,-110.36,0.));
#12688 = CIRCLE('',#12689,0.5);
#12689 = AXIS2_PLACEMENT_3D('',#12690,#12691,#12692);
#12690 = CARTESIAN_POINT('',(97.02,-109.86,0.));
#12691 = DIRECTION('',(-0.,0.,-1.));
#12692 = DIRECTION('',(-0.,-1.,0.));
#12693 = FACE_BOUND('',#12694,.F.);
#12694 = EDGE_LOOP('',(#12695));
#12695 = ORIENTED_EDGE('',*,*,#12696,.T.);
#12696 = EDGE_CURVE('',#12697,#12697,#12699,.T.);
#12697 = VERTEX_POINT('',#12698);
#12698 = CARTESIAN_POINT('',(52.5,-92.75,0.));
#12699 = CIRCLE('',#12700,0.75);
#12700 = AXIS2_PLACEMENT_3D('',#12701,#12702,#12703);
#12701 = CARTESIAN_POINT('',(52.5,-92.,0.));
#12702 = DIRECTION('',(-0.,0.,-1.));
#12703 = DIRECTION('',(-0.,-1.,0.));
#12704 = FACE_BOUND('',#12705,.F.);
#12705 = EDGE_LOOP('',(#12706));
#12706 = ORIENTED_EDGE('',*,*,#12707,.T.);
#12707 = EDGE_CURVE('',#12708,#12708,#12710,.T.);
#12708 = VERTEX_POINT('',#12709);
#12709 = CARTESIAN_POINT('',(69.65,-92.75,0.));
#12710 = CIRCLE('',#12711,0.75);
#12711 = AXIS2_PLACEMENT_3D('',#12712,#12713,#12714);
#12712 = CARTESIAN_POINT('',(69.65,-92.,0.));
#12713 = DIRECTION('',(-0.,0.,-1.));
#12714 = DIRECTION('',(-0.,-1.,0.));
#12715 = FACE_BOUND('',#12716,.F.);
#12716 = EDGE_LOOP('',(#12717));
#12717 = ORIENTED_EDGE('',*,*,#12718,.T.);
#12718 = EDGE_CURVE('',#12719,#12719,#12721,.T.);
#12719 = VERTEX_POINT('',#12720);
#12720 = CARTESIAN_POINT('',(76.,-107.96,0.));
#12721 = CIRCLE('',#12722,0.5);
#12722 = AXIS2_PLACEMENT_3D('',#12723,#12724,#12725);
#12723 = CARTESIAN_POINT('',(76.,-107.46,0.));
#12724 = DIRECTION('',(-0.,0.,-1.));
#12725 = DIRECTION('',(-0.,-1.,0.));
#12726 = FACE_BOUND('',#12727,.F.);
#12727 = EDGE_LOOP('',(#12728));
#12728 = ORIENTED_EDGE('',*,*,#12729,.T.);
#12729 = EDGE_CURVE('',#12730,#12730,#12732,.T.);
#12730 = VERTEX_POINT('',#12731);
#12731 = CARTESIAN_POINT('',(76.,-99.04,0.));
#12732 = CIRCLE('',#12733,0.5);
#12733 = AXIS2_PLACEMENT_3D('',#12734,#12735,#12736);
#12734 = CARTESIAN_POINT('',(76.,-98.54,0.));
#12735 = DIRECTION('',(-0.,0.,-1.));
#12736 = DIRECTION('',(-0.,-1.,0.));
#12737 = FACE_BOUND('',#12738,.F.);
#12738 = EDGE_LOOP('',(#12739));
#12739 = ORIENTED_EDGE('',*,*,#12740,.T.);
#12740 = EDGE_CURVE('',#12741,#12741,#12743,.T.);
#12741 = VERTEX_POINT('',#12742);
#12742 = CARTESIAN_POINT('',(76.,-96.5,0.));
#12743 = CIRCLE('',#12744,0.5);
#12744 = AXIS2_PLACEMENT_3D('',#12745,#12746,#12747);
#12745 = CARTESIAN_POINT('',(76.,-96.,0.));
#12746 = DIRECTION('',(-0.,0.,-1.));
#12747 = DIRECTION('',(-0.,-1.,0.));
#12748 = FACE_BOUND('',#12749,.F.);
#12749 = EDGE_LOOP('',(#12750));
#12750 = ORIENTED_EDGE('',*,*,#12751,.T.);
#12751 = EDGE_CURVE('',#12752,#12752,#12754,.T.);
#12752 = VERTEX_POINT('',#12753);
#12753 = CARTESIAN_POINT('',(83.5,-93.4,0.));
#12754 = CIRCLE('',#12755,0.4);
#12755 = AXIS2_PLACEMENT_3D('',#12756,#12757,#12758);
#12756 = CARTESIAN_POINT('',(83.5,-93.,0.));
#12757 = DIRECTION('',(-0.,0.,-1.));
#12758 = DIRECTION('',(-0.,-1.,0.));
#12759 = FACE_BOUND('',#12760,.F.);
#12760 = EDGE_LOOP('',(#12761));
#12761 = ORIENTED_EDGE('',*,*,#12762,.T.);
#12762 = EDGE_CURVE('',#12763,#12763,#12765,.T.);
#12763 = VERTEX_POINT('',#12764);
#12764 = CARTESIAN_POINT('',(103.08,-126.4,0.));
#12765 = CIRCLE('',#12766,0.4);
#12766 = AXIS2_PLACEMENT_3D('',#12767,#12768,#12769);
#12767 = CARTESIAN_POINT('',(103.08,-126.,0.));
#12768 = DIRECTION('',(-0.,0.,-1.));
#12769 = DIRECTION('',(-3.552713678801E-14,-1.,0.));
#12770 = FACE_BOUND('',#12771,.F.);
#12771 = EDGE_LOOP('',(#12772));
#12772 = ORIENTED_EDGE('',*,*,#12773,.T.);
#12773 = EDGE_CURVE('',#12774,#12774,#12776,.T.);
#12774 = VERTEX_POINT('',#12775);
#12775 = CARTESIAN_POINT('',(107.25,-126.3,0.));
#12776 = CIRCLE('',#12777,0.55);
#12777 = AXIS2_PLACEMENT_3D('',#12778,#12779,#12780);
#12778 = CARTESIAN_POINT('',(107.25,-125.75,0.));
#12779 = DIRECTION('',(-0.,0.,-1.));
#12780 = DIRECTION('',(-0.,-1.,0.));
#12781 = FACE_BOUND('',#12782,.F.);
#12782 = EDGE_LOOP('',(#12783));
#12783 = ORIENTED_EDGE('',*,*,#12784,.T.);
#12784 = EDGE_CURVE('',#12785,#12785,#12787,.T.);
#12785 = VERTEX_POINT('',#12786);
#12786 = CARTESIAN_POINT('',(103.16,-121.9,0.));
#12787 = CIRCLE('',#12788,0.4);
#12788 = AXIS2_PLACEMENT_3D('',#12789,#12790,#12791);
#12789 = CARTESIAN_POINT('',(103.16,-121.5,0.));
#12790 = DIRECTION('',(-0.,0.,-1.));
#12791 = DIRECTION('',(-0.,-1.,0.));
#12792 = FACE_BOUND('',#12793,.F.);
#12793 = EDGE_LOOP('',(#12794));
#12794 = ORIENTED_EDGE('',*,*,#12795,.T.);
#12795 = EDGE_CURVE('',#12796,#12796,#12798,.T.);
#12796 = VERTEX_POINT('',#12797);
#12797 = CARTESIAN_POINT('',(107.25,-121.8,0.));
#12798 = CIRCLE('',#12799,0.55);
#12799 = AXIS2_PLACEMENT_3D('',#12800,#12801,#12802);
#12800 = CARTESIAN_POINT('',(107.25,-121.25,0.));
#12801 = DIRECTION('',(-0.,0.,-1.));
#12802 = DIRECTION('',(-0.,-1.,0.));
#12803 = FACE_BOUND('',#12804,.F.);
#12804 = EDGE_LOOP('',(#12805));
#12805 = ORIENTED_EDGE('',*,*,#12806,.T.);
#12806 = EDGE_CURVE('',#12807,#12807,#12809,.T.);
#12807 = VERTEX_POINT('',#12808);
#12808 = CARTESIAN_POINT('',(113.75,-126.3,0.));
#12809 = CIRCLE('',#12810,0.55);
#12810 = AXIS2_PLACEMENT_3D('',#12811,#12812,#12813);
#12811 = CARTESIAN_POINT('',(113.75,-125.75,0.));
#12812 = DIRECTION('',(-0.,0.,-1.));
#12813 = DIRECTION('',(-0.,-1.,0.));
#12814 = FACE_BOUND('',#12815,.F.);
#12815 = EDGE_LOOP('',(#12816));
#12816 = ORIENTED_EDGE('',*,*,#12817,.T.);
#12817 = EDGE_CURVE('',#12818,#12818,#12820,.T.);
#12818 = VERTEX_POINT('',#12819);
#12819 = CARTESIAN_POINT('',(113.75,-121.8,0.));
#12820 = CIRCLE('',#12821,0.55);
#12821 = AXIS2_PLACEMENT_3D('',#12822,#12823,#12824);
#12822 = CARTESIAN_POINT('',(113.75,-121.25,0.));
#12823 = DIRECTION('',(-0.,0.,-1.));
#12824 = DIRECTION('',(-0.,-1.,0.));
#12825 = FACE_BOUND('',#12826,.F.);
#12826 = EDGE_LOOP('',(#12827));
#12827 = ORIENTED_EDGE('',*,*,#12828,.T.);
#12828 = EDGE_CURVE('',#12829,#12829,#12831,.T.);
#12829 = VERTEX_POINT('',#12830);
#12830 = CARTESIAN_POINT('',(99.56,-110.36,0.));
#12831 = CIRCLE('',#12832,0.5);
#12832 = AXIS2_PLACEMENT_3D('',#12833,#12834,#12835);
#12833 = CARTESIAN_POINT('',(99.56,-109.86,0.));
#12834 = DIRECTION('',(-0.,0.,-1.));
#12835 = DIRECTION('',(-0.,-1.,0.));
#12836 = FACE_BOUND('',#12837,.F.);
#12837 = EDGE_LOOP('',(#12838));
#12838 = ORIENTED_EDGE('',*,*,#12839,.T.);
#12839 = EDGE_CURVE('',#12840,#12840,#12842,.T.);
#12840 = VERTEX_POINT('',#12841);
#12841 = CARTESIAN_POINT('',(102.1,-110.36,0.));
#12842 = CIRCLE('',#12843,0.5);
#12843 = AXIS2_PLACEMENT_3D('',#12844,#12845,#12846);
#12844 = CARTESIAN_POINT('',(102.1,-109.86,0.));
#12845 = DIRECTION('',(-0.,0.,-1.));
#12846 = DIRECTION('',(-0.,-1.,0.));
#12847 = FACE_BOUND('',#12848,.F.);
#12848 = EDGE_LOOP('',(#12849));
#12849 = ORIENTED_EDGE('',*,*,#12850,.T.);
#12850 = EDGE_CURVE('',#12851,#12851,#12853,.T.);
#12851 = VERTEX_POINT('',#12852);
#12852 = CARTESIAN_POINT('',(104.64,-110.36,0.));
#12853 = CIRCLE('',#12854,0.5);
#12854 = AXIS2_PLACEMENT_3D('',#12855,#12856,#12857);
#12855 = CARTESIAN_POINT('',(104.64,-109.86,0.));
#12856 = DIRECTION('',(-0.,0.,-1.));
#12857 = DIRECTION('',(-0.,-1.,0.));
#12858 = FACE_BOUND('',#12859,.F.);
#12859 = EDGE_LOOP('',(#12860));
#12860 = ORIENTED_EDGE('',*,*,#12861,.T.);
#12861 = EDGE_CURVE('',#12862,#12862,#12864,.T.);
#12862 = VERTEX_POINT('',#12863);
#12863 = CARTESIAN_POINT('',(107.18,-110.36,0.));
#12864 = CIRCLE('',#12865,0.5);
#12865 = AXIS2_PLACEMENT_3D('',#12866,#12867,#12868);
#12866 = CARTESIAN_POINT('',(107.18,-109.86,0.));
#12867 = DIRECTION('',(-0.,0.,-1.));
#12868 = DIRECTION('',(-0.,-1.,0.));
#12869 = FACE_BOUND('',#12870,.F.);
#12870 = EDGE_LOOP('',(#12871));
#12871 = ORIENTED_EDGE('',*,*,#12872,.T.);
#12872 = EDGE_CURVE('',#12873,#12873,#12875,.T.);
#12873 = VERTEX_POINT('',#12874);
#12874 = CARTESIAN_POINT('',(109.72,-110.36,0.));
#12875 = CIRCLE('',#12876,0.5);
#12876 = AXIS2_PLACEMENT_3D('',#12877,#12878,#12879);
#12877 = CARTESIAN_POINT('',(109.72,-109.86,0.));
#12878 = DIRECTION('',(-0.,0.,-1.));
#12879 = DIRECTION('',(-0.,-1.,0.));
#12880 = FACE_BOUND('',#12881,.F.);
#12881 = EDGE_LOOP('',(#12882));
#12882 = ORIENTED_EDGE('',*,*,#12883,.T.);
#12883 = EDGE_CURVE('',#12884,#12884,#12886,.T.);
#12884 = VERTEX_POINT('',#12885);
#12885 = CARTESIAN_POINT('',(112.26,-110.36,0.));
#12886 = CIRCLE('',#12887,0.5);
#12887 = AXIS2_PLACEMENT_3D('',#12888,#12889,#12890);
#12888 = CARTESIAN_POINT('',(112.26,-109.86,0.));
#12889 = DIRECTION('',(-0.,0.,-1.));
#12890 = DIRECTION('',(-0.,-1.,0.));
#12891 = FACE_BOUND('',#12892,.F.);
#12892 = EDGE_LOOP('',(#12893));
#12893 = ORIENTED_EDGE('',*,*,#12894,.T.);
#12894 = EDGE_CURVE('',#12895,#12895,#12897,.T.);
#12895 = VERTEX_POINT('',#12896);
#12896 = CARTESIAN_POINT('',(114.8,-110.36,0.));
#12897 = CIRCLE('',#12898,0.5);
#12898 = AXIS2_PLACEMENT_3D('',#12899,#12900,#12901);
#12899 = CARTESIAN_POINT('',(114.8,-109.86,0.));
#12900 = DIRECTION('',(-0.,0.,-1.));
#12901 = DIRECTION('',(-0.,-1.,0.));
#12902 = FACE_BOUND('',#12903,.F.);
#12903 = EDGE_LOOP('',(#12904));
#12904 = ORIENTED_EDGE('',*,*,#12905,.T.);
#12905 = EDGE_CURVE('',#12906,#12906,#12908,.T.);
#12906 = VERTEX_POINT('',#12907);
#12907 = CARTESIAN_POINT('',(117.34,-110.36,0.));
#12908 = CIRCLE('',#12909,0.5);
#12909 = AXIS2_PLACEMENT_3D('',#12910,#12911,#12912);
#12910 = CARTESIAN_POINT('',(117.34,-109.86,0.));
#12911 = DIRECTION('',(-0.,0.,-1.));
#12912 = DIRECTION('',(-0.,-1.,0.));
#12913 = FACE_BOUND('',#12914,.F.);
#12914 = EDGE_LOOP('',(#12915));
#12915 = ORIENTED_EDGE('',*,*,#12916,.T.);
#12916 = EDGE_CURVE('',#12917,#12917,#12919,.T.);
#12917 = VERTEX_POINT('',#12918);
#12918 = CARTESIAN_POINT('',(119.88,-110.36,0.));
#12919 = CIRCLE('',#12920,0.5);
#12920 = AXIS2_PLACEMENT_3D('',#12921,#12922,#12923);
#12921 = CARTESIAN_POINT('',(119.88,-109.86,0.));
#12922 = DIRECTION('',(-0.,0.,-1.));
#12923 = DIRECTION('',(-0.,-1.,0.));
#12924 = FACE_BOUND('',#12925,.F.);
#12925 = EDGE_LOOP('',(#12926));
#12926 = ORIENTED_EDGE('',*,*,#12927,.T.);
#12927 = EDGE_CURVE('',#12928,#12928,#12930,.T.);
#12928 = VERTEX_POINT('',#12929);
#12929 = CARTESIAN_POINT('',(141.5,-125.2,0.));
#12930 = CIRCLE('',#12931,0.5);
#12931 = AXIS2_PLACEMENT_3D('',#12932,#12933,#12934);
#12932 = CARTESIAN_POINT('',(141.5,-124.7,0.));
#12933 = DIRECTION('',(-0.,0.,-1.));
#12934 = DIRECTION('',(-0.,-1.,0.));
#12935 = FACE_BOUND('',#12936,.F.);
#12936 = EDGE_LOOP('',(#12937));
#12937 = ORIENTED_EDGE('',*,*,#12938,.T.);
#12938 = EDGE_CURVE('',#12939,#12939,#12941,.T.);
#12939 = VERTEX_POINT('',#12940);
#12940 = CARTESIAN_POINT('',(141.5,-122.66,0.));
#12941 = CIRCLE('',#12942,0.5);
#12942 = AXIS2_PLACEMENT_3D('',#12943,#12944,#12945);
#12943 = CARTESIAN_POINT('',(141.5,-122.16,0.));
#12944 = DIRECTION('',(-0.,0.,-1.));
#12945 = DIRECTION('',(-0.,-1.,0.));
#12946 = FACE_BOUND('',#12947,.F.);
#12947 = EDGE_LOOP('',(#12948));
#12948 = ORIENTED_EDGE('',*,*,#12949,.T.);
#12949 = EDGE_CURVE('',#12950,#12950,#12952,.T.);
#12950 = VERTEX_POINT('',#12951);
#12951 = CARTESIAN_POINT('',(141.5,-120.12,0.));
#12952 = CIRCLE('',#12953,0.5);
#12953 = AXIS2_PLACEMENT_3D('',#12954,#12955,#12956);
#12954 = CARTESIAN_POINT('',(141.5,-119.62,0.));
#12955 = DIRECTION('',(-0.,0.,-1.));
#12956 = DIRECTION('',(-0.,-1.,0.));
#12957 = FACE_BOUND('',#12958,.F.);
#12958 = EDGE_LOOP('',(#12959));
#12959 = ORIENTED_EDGE('',*,*,#12960,.T.);
#12960 = EDGE_CURVE('',#12961,#12961,#12963,.T.);
#12961 = VERTEX_POINT('',#12962);
#12962 = CARTESIAN_POINT('',(122.42,-110.36,0.));
#12963 = CIRCLE('',#12964,0.5);
#12964 = AXIS2_PLACEMENT_3D('',#12965,#12966,#12967);
#12965 = CARTESIAN_POINT('',(122.42,-109.86,0.));
#12966 = DIRECTION('',(-0.,0.,-1.));
#12967 = DIRECTION('',(-0.,-1.,0.));
#12968 = FACE_BOUND('',#12969,.F.);
#12969 = EDGE_LOOP('',(#12970));
#12970 = ORIENTED_EDGE('',*,*,#12971,.T.);
#12971 = EDGE_CURVE('',#12972,#12972,#12974,.T.);
#12972 = VERTEX_POINT('',#12973);
#12973 = CARTESIAN_POINT('',(124.96,-110.36,0.));
#12974 = CIRCLE('',#12975,0.5);
#12975 = AXIS2_PLACEMENT_3D('',#12976,#12977,#12978);
#12976 = CARTESIAN_POINT('',(124.96,-109.86,0.));
#12977 = DIRECTION('',(-0.,0.,-1.));
#12978 = DIRECTION('',(-0.,-1.,0.));
#12979 = FACE_BOUND('',#12980,.F.);
#12980 = EDGE_LOOP('',(#12981));
#12981 = ORIENTED_EDGE('',*,*,#12982,.T.);
#12982 = EDGE_CURVE('',#12983,#12983,#12985,.T.);
#12983 = VERTEX_POINT('',#12984);
#12984 = CARTESIAN_POINT('',(127.5,-110.36,0.));
#12985 = CIRCLE('',#12986,0.5);
#12986 = AXIS2_PLACEMENT_3D('',#12987,#12988,#12989);
#12987 = CARTESIAN_POINT('',(127.5,-109.86,0.));
#12988 = DIRECTION('',(-0.,0.,-1.));
#12989 = DIRECTION('',(-0.,-1.,0.));
#12990 = FACE_BOUND('',#12991,.F.);
#12991 = EDGE_LOOP('',(#12992));
#12992 = ORIENTED_EDGE('',*,*,#12993,.T.);
#12993 = EDGE_CURVE('',#12994,#12994,#12996,.T.);
#12994 = VERTEX_POINT('',#12995);
#12995 = CARTESIAN_POINT('',(141.5,-117.58,0.));
#12996 = CIRCLE('',#12997,0.5);
#12997 = AXIS2_PLACEMENT_3D('',#12998,#12999,#13000);
#12998 = CARTESIAN_POINT('',(141.5,-117.08,0.));
#12999 = DIRECTION('',(-0.,0.,-1.));
#13000 = DIRECTION('',(-0.,-1.,0.));
#13001 = FACE_BOUND('',#13002,.F.);
#13002 = EDGE_LOOP('',(#13003));
#13003 = ORIENTED_EDGE('',*,*,#13004,.T.);
#13004 = EDGE_CURVE('',#13005,#13005,#13007,.T.);
#13005 = VERTEX_POINT('',#13006);
#13006 = CARTESIAN_POINT('',(141.5,-115.04,0.));
#13007 = CIRCLE('',#13008,0.5);
#13008 = AXIS2_PLACEMENT_3D('',#13009,#13010,#13011);
#13009 = CARTESIAN_POINT('',(141.5,-114.54,0.));
#13010 = DIRECTION('',(-0.,0.,-1.));
#13011 = DIRECTION('',(-0.,-1.,0.));
#13012 = FACE_BOUND('',#13013,.F.);
#13013 = EDGE_LOOP('',(#13014));
#13014 = ORIENTED_EDGE('',*,*,#13015,.T.);
#13015 = EDGE_CURVE('',#13016,#13016,#13018,.T.);
#13016 = VERTEX_POINT('',#13017);
#13017 = CARTESIAN_POINT('',(141.5,-112.5,0.));
#13018 = CIRCLE('',#13019,0.5);
#13019 = AXIS2_PLACEMENT_3D('',#13020,#13021,#13022);
#13020 = CARTESIAN_POINT('',(141.5,-112.,0.));
#13021 = DIRECTION('',(-0.,0.,-1.));
#13022 = DIRECTION('',(-0.,-1.,0.));
#13023 = FACE_BOUND('',#13024,.F.);
#13024 = EDGE_LOOP('',(#13025));
#13025 = ORIENTED_EDGE('',*,*,#13026,.T.);
#13026 = EDGE_CURVE('',#13027,#13027,#13029,.T.);
#13027 = VERTEX_POINT('',#13028);
#13028 = CARTESIAN_POINT('',(138.5,-107.06,0.));
#13029 = CIRCLE('',#13030,0.4);
#13030 = AXIS2_PLACEMENT_3D('',#13031,#13032,#13033);
#13031 = CARTESIAN_POINT('',(138.5,-106.66,0.));
#13032 = DIRECTION('',(-0.,0.,-1.));
#13033 = DIRECTION('',(-0.,-1.,0.));
#13034 = FACE_BOUND('',#13035,.F.);
#13035 = EDGE_LOOP('',(#13036));
#13036 = ORIENTED_EDGE('',*,*,#13037,.T.);
#13037 = EDGE_CURVE('',#13038,#13038,#13040,.T.);
#13038 = VERTEX_POINT('',#13039);
#13039 = CARTESIAN_POINT('',(138.5,-96.9,0.));
#13040 = CIRCLE('',#13041,0.4);
#13041 = AXIS2_PLACEMENT_3D('',#13042,#13043,#13044);
#13042 = CARTESIAN_POINT('',(138.5,-96.5,0.));
#13043 = DIRECTION('',(-0.,0.,-1.));
#13044 = DIRECTION('',(-0.,-1.,0.));
#13045 = FACE_BOUND('',#13046,.F.);
#13046 = EDGE_LOOP('',(#13047));
#13047 = ORIENTED_EDGE('',*,*,#13048,.T.);
#13048 = EDGE_CURVE('',#13049,#13049,#13051,.T.);
#13049 = VERTEX_POINT('',#13050);
#13050 = CARTESIAN_POINT('',(142.5,-91.99,0.));
#13051 = CIRCLE('',#13052,0.45);
#13052 = AXIS2_PLACEMENT_3D('',#13053,#13054,#13055);
#13053 = CARTESIAN_POINT('',(142.5,-91.54,0.));
#13054 = DIRECTION('',(-0.,0.,-1.));
#13055 = DIRECTION('',(-0.,-1.,0.));
#13056 = FACE_BOUND('',#13057,.F.);
#13057 = EDGE_LOOP('',(#13058));
#13058 = ORIENTED_EDGE('',*,*,#13059,.T.);
#13059 = EDGE_CURVE('',#13060,#13060,#13062,.T.);
#13060 = VERTEX_POINT('',#13061);
#13061 = CARTESIAN_POINT('',(83.5,-88.4,0.));
#13062 = CIRCLE('',#13063,0.4);
#13063 = AXIS2_PLACEMENT_3D('',#13064,#13065,#13066);
#13064 = CARTESIAN_POINT('',(83.5,-88.,0.));
#13065 = DIRECTION('',(-0.,0.,-1.));
#13066 = DIRECTION('',(-0.,-1.,0.));
#13067 = FACE_BOUND('',#13068,.F.);
#13068 = EDGE_LOOP('',(#13069));
#13069 = ORIENTED_EDGE('',*,*,#13070,.T.);
#13070 = EDGE_CURVE('',#13071,#13071,#13073,.T.);
#13071 = VERTEX_POINT('',#13072);
#13072 = CARTESIAN_POINT('',(91.94,-84.96,0.));
#13073 = CIRCLE('',#13074,0.5);
#13074 = AXIS2_PLACEMENT_3D('',#13075,#13076,#13077);
#13075 = CARTESIAN_POINT('',(91.94,-84.46,0.));
#13076 = DIRECTION('',(-0.,0.,-1.));
#13077 = DIRECTION('',(-0.,-1.,0.));
#13078 = FACE_BOUND('',#13079,.F.);
#13079 = EDGE_LOOP('',(#13080));
#13080 = ORIENTED_EDGE('',*,*,#13081,.T.);
#13081 = EDGE_CURVE('',#13082,#13082,#13084,.T.);
#13082 = VERTEX_POINT('',#13083);
#13083 = CARTESIAN_POINT('',(94.48,-84.96,0.));
#13084 = CIRCLE('',#13085,0.5);
#13085 = AXIS2_PLACEMENT_3D('',#13086,#13087,#13088);
#13086 = CARTESIAN_POINT('',(94.48,-84.46,0.));
#13087 = DIRECTION('',(-0.,0.,-1.));
#13088 = DIRECTION('',(-0.,-1.,0.));
#13089 = FACE_BOUND('',#13090,.F.);
#13090 = EDGE_LOOP('',(#13091));
#13091 = ORIENTED_EDGE('',*,*,#13092,.T.);
#13092 = EDGE_CURVE('',#13093,#13093,#13095,.T.);
#13093 = VERTEX_POINT('',#13094);
#13094 = CARTESIAN_POINT('',(97.02,-84.96,0.));
#13095 = CIRCLE('',#13096,0.5);
#13096 = AXIS2_PLACEMENT_3D('',#13097,#13098,#13099);
#13097 = CARTESIAN_POINT('',(97.02,-84.46,0.));
#13098 = DIRECTION('',(-0.,0.,-1.));
#13099 = DIRECTION('',(-0.,-1.,0.));
#13100 = FACE_BOUND('',#13101,.F.);
#13101 = EDGE_LOOP('',(#13102));
#13102 = ORIENTED_EDGE('',*,*,#13103,.T.);
#13103 = EDGE_CURVE('',#13104,#13104,#13106,.T.);
#13104 = VERTEX_POINT('',#13105);
#13105 = CARTESIAN_POINT('',(78.,-78.5,0.));
#13106 = CIRCLE('',#13107,0.5);
#13107 = AXIS2_PLACEMENT_3D('',#13108,#13109,#13110);
#13108 = CARTESIAN_POINT('',(78.,-78.,0.));
#13109 = DIRECTION('',(-0.,0.,-1.));
#13110 = DIRECTION('',(-0.,-1.,0.));
#13111 = FACE_BOUND('',#13112,.F.);
#13112 = EDGE_LOOP('',(#13113));
#13113 = ORIENTED_EDGE('',*,*,#13114,.T.);
#13114 = EDGE_CURVE('',#13115,#13115,#13117,.T.);
#13115 = VERTEX_POINT('',#13116);
#13116 = CARTESIAN_POINT('',(78.,-75.96,0.));
#13117 = CIRCLE('',#13118,0.5);
#13118 = AXIS2_PLACEMENT_3D('',#13119,#13120,#13121);
#13119 = CARTESIAN_POINT('',(78.,-75.46,0.));
#13120 = DIRECTION('',(-0.,0.,-1.));
#13121 = DIRECTION('',(-0.,-1.,0.));
#13122 = FACE_BOUND('',#13123,.F.);
#13123 = EDGE_LOOP('',(#13124));
#13124 = ORIENTED_EDGE('',*,*,#13125,.T.);
#13125 = EDGE_CURVE('',#13126,#13126,#13128,.T.);
#13126 = VERTEX_POINT('',#13127);
#13127 = CARTESIAN_POINT('',(89.,-75.9,0.));
#13128 = CIRCLE('',#13129,0.4);
#13129 = AXIS2_PLACEMENT_3D('',#13130,#13131,#13132);
#13130 = CARTESIAN_POINT('',(89.,-75.5,0.));
#13131 = DIRECTION('',(-0.,0.,-1.));
#13132 = DIRECTION('',(-0.,-1.,0.));
#13133 = FACE_BOUND('',#13134,.F.);
#13134 = EDGE_LOOP('',(#13135));
#13135 = ORIENTED_EDGE('',*,*,#13136,.T.);
#13136 = EDGE_CURVE('',#13137,#13137,#13139,.T.);
#13137 = VERTEX_POINT('',#13138);
#13138 = CARTESIAN_POINT('',(89.,-72.4,0.));
#13139 = CIRCLE('',#13140,0.4);
#13140 = AXIS2_PLACEMENT_3D('',#13141,#13142,#13143);
#13141 = CARTESIAN_POINT('',(89.,-72.,0.));
#13142 = DIRECTION('',(-0.,0.,-1.));
#13143 = DIRECTION('',(-0.,-1.,0.));
#13144 = FACE_BOUND('',#13145,.F.);
#13145 = EDGE_LOOP('',(#13146));
#13146 = ORIENTED_EDGE('',*,*,#13147,.T.);
#13147 = EDGE_CURVE('',#13148,#13148,#13150,.T.);
#13148 = VERTEX_POINT('',#13149);
#13149 = CARTESIAN_POINT('',(52.5,-53.25,0.));
#13150 = CIRCLE('',#13151,0.75);
#13151 = AXIS2_PLACEMENT_3D('',#13152,#13153,#13154);
#13152 = CARTESIAN_POINT('',(52.5,-52.5,0.));
#13153 = DIRECTION('',(-0.,0.,-1.));
#13154 = DIRECTION('',(-0.,-1.,0.));
#13155 = FACE_BOUND('',#13156,.F.);
#13156 = EDGE_LOOP('',(#13157));
#13157 = ORIENTED_EDGE('',*,*,#13158,.T.);
#13158 = EDGE_CURVE('',#13159,#13159,#13161,.T.);
#13159 = VERTEX_POINT('',#13160);
#13160 = CARTESIAN_POINT('',(69.65,-53.25,0.));
#13161 = CIRCLE('',#13162,0.75);
#13162 = AXIS2_PLACEMENT_3D('',#13163,#13164,#13165);
#13163 = CARTESIAN_POINT('',(69.65,-52.5,0.));
#13164 = DIRECTION('',(-0.,0.,-1.));
#13165 = DIRECTION('',(-0.,-1.,0.));
#13166 = FACE_BOUND('',#13167,.F.);
#13167 = EDGE_LOOP('',(#13168));
#13168 = ORIENTED_EDGE('',*,*,#13169,.T.);
#13169 = EDGE_CURVE('',#13170,#13170,#13172,.T.);
#13170 = VERTEX_POINT('',#13171);
#13171 = CARTESIAN_POINT('',(77.25,-63.9,0.));
#13172 = CIRCLE('',#13173,0.6);
#13173 = AXIS2_PLACEMENT_3D('',#13174,#13175,#13176);
#13174 = CARTESIAN_POINT('',(77.25,-63.3,0.));
#13175 = DIRECTION('',(-0.,0.,-1.));
#13176 = DIRECTION('',(-0.,-1.,0.));
#13177 = FACE_BOUND('',#13178,.F.);
#13178 = EDGE_LOOP('',(#13179));
#13179 = ORIENTED_EDGE('',*,*,#13180,.T.);
#13180 = EDGE_CURVE('',#13181,#13181,#13183,.T.);
#13181 = VERTEX_POINT('',#13182);
#13182 = CARTESIAN_POINT('',(77.25,-56.3,0.));
#13183 = CIRCLE('',#13184,0.6);
#13184 = AXIS2_PLACEMENT_3D('',#13185,#13186,#13187);
#13185 = CARTESIAN_POINT('',(77.25,-55.7,0.));
#13186 = DIRECTION('',(-0.,0.,-1.));
#13187 = DIRECTION('',(-0.,-1.,0.));
#13188 = FACE_BOUND('',#13189,.F.);
#13189 = EDGE_LOOP('',(#13190));
#13190 = ORIENTED_EDGE('',*,*,#13191,.T.);
#13191 = EDGE_CURVE('',#13192,#13192,#13194,.T.);
#13192 = VERTEX_POINT('',#13193);
#13193 = CARTESIAN_POINT('',(99.56,-84.96,0.));
#13194 = CIRCLE('',#13195,0.5);
#13195 = AXIS2_PLACEMENT_3D('',#13196,#13197,#13198);
#13196 = CARTESIAN_POINT('',(99.56,-84.46,0.));
#13197 = DIRECTION('',(-0.,0.,-1.));
#13198 = DIRECTION('',(-0.,-1.,0.));
#13199 = FACE_BOUND('',#13200,.F.);
#13200 = EDGE_LOOP('',(#13201));
#13201 = ORIENTED_EDGE('',*,*,#13202,.T.);
#13202 = EDGE_CURVE('',#13203,#13203,#13205,.T.);
#13203 = VERTEX_POINT('',#13204);
#13204 = CARTESIAN_POINT('',(102.1,-84.96,0.));
#13205 = CIRCLE('',#13206,0.5);
#13206 = AXIS2_PLACEMENT_3D('',#13207,#13208,#13209);
#13207 = CARTESIAN_POINT('',(102.1,-84.46,0.));
#13208 = DIRECTION('',(-0.,0.,-1.));
#13209 = DIRECTION('',(-0.,-1.,0.));
#13210 = FACE_BOUND('',#13211,.F.);
#13211 = EDGE_LOOP('',(#13212));
#13212 = ORIENTED_EDGE('',*,*,#13213,.T.);
#13213 = EDGE_CURVE('',#13214,#13214,#13216,.T.);
#13214 = VERTEX_POINT('',#13215);
#13215 = CARTESIAN_POINT('',(104.64,-84.96,0.));
#13216 = CIRCLE('',#13217,0.5);
#13217 = AXIS2_PLACEMENT_3D('',#13218,#13219,#13220);
#13218 = CARTESIAN_POINT('',(104.64,-84.46,0.));
#13219 = DIRECTION('',(-0.,0.,-1.));
#13220 = DIRECTION('',(-0.,-1.,0.));
#13221 = FACE_BOUND('',#13222,.F.);
#13222 = EDGE_LOOP('',(#13223));
#13223 = ORIENTED_EDGE('',*,*,#13224,.T.);
#13224 = EDGE_CURVE('',#13225,#13225,#13227,.T.);
#13225 = VERTEX_POINT('',#13226);
#13226 = CARTESIAN_POINT('',(107.18,-84.96,0.));
#13227 = CIRCLE('',#13228,0.5);
#13228 = AXIS2_PLACEMENT_3D('',#13229,#13230,#13231);
#13229 = CARTESIAN_POINT('',(107.18,-84.46,0.));
#13230 = DIRECTION('',(-0.,0.,-1.));
#13231 = DIRECTION('',(-0.,-1.,0.));
#13232 = FACE_BOUND('',#13233,.F.);
#13233 = EDGE_LOOP('',(#13234));
#13234 = ORIENTED_EDGE('',*,*,#13235,.T.);
#13235 = EDGE_CURVE('',#13236,#13236,#13238,.T.);
#13236 = VERTEX_POINT('',#13237);
#13237 = CARTESIAN_POINT('',(109.72,-84.96,0.));
#13238 = CIRCLE('',#13239,0.5);
#13239 = AXIS2_PLACEMENT_3D('',#13240,#13241,#13242);
#13240 = CARTESIAN_POINT('',(109.72,-84.46,0.));
#13241 = DIRECTION('',(-0.,0.,-1.));
#13242 = DIRECTION('',(-0.,-1.,0.));
#13243 = FACE_BOUND('',#13244,.F.);
#13244 = EDGE_LOOP('',(#13245));
#13245 = ORIENTED_EDGE('',*,*,#13246,.T.);
#13246 = EDGE_CURVE('',#13247,#13247,#13249,.T.);
#13247 = VERTEX_POINT('',#13248);
#13248 = CARTESIAN_POINT('',(112.26,-84.96,0.));
#13249 = CIRCLE('',#13250,0.5);
#13250 = AXIS2_PLACEMENT_3D('',#13251,#13252,#13253);
#13251 = CARTESIAN_POINT('',(112.26,-84.46,0.));
#13252 = DIRECTION('',(-0.,0.,-1.));
#13253 = DIRECTION('',(-0.,-1.,0.));
#13254 = FACE_BOUND('',#13255,.F.);
#13255 = EDGE_LOOP('',(#13256));
#13256 = ORIENTED_EDGE('',*,*,#13257,.T.);
#13257 = EDGE_CURVE('',#13258,#13258,#13260,.T.);
#13258 = VERTEX_POINT('',#13259);
#13259 = CARTESIAN_POINT('',(114.8,-84.96,0.));
#13260 = CIRCLE('',#13261,0.5);
#13261 = AXIS2_PLACEMENT_3D('',#13262,#13263,#13264);
#13262 = CARTESIAN_POINT('',(114.8,-84.46,0.));
#13263 = DIRECTION('',(-0.,0.,-1.));
#13264 = DIRECTION('',(-0.,-1.,0.));
#13265 = FACE_BOUND('',#13266,.F.);
#13266 = EDGE_LOOP('',(#13267));
#13267 = ORIENTED_EDGE('',*,*,#13268,.T.);
#13268 = EDGE_CURVE('',#13269,#13269,#13271,.T.);
#13269 = VERTEX_POINT('',#13270);
#13270 = CARTESIAN_POINT('',(117.34,-84.96,0.));
#13271 = CIRCLE('',#13272,0.5);
#13272 = AXIS2_PLACEMENT_3D('',#13273,#13274,#13275);
#13273 = CARTESIAN_POINT('',(117.34,-84.46,0.));
#13274 = DIRECTION('',(-0.,0.,-1.));
#13275 = DIRECTION('',(-0.,-1.,0.));
#13276 = FACE_BOUND('',#13277,.F.);
#13277 = EDGE_LOOP('',(#13278));
#13278 = ORIENTED_EDGE('',*,*,#13279,.T.);
#13279 = EDGE_CURVE('',#13280,#13280,#13282,.T.);
#13280 = VERTEX_POINT('',#13281);
#13281 = CARTESIAN_POINT('',(119.88,-84.96,0.));
#13282 = CIRCLE('',#13283,0.5);
#13283 = AXIS2_PLACEMENT_3D('',#13284,#13285,#13286);
#13284 = CARTESIAN_POINT('',(119.88,-84.46,0.));
#13285 = DIRECTION('',(-0.,0.,-1.));
#13286 = DIRECTION('',(-0.,-1.,0.));
#13287 = FACE_BOUND('',#13288,.F.);
#13288 = EDGE_LOOP('',(#13289));
#13289 = ORIENTED_EDGE('',*,*,#13290,.T.);
#13290 = EDGE_CURVE('',#13291,#13291,#13293,.T.);
#13291 = VERTEX_POINT('',#13292);
#13292 = CARTESIAN_POINT('',(110.,-76.9,0.));
#13293 = CIRCLE('',#13294,0.4);
#13294 = AXIS2_PLACEMENT_3D('',#13295,#13296,#13297);
#13295 = CARTESIAN_POINT('',(110.,-76.5,0.));
#13296 = DIRECTION('',(-0.,0.,-1.));
#13297 = DIRECTION('',(-0.,-1.,0.));
#13298 = FACE_BOUND('',#13299,.F.);
#13299 = EDGE_LOOP('',(#13300));
#13300 = ORIENTED_EDGE('',*,*,#13301,.T.);
#13301 = EDGE_CURVE('',#13302,#13302,#13304,.T.);
#13302 = VERTEX_POINT('',#13303);
#13303 = CARTESIAN_POINT('',(115.5,-77.31,0.));
#13304 = CIRCLE('',#13305,0.5);
#13305 = AXIS2_PLACEMENT_3D('',#13306,#13307,#13308);
#13306 = CARTESIAN_POINT('',(115.5,-76.81,0.));
#13307 = DIRECTION('',(-0.,0.,-1.));
#13308 = DIRECTION('',(-0.,-1.,0.));
#13309 = FACE_BOUND('',#13310,.F.);
#13310 = EDGE_LOOP('',(#13311));
#13311 = ORIENTED_EDGE('',*,*,#13312,.T.);
#13312 = EDGE_CURVE('',#13313,#13313,#13315,.T.);
#13313 = VERTEX_POINT('',#13314);
#13314 = CARTESIAN_POINT('',(110.,-71.9,0.));
#13315 = CIRCLE('',#13316,0.4);
#13316 = AXIS2_PLACEMENT_3D('',#13317,#13318,#13319);
#13317 = CARTESIAN_POINT('',(110.,-71.5,0.));
#13318 = DIRECTION('',(-0.,0.,-1.));
#13319 = DIRECTION('',(-0.,-1.,0.));
#13320 = FACE_BOUND('',#13321,.F.);
#13321 = EDGE_LOOP('',(#13322));
#13322 = ORIENTED_EDGE('',*,*,#13323,.T.);
#13323 = EDGE_CURVE('',#13324,#13324,#13326,.T.);
#13324 = VERTEX_POINT('',#13325);
#13325 = CARTESIAN_POINT('',(115.5,-74.77,0.));
#13326 = CIRCLE('',#13327,0.5);
#13327 = AXIS2_PLACEMENT_3D('',#13328,#13329,#13330);
#13328 = CARTESIAN_POINT('',(115.5,-74.27,0.));
#13329 = DIRECTION('',(-0.,0.,-1.));
#13330 = DIRECTION('',(-0.,-1.,0.));
#13331 = FACE_BOUND('',#13332,.F.);
#13332 = EDGE_LOOP('',(#13333));
#13333 = ORIENTED_EDGE('',*,*,#13334,.T.);
#13334 = EDGE_CURVE('',#13335,#13335,#13337,.T.);
#13335 = VERTEX_POINT('',#13336);
#13336 = CARTESIAN_POINT('',(115.5,-72.23,0.));
#13337 = CIRCLE('',#13338,0.5);
#13338 = AXIS2_PLACEMENT_3D('',#13339,#13340,#13341);
#13339 = CARTESIAN_POINT('',(115.5,-71.73,0.));
#13340 = DIRECTION('',(-0.,0.,-1.));
#13341 = DIRECTION('',(-0.,-1.,0.));
#13342 = FACE_BOUND('',#13343,.F.);
#13343 = EDGE_LOOP('',(#13344));
#13344 = ORIENTED_EDGE('',*,*,#13345,.T.);
#13345 = EDGE_CURVE('',#13346,#13346,#13348,.T.);
#13346 = VERTEX_POINT('',#13347);
#13347 = CARTESIAN_POINT('',(122.42,-84.96,0.));
#13348 = CIRCLE('',#13349,0.5);
#13349 = AXIS2_PLACEMENT_3D('',#13350,#13351,#13352);
#13350 = CARTESIAN_POINT('',(122.42,-84.46,0.));
#13351 = DIRECTION('',(-0.,0.,-1.));
#13352 = DIRECTION('',(-0.,-1.,0.));
#13353 = FACE_BOUND('',#13354,.F.);
#13354 = EDGE_LOOP('',(#13355));
#13355 = ORIENTED_EDGE('',*,*,#13356,.T.);
#13356 = EDGE_CURVE('',#13357,#13357,#13359,.T.);
#13357 = VERTEX_POINT('',#13358);
#13358 = CARTESIAN_POINT('',(124.96,-84.96,0.));
#13359 = CIRCLE('',#13360,0.5);
#13360 = AXIS2_PLACEMENT_3D('',#13361,#13362,#13363);
#13361 = CARTESIAN_POINT('',(124.96,-84.46,0.));
#13362 = DIRECTION('',(-0.,0.,-1.));
#13363 = DIRECTION('',(-0.,-1.,0.));
#13364 = FACE_BOUND('',#13365,.F.);
#13365 = EDGE_LOOP('',(#13366));
#13366 = ORIENTED_EDGE('',*,*,#13367,.T.);
#13367 = EDGE_CURVE('',#13368,#13368,#13370,.T.);
#13368 = VERTEX_POINT('',#13369);
#13369 = CARTESIAN_POINT('',(127.5,-84.96,0.));
#13370 = CIRCLE('',#13371,0.5);
#13371 = AXIS2_PLACEMENT_3D('',#13372,#13373,#13374);
#13372 = CARTESIAN_POINT('',(127.5,-84.46,0.));
#13373 = DIRECTION('',(-0.,0.,-1.));
#13374 = DIRECTION('',(-0.,-1.,0.));
#13375 = FACE_BOUND('',#13376,.F.);
#13376 = EDGE_LOOP('',(#13377));
#13377 = ORIENTED_EDGE('',*,*,#13378,.T.);
#13378 = EDGE_CURVE('',#13379,#13379,#13381,.T.);
#13379 = VERTEX_POINT('',#13380);
#13380 = CARTESIAN_POINT('',(142.5,-89.45,0.));
#13381 = CIRCLE('',#13382,0.45);
#13382 = AXIS2_PLACEMENT_3D('',#13383,#13384,#13385);
#13383 = CARTESIAN_POINT('',(142.5,-89.,0.));
#13384 = DIRECTION('',(-0.,0.,-1.));
#13385 = DIRECTION('',(-0.,-1.,0.));
#13386 = FACE_BOUND('',#13387,.F.);
#13387 = EDGE_LOOP('',(#13388));
#13388 = ORIENTED_EDGE('',*,*,#13389,.T.);
#13389 = EDGE_CURVE('',#13390,#13390,#13392,.T.);
#13390 = VERTEX_POINT('',#13391);
#13391 = CARTESIAN_POINT('',(106.75,-63.9,0.));
#13392 = CIRCLE('',#13393,0.6);
#13393 = AXIS2_PLACEMENT_3D('',#13394,#13395,#13396);
#13394 = CARTESIAN_POINT('',(106.75,-63.3,0.));
#13395 = DIRECTION('',(-0.,0.,-1.));
#13396 = DIRECTION('',(-0.,-1.,0.));
#13397 = FACE_BOUND('',#13398,.F.);
#13398 = EDGE_LOOP('',(#13399));
#13399 = ORIENTED_EDGE('',*,*,#13400,.T.);
#13400 = EDGE_CURVE('',#13401,#13401,#13403,.T.);
#13401 = VERTEX_POINT('',#13402);
#13402 = CARTESIAN_POINT('',(115.5,-69.69,0.));
#13403 = CIRCLE('',#13404,0.5);
#13404 = AXIS2_PLACEMENT_3D('',#13405,#13406,#13407);
#13405 = CARTESIAN_POINT('',(115.5,-69.19,0.));
#13406 = DIRECTION('',(-0.,0.,-1.));
#13407 = DIRECTION('',(-0.,-1.,0.));
#13408 = FACE_BOUND('',#13409,.F.);
#13409 = EDGE_LOOP('',(#13410));
#13410 = ORIENTED_EDGE('',*,*,#13411,.T.);
#13411 = EDGE_CURVE('',#13412,#13412,#13414,.T.);
#13412 = VERTEX_POINT('',#13413);
#13413 = CARTESIAN_POINT('',(106.75,-56.3,0.));
#13414 = CIRCLE('',#13415,0.6);
#13415 = AXIS2_PLACEMENT_3D('',#13416,#13417,#13418);
#13416 = CARTESIAN_POINT('',(106.75,-55.7,0.));
#13417 = DIRECTION('',(-0.,0.,-1.));
#13418 = DIRECTION('',(-0.,-1.,0.));
#13419 = FACE_BOUND('',#13420,.F.);
#13420 = EDGE_LOOP('',(#13421));
#13421 = ORIENTED_EDGE('',*,*,#13422,.T.);
#13422 = EDGE_CURVE('',#13423,#13423,#13425,.T.);
#13423 = VERTEX_POINT('',#13424);
#13424 = CARTESIAN_POINT('',(113.5,-57.4,0.));
#13425 = CIRCLE('',#13426,0.4);
#13426 = AXIS2_PLACEMENT_3D('',#13427,#13428,#13429);
#13427 = CARTESIAN_POINT('',(113.5,-57.,0.));
#13428 = DIRECTION('',(-0.,0.,-1.));
#13429 = DIRECTION('',(-0.,-1.,0.));
#13430 = FACE_BOUND('',#13431,.F.);
#13431 = EDGE_LOOP('',(#13432));
#13432 = ORIENTED_EDGE('',*,*,#13433,.T.);
#13433 = EDGE_CURVE('',#13434,#13434,#13436,.T.);
#13434 = VERTEX_POINT('',#13435);
#13435 = CARTESIAN_POINT('',(120.,-59.9,0.));
#13436 = CIRCLE('',#13437,0.4);
#13437 = AXIS2_PLACEMENT_3D('',#13438,#13439,#13440);
#13438 = CARTESIAN_POINT('',(120.,-59.5,0.));
#13439 = DIRECTION('',(-0.,0.,-1.));
#13440 = DIRECTION('',(-0.,-1.,0.));
#13441 = FACE_BOUND('',#13442,.F.);
#13442 = EDGE_LOOP('',(#13443));
#13443 = ORIENTED_EDGE('',*,*,#13444,.T.);
#13444 = EDGE_CURVE('',#13445,#13445,#13447,.T.);
#13445 = VERTEX_POINT('',#13446);
#13446 = CARTESIAN_POINT('',(113.5,-52.4,0.));
#13447 = CIRCLE('',#13448,0.4);
#13448 = AXIS2_PLACEMENT_3D('',#13449,#13450,#13451);
#13449 = CARTESIAN_POINT('',(113.5,-52.,0.));
#13450 = DIRECTION('',(-0.,0.,-1.));
#13451 = DIRECTION('',(-0.,-1.,0.));
#13452 = FACE_BOUND('',#13453,.F.);
#13453 = EDGE_LOOP('',(#13454));
#13454 = ORIENTED_EDGE('',*,*,#13455,.T.);
#13455 = EDGE_CURVE('',#13456,#13456,#13458,.T.);
#13456 = VERTEX_POINT('',#13457);
#13457 = CARTESIAN_POINT('',(120.,-54.9,0.));
#13458 = CIRCLE('',#13459,0.4);
#13459 = AXIS2_PLACEMENT_3D('',#13460,#13461,#13462);
#13460 = CARTESIAN_POINT('',(120.,-54.5,0.));
#13461 = DIRECTION('',(-0.,0.,-1.));
#13462 = DIRECTION('',(-0.,-1.,0.));
#13463 = FACE_BOUND('',#13464,.F.);
#13464 = EDGE_LOOP('',(#13465));
#13465 = ORIENTED_EDGE('',*,*,#13466,.T.);
#13466 = EDGE_CURVE('',#13467,#13467,#13469,.T.);
#13467 = VERTEX_POINT('',#13468);
#13468 = CARTESIAN_POINT('',(128.699999,-56.75,0.));
#13469 = CIRCLE('',#13470,0.5);
#13470 = AXIS2_PLACEMENT_3D('',#13471,#13472,#13473);
#13471 = CARTESIAN_POINT('',(128.699999,-56.25,0.));
#13472 = DIRECTION('',(-0.,0.,-1.));
#13473 = DIRECTION('',(-0.,-1.,0.));
#13474 = FACE_BOUND('',#13475,.F.);
#13475 = EDGE_LOOP('',(#13476));
#13476 = ORIENTED_EDGE('',*,*,#13477,.T.);
#13477 = EDGE_CURVE('',#13478,#13478,#13480,.T.);
#13478 = VERTEX_POINT('',#13479);
#13479 = CARTESIAN_POINT('',(128.699999,-54.21,0.));
#13480 = CIRCLE('',#13481,0.5);
#13481 = AXIS2_PLACEMENT_3D('',#13482,#13483,#13484);
#13482 = CARTESIAN_POINT('',(128.699999,-53.71,0.));
#13483 = DIRECTION('',(-0.,0.,-1.));
#13484 = DIRECTION('',(-0.,-1.,0.));
#13485 = FACE_BOUND('',#13486,.F.);
#13486 = EDGE_LOOP('',(#13487));
#13487 = ORIENTED_EDGE('',*,*,#13488,.T.);
#13488 = EDGE_CURVE('',#13489,#13489,#13491,.T.);
#13489 = VERTEX_POINT('',#13490);
#13490 = CARTESIAN_POINT('',(128.699999,-51.67,0.));
#13491 = CIRCLE('',#13492,0.5);
#13492 = AXIS2_PLACEMENT_3D('',#13493,#13494,#13495);
#13493 = CARTESIAN_POINT('',(128.699999,-51.17,0.));
#13494 = DIRECTION('',(-0.,0.,-1.));
#13495 = DIRECTION('',(-0.,-1.,0.));
#13496 = PLANE('',#13497);
#13497 = AXIS2_PLACEMENT_3D('',#13498,#13499,#13500);
#13498 = CARTESIAN_POINT('',(0.,0.,0.));
#13499 = DIRECTION('',(0.,0.,1.));
#13500 = DIRECTION('',(1.,0.,-0.));
#13501 = ADVANCED_FACE('',(#13502,#13521,#13532,#13543,#13554,#13565,
    #13576,#13587,#13598,#13609,#13620,#13631,#13642,#13653,#13664,
    #13675,#13686,#13697,#13708,#13719,#13730,#13741,#13752,#13763,
    #13774,#13785,#13796,#13807,#13818,#13829,#13840,#13851,#13862,
    #13873,#13884,#13895,#13906,#13917,#13928,#13939,#13950,#13961,
    #13972,#13983,#13994,#14005,#14016,#14027,#14038,#14049,#14060,
    #14071,#14082,#14093,#14104,#14115,#14126,#14137,#14148,#14159,
    #14170,#14181,#14192,#14203,#14214,#14225,#14236,#14247,#14258,
    #14269,#14280,#14291,#14302,#14313,#14324,#14335,#14346,#14357,
    #14368,#14379,#14390,#14401,#14412,#14423,#14434,#14445,#14456,
    #14467,#14478,#14489,#14500),#14511,.T.);
#13502 = FACE_BOUND('',#13503,.T.);
#13503 = EDGE_LOOP('',(#13504,#13505,#13506,#13514,#13520));
#13504 = ORIENTED_EDGE('',*,*,#12398,.F.);
#13505 = ORIENTED_EDGE('',*,*,#12438,.F.);
#13506 = ORIENTED_EDGE('',*,*,#13507,.F.);
#13507 = EDGE_CURVE('',#13508,#12431,#13510,.T.);
#13508 = VERTEX_POINT('',#13509);
#13509 = CARTESIAN_POINT('',(50.,-50.,1.51));
#13510 = LINE('',#13511,#13512);
#13511 = CARTESIAN_POINT('',(50.,-50.,1.51));
#13512 = VECTOR('',#13513,1.);
#13513 = DIRECTION('',(1.,0.,0.));
#13514 = ORIENTED_EDGE('',*,*,#13515,.F.);
#13515 = EDGE_CURVE('',#12461,#13508,#13516,.T.);
#13516 = LINE('',#13517,#13518);
#13517 = CARTESIAN_POINT('',(50.,-120.,1.51));
#13518 = VECTOR('',#13519,1.);
#13519 = DIRECTION('',(0.,1.,0.));
#13520 = ORIENTED_EDGE('',*,*,#12460,.F.);
#13521 = FACE_BOUND('',#13522,.T.);
#13522 = EDGE_LOOP('',(#13523));
#13523 = ORIENTED_EDGE('',*,*,#13524,.T.);
#13524 = EDGE_CURVE('',#13525,#13525,#13527,.T.);
#13525 = VERTEX_POINT('',#13526);
#13526 = CARTESIAN_POINT('',(70.09,-127.508,1.51));
#13527 = CIRCLE('',#13528,0.508);
#13528 = AXIS2_PLACEMENT_3D('',#13529,#13530,#13531);
#13529 = CARTESIAN_POINT('',(70.09,-127.,1.51));
#13530 = DIRECTION('',(-0.,0.,-1.));
#13531 = DIRECTION('',(-0.,-1.,0.));
#13532 = FACE_BOUND('',#13533,.T.);
#13533 = EDGE_LOOP('',(#13534));
#13534 = ORIENTED_EDGE('',*,*,#13535,.T.);
#13535 = EDGE_CURVE('',#13536,#13536,#13538,.T.);
#13536 = VERTEX_POINT('',#13537);
#13537 = CARTESIAN_POINT('',(72.63,-127.508,1.51));
#13538 = CIRCLE('',#13539,0.508);
#13539 = AXIS2_PLACEMENT_3D('',#13540,#13541,#13542);
#13540 = CARTESIAN_POINT('',(72.63,-127.,1.51));
#13541 = DIRECTION('',(-0.,0.,-1.));
#13542 = DIRECTION('',(-0.,-1.,0.));
#13543 = FACE_BOUND('',#13544,.T.);
#13544 = EDGE_LOOP('',(#13545));
#13545 = ORIENTED_EDGE('',*,*,#13546,.T.);
#13546 = EDGE_CURVE('',#13547,#13547,#13549,.T.);
#13547 = VERTEX_POINT('',#13548);
#13548 = CARTESIAN_POINT('',(52.5,-117.54,1.51));
#13549 = CIRCLE('',#13550,0.5);
#13550 = AXIS2_PLACEMENT_3D('',#13551,#13552,#13553);
#13551 = CARTESIAN_POINT('',(52.5,-117.04,1.51));
#13552 = DIRECTION('',(-0.,0.,-1.));
#13553 = DIRECTION('',(-0.,-1.,0.));
#13554 = FACE_BOUND('',#13555,.T.);
#13555 = EDGE_LOOP('',(#13556));
#13556 = ORIENTED_EDGE('',*,*,#13557,.T.);
#13557 = EDGE_CURVE('',#13558,#13558,#13560,.T.);
#13558 = VERTEX_POINT('',#13559);
#13559 = CARTESIAN_POINT('',(52.5,-115.,1.51));
#13560 = CIRCLE('',#13561,0.5);
#13561 = AXIS2_PLACEMENT_3D('',#13562,#13563,#13564);
#13562 = CARTESIAN_POINT('',(52.5,-114.5,1.51));
#13563 = DIRECTION('',(-0.,0.,-1.));
#13564 = DIRECTION('',(-0.,-1.,0.));
#13565 = FACE_BOUND('',#13566,.T.);
#13566 = EDGE_LOOP('',(#13567));
#13567 = ORIENTED_EDGE('',*,*,#13568,.T.);
#13568 = EDGE_CURVE('',#13569,#13569,#13571,.T.);
#13569 = VERTEX_POINT('',#13570);
#13570 = CARTESIAN_POINT('',(75.17,-127.508,1.51));
#13571 = CIRCLE('',#13572,0.508);
#13572 = AXIS2_PLACEMENT_3D('',#13573,#13574,#13575);
#13573 = CARTESIAN_POINT('',(75.17,-127.,1.51));
#13574 = DIRECTION('',(-0.,0.,-1.));
#13575 = DIRECTION('',(-0.,-1.,0.));
#13576 = FACE_BOUND('',#13577,.T.);
#13577 = EDGE_LOOP('',(#13578));
#13578 = ORIENTED_EDGE('',*,*,#13579,.T.);
#13579 = EDGE_CURVE('',#13580,#13580,#13582,.T.);
#13580 = VERTEX_POINT('',#13581);
#13581 = CARTESIAN_POINT('',(82.92,-125.008,1.51));
#13582 = CIRCLE('',#13583,0.508);
#13583 = AXIS2_PLACEMENT_3D('',#13584,#13585,#13586);
#13584 = CARTESIAN_POINT('',(82.92,-124.5,1.51));
#13585 = DIRECTION('',(-0.,0.,-1.));
#13586 = DIRECTION('',(-0.,-1.,0.));
#13587 = FACE_BOUND('',#13588,.T.);
#13588 = EDGE_LOOP('',(#13589));
#13589 = ORIENTED_EDGE('',*,*,#13590,.T.);
#13590 = EDGE_CURVE('',#13591,#13591,#13593,.T.);
#13591 = VERTEX_POINT('',#13592);
#13592 = CARTESIAN_POINT('',(82.92,-122.468,1.51));
#13593 = CIRCLE('',#13594,0.508);
#13594 = AXIS2_PLACEMENT_3D('',#13595,#13596,#13597);
#13595 = CARTESIAN_POINT('',(82.92,-121.96,1.51));
#13596 = DIRECTION('',(-0.,0.,-1.));
#13597 = DIRECTION('',(-0.,-1.,0.));
#13598 = FACE_BOUND('',#13599,.T.);
#13599 = EDGE_LOOP('',(#13600));
#13600 = ORIENTED_EDGE('',*,*,#13601,.T.);
#13601 = EDGE_CURVE('',#13602,#13602,#13604,.T.);
#13602 = VERTEX_POINT('',#13603);
#13603 = CARTESIAN_POINT('',(82.92,-119.928,1.51));
#13604 = CIRCLE('',#13605,0.508);
#13605 = AXIS2_PLACEMENT_3D('',#13606,#13607,#13608);
#13606 = CARTESIAN_POINT('',(82.92,-119.42,1.51));
#13607 = DIRECTION('',(-0.,0.,-1.));
#13608 = DIRECTION('',(-0.,-1.,0.));
#13609 = FACE_BOUND('',#13610,.T.);
#13610 = EDGE_LOOP('',(#13611));
#13611 = ORIENTED_EDGE('',*,*,#13612,.T.);
#13612 = EDGE_CURVE('',#13613,#13613,#13615,.T.);
#13613 = VERTEX_POINT('',#13614);
#13614 = CARTESIAN_POINT('',(92.92,-126.4,1.51));
#13615 = CIRCLE('',#13616,0.4);
#13616 = AXIS2_PLACEMENT_3D('',#13617,#13618,#13619);
#13617 = CARTESIAN_POINT('',(92.92,-126.,1.51));
#13618 = DIRECTION('',(-0.,0.,-1.));
#13619 = DIRECTION('',(3.5527136788E-14,-1.,-0.));
#13620 = FACE_BOUND('',#13621,.T.);
#13621 = EDGE_LOOP('',(#13622));
#13622 = ORIENTED_EDGE('',*,*,#13623,.T.);
#13623 = EDGE_CURVE('',#13624,#13624,#13626,.T.);
#13624 = VERTEX_POINT('',#13625);
#13625 = CARTESIAN_POINT('',(93.,-121.9,1.51));
#13626 = CIRCLE('',#13627,0.4);
#13627 = AXIS2_PLACEMENT_3D('',#13628,#13629,#13630);
#13628 = CARTESIAN_POINT('',(93.,-121.5,1.51));
#13629 = DIRECTION('',(-0.,0.,-1.));
#13630 = DIRECTION('',(-0.,-1.,0.));
#13631 = FACE_BOUND('',#13632,.T.);
#13632 = EDGE_LOOP('',(#13633));
#13633 = ORIENTED_EDGE('',*,*,#13634,.T.);
#13634 = EDGE_CURVE('',#13635,#13635,#13637,.T.);
#13635 = VERTEX_POINT('',#13636);
#13636 = CARTESIAN_POINT('',(82.92,-117.388,1.51));
#13637 = CIRCLE('',#13638,0.508);
#13638 = AXIS2_PLACEMENT_3D('',#13639,#13640,#13641);
#13639 = CARTESIAN_POINT('',(82.92,-116.88,1.51));
#13640 = DIRECTION('',(-0.,0.,-1.));
#13641 = DIRECTION('',(-0.,-1.,0.));
#13642 = FACE_BOUND('',#13643,.T.);
#13643 = EDGE_LOOP('',(#13644));
#13644 = ORIENTED_EDGE('',*,*,#13645,.T.);
#13645 = EDGE_CURVE('',#13646,#13646,#13648,.T.);
#13646 = VERTEX_POINT('',#13647);
#13647 = CARTESIAN_POINT('',(82.92,-114.848,1.51));
#13648 = CIRCLE('',#13649,0.508);
#13649 = AXIS2_PLACEMENT_3D('',#13650,#13651,#13652);
#13650 = CARTESIAN_POINT('',(82.92,-114.34,1.51));
#13651 = DIRECTION('',(-0.,0.,-1.));
#13652 = DIRECTION('',(-0.,-1.,0.));
#13653 = FACE_BOUND('',#13654,.T.);
#13654 = EDGE_LOOP('',(#13655));
#13655 = ORIENTED_EDGE('',*,*,#13656,.T.);
#13656 = EDGE_CURVE('',#13657,#13657,#13659,.T.);
#13657 = VERTEX_POINT('',#13658);
#13658 = CARTESIAN_POINT('',(76.,-110.5,1.51));
#13659 = CIRCLE('',#13660,0.5);
#13660 = AXIS2_PLACEMENT_3D('',#13661,#13662,#13663);
#13661 = CARTESIAN_POINT('',(76.,-110.,1.51));
#13662 = DIRECTION('',(-0.,0.,-1.));
#13663 = DIRECTION('',(-0.,-1.,0.));
#13664 = FACE_BOUND('',#13665,.T.);
#13665 = EDGE_LOOP('',(#13666));
#13666 = ORIENTED_EDGE('',*,*,#13667,.T.);
#13667 = EDGE_CURVE('',#13668,#13668,#13670,.T.);
#13668 = VERTEX_POINT('',#13669);
#13669 = CARTESIAN_POINT('',(82.92,-112.308,1.51));
#13670 = CIRCLE('',#13671,0.508);
#13671 = AXIS2_PLACEMENT_3D('',#13672,#13673,#13674);
#13672 = CARTESIAN_POINT('',(82.92,-111.8,1.51));
#13673 = DIRECTION('',(-0.,0.,-1.));
#13674 = DIRECTION('',(-0.,-1.,0.));
#13675 = FACE_BOUND('',#13676,.T.);
#13676 = EDGE_LOOP('',(#13677));
#13677 = ORIENTED_EDGE('',*,*,#13678,.T.);
#13678 = EDGE_CURVE('',#13679,#13679,#13681,.T.);
#13679 = VERTEX_POINT('',#13680);
#13680 = CARTESIAN_POINT('',(91.94,-110.36,1.51));
#13681 = CIRCLE('',#13682,0.5);
#13682 = AXIS2_PLACEMENT_3D('',#13683,#13684,#13685);
#13683 = CARTESIAN_POINT('',(91.94,-109.86,1.51));
#13684 = DIRECTION('',(-0.,0.,-1.));
#13685 = DIRECTION('',(-0.,-1.,0.));
#13686 = FACE_BOUND('',#13687,.T.);
#13687 = EDGE_LOOP('',(#13688));
#13688 = ORIENTED_EDGE('',*,*,#13689,.T.);
#13689 = EDGE_CURVE('',#13690,#13690,#13692,.T.);
#13690 = VERTEX_POINT('',#13691);
#13691 = CARTESIAN_POINT('',(94.48,-110.36,1.51));
#13692 = CIRCLE('',#13693,0.5);
#13693 = AXIS2_PLACEMENT_3D('',#13694,#13695,#13696);
#13694 = CARTESIAN_POINT('',(94.48,-109.86,1.51));
#13695 = DIRECTION('',(-0.,0.,-1.));
#13696 = DIRECTION('',(-0.,-1.,0.));
#13697 = FACE_BOUND('',#13698,.T.);
#13698 = EDGE_LOOP('',(#13699));
#13699 = ORIENTED_EDGE('',*,*,#13700,.T.);
#13700 = EDGE_CURVE('',#13701,#13701,#13703,.T.);
#13701 = VERTEX_POINT('',#13702);
#13702 = CARTESIAN_POINT('',(97.02,-110.36,1.51));
#13703 = CIRCLE('',#13704,0.5);
#13704 = AXIS2_PLACEMENT_3D('',#13705,#13706,#13707);
#13705 = CARTESIAN_POINT('',(97.02,-109.86,1.51));
#13706 = DIRECTION('',(-0.,0.,-1.));
#13707 = DIRECTION('',(-0.,-1.,0.));
#13708 = FACE_BOUND('',#13709,.T.);
#13709 = EDGE_LOOP('',(#13710));
#13710 = ORIENTED_EDGE('',*,*,#13711,.T.);
#13711 = EDGE_CURVE('',#13712,#13712,#13714,.T.);
#13712 = VERTEX_POINT('',#13713);
#13713 = CARTESIAN_POINT('',(52.5,-92.75,1.51));
#13714 = CIRCLE('',#13715,0.75);
#13715 = AXIS2_PLACEMENT_3D('',#13716,#13717,#13718);
#13716 = CARTESIAN_POINT('',(52.5,-92.,1.51));
#13717 = DIRECTION('',(-0.,0.,-1.));
#13718 = DIRECTION('',(-0.,-1.,0.));
#13719 = FACE_BOUND('',#13720,.T.);
#13720 = EDGE_LOOP('',(#13721));
#13721 = ORIENTED_EDGE('',*,*,#13722,.T.);
#13722 = EDGE_CURVE('',#13723,#13723,#13725,.T.);
#13723 = VERTEX_POINT('',#13724);
#13724 = CARTESIAN_POINT('',(69.65,-92.75,1.51));
#13725 = CIRCLE('',#13726,0.75);
#13726 = AXIS2_PLACEMENT_3D('',#13727,#13728,#13729);
#13727 = CARTESIAN_POINT('',(69.65,-92.,1.51));
#13728 = DIRECTION('',(-0.,0.,-1.));
#13729 = DIRECTION('',(-0.,-1.,0.));
#13730 = FACE_BOUND('',#13731,.T.);
#13731 = EDGE_LOOP('',(#13732));
#13732 = ORIENTED_EDGE('',*,*,#13733,.T.);
#13733 = EDGE_CURVE('',#13734,#13734,#13736,.T.);
#13734 = VERTEX_POINT('',#13735);
#13735 = CARTESIAN_POINT('',(76.,-107.96,1.51));
#13736 = CIRCLE('',#13737,0.5);
#13737 = AXIS2_PLACEMENT_3D('',#13738,#13739,#13740);
#13738 = CARTESIAN_POINT('',(76.,-107.46,1.51));
#13739 = DIRECTION('',(-0.,0.,-1.));
#13740 = DIRECTION('',(-0.,-1.,0.));
#13741 = FACE_BOUND('',#13742,.T.);
#13742 = EDGE_LOOP('',(#13743));
#13743 = ORIENTED_EDGE('',*,*,#13744,.T.);
#13744 = EDGE_CURVE('',#13745,#13745,#13747,.T.);
#13745 = VERTEX_POINT('',#13746);
#13746 = CARTESIAN_POINT('',(76.,-99.04,1.51));
#13747 = CIRCLE('',#13748,0.5);
#13748 = AXIS2_PLACEMENT_3D('',#13749,#13750,#13751);
#13749 = CARTESIAN_POINT('',(76.,-98.54,1.51));
#13750 = DIRECTION('',(-0.,0.,-1.));
#13751 = DIRECTION('',(-0.,-1.,0.));
#13752 = FACE_BOUND('',#13753,.T.);
#13753 = EDGE_LOOP('',(#13754));
#13754 = ORIENTED_EDGE('',*,*,#13755,.T.);
#13755 = EDGE_CURVE('',#13756,#13756,#13758,.T.);
#13756 = VERTEX_POINT('',#13757);
#13757 = CARTESIAN_POINT('',(76.,-96.5,1.51));
#13758 = CIRCLE('',#13759,0.5);
#13759 = AXIS2_PLACEMENT_3D('',#13760,#13761,#13762);
#13760 = CARTESIAN_POINT('',(76.,-96.,1.51));
#13761 = DIRECTION('',(-0.,0.,-1.));
#13762 = DIRECTION('',(-0.,-1.,0.));
#13763 = FACE_BOUND('',#13764,.T.);
#13764 = EDGE_LOOP('',(#13765));
#13765 = ORIENTED_EDGE('',*,*,#13766,.T.);
#13766 = EDGE_CURVE('',#13767,#13767,#13769,.T.);
#13767 = VERTEX_POINT('',#13768);
#13768 = CARTESIAN_POINT('',(83.5,-93.4,1.51));
#13769 = CIRCLE('',#13770,0.4);
#13770 = AXIS2_PLACEMENT_3D('',#13771,#13772,#13773);
#13771 = CARTESIAN_POINT('',(83.5,-93.,1.51));
#13772 = DIRECTION('',(-0.,0.,-1.));
#13773 = DIRECTION('',(-0.,-1.,0.));
#13774 = FACE_BOUND('',#13775,.T.);
#13775 = EDGE_LOOP('',(#13776));
#13776 = ORIENTED_EDGE('',*,*,#13777,.T.);
#13777 = EDGE_CURVE('',#13778,#13778,#13780,.T.);
#13778 = VERTEX_POINT('',#13779);
#13779 = CARTESIAN_POINT('',(103.08,-126.4,1.51));
#13780 = CIRCLE('',#13781,0.4);
#13781 = AXIS2_PLACEMENT_3D('',#13782,#13783,#13784);
#13782 = CARTESIAN_POINT('',(103.08,-126.,1.51));
#13783 = DIRECTION('',(-0.,0.,-1.));
#13784 = DIRECTION('',(-3.552713678801E-14,-1.,0.));
#13785 = FACE_BOUND('',#13786,.T.);
#13786 = EDGE_LOOP('',(#13787));
#13787 = ORIENTED_EDGE('',*,*,#13788,.T.);
#13788 = EDGE_CURVE('',#13789,#13789,#13791,.T.);
#13789 = VERTEX_POINT('',#13790);
#13790 = CARTESIAN_POINT('',(107.25,-126.3,1.51));
#13791 = CIRCLE('',#13792,0.55);
#13792 = AXIS2_PLACEMENT_3D('',#13793,#13794,#13795);
#13793 = CARTESIAN_POINT('',(107.25,-125.75,1.51));
#13794 = DIRECTION('',(-0.,0.,-1.));
#13795 = DIRECTION('',(-0.,-1.,0.));
#13796 = FACE_BOUND('',#13797,.T.);
#13797 = EDGE_LOOP('',(#13798));
#13798 = ORIENTED_EDGE('',*,*,#13799,.T.);
#13799 = EDGE_CURVE('',#13800,#13800,#13802,.T.);
#13800 = VERTEX_POINT('',#13801);
#13801 = CARTESIAN_POINT('',(103.16,-121.9,1.51));
#13802 = CIRCLE('',#13803,0.4);
#13803 = AXIS2_PLACEMENT_3D('',#13804,#13805,#13806);
#13804 = CARTESIAN_POINT('',(103.16,-121.5,1.51));
#13805 = DIRECTION('',(-0.,0.,-1.));
#13806 = DIRECTION('',(-0.,-1.,0.));
#13807 = FACE_BOUND('',#13808,.T.);
#13808 = EDGE_LOOP('',(#13809));
#13809 = ORIENTED_EDGE('',*,*,#13810,.T.);
#13810 = EDGE_CURVE('',#13811,#13811,#13813,.T.);
#13811 = VERTEX_POINT('',#13812);
#13812 = CARTESIAN_POINT('',(107.25,-121.8,1.51));
#13813 = CIRCLE('',#13814,0.55);
#13814 = AXIS2_PLACEMENT_3D('',#13815,#13816,#13817);
#13815 = CARTESIAN_POINT('',(107.25,-121.25,1.51));
#13816 = DIRECTION('',(-0.,0.,-1.));
#13817 = DIRECTION('',(-0.,-1.,0.));
#13818 = FACE_BOUND('',#13819,.T.);
#13819 = EDGE_LOOP('',(#13820));
#13820 = ORIENTED_EDGE('',*,*,#13821,.T.);
#13821 = EDGE_CURVE('',#13822,#13822,#13824,.T.);
#13822 = VERTEX_POINT('',#13823);
#13823 = CARTESIAN_POINT('',(113.75,-126.3,1.51));
#13824 = CIRCLE('',#13825,0.55);
#13825 = AXIS2_PLACEMENT_3D('',#13826,#13827,#13828);
#13826 = CARTESIAN_POINT('',(113.75,-125.75,1.51));
#13827 = DIRECTION('',(-0.,0.,-1.));
#13828 = DIRECTION('',(-0.,-1.,0.));
#13829 = FACE_BOUND('',#13830,.T.);
#13830 = EDGE_LOOP('',(#13831));
#13831 = ORIENTED_EDGE('',*,*,#13832,.T.);
#13832 = EDGE_CURVE('',#13833,#13833,#13835,.T.);
#13833 = VERTEX_POINT('',#13834);
#13834 = CARTESIAN_POINT('',(113.75,-121.8,1.51));
#13835 = CIRCLE('',#13836,0.55);
#13836 = AXIS2_PLACEMENT_3D('',#13837,#13838,#13839);
#13837 = CARTESIAN_POINT('',(113.75,-121.25,1.51));
#13838 = DIRECTION('',(-0.,0.,-1.));
#13839 = DIRECTION('',(-0.,-1.,0.));
#13840 = FACE_BOUND('',#13841,.T.);
#13841 = EDGE_LOOP('',(#13842));
#13842 = ORIENTED_EDGE('',*,*,#13843,.T.);
#13843 = EDGE_CURVE('',#13844,#13844,#13846,.T.);
#13844 = VERTEX_POINT('',#13845);
#13845 = CARTESIAN_POINT('',(99.56,-110.36,1.51));
#13846 = CIRCLE('',#13847,0.5);
#13847 = AXIS2_PLACEMENT_3D('',#13848,#13849,#13850);
#13848 = CARTESIAN_POINT('',(99.56,-109.86,1.51));
#13849 = DIRECTION('',(-0.,0.,-1.));
#13850 = DIRECTION('',(-0.,-1.,0.));
#13851 = FACE_BOUND('',#13852,.T.);
#13852 = EDGE_LOOP('',(#13853));
#13853 = ORIENTED_EDGE('',*,*,#13854,.T.);
#13854 = EDGE_CURVE('',#13855,#13855,#13857,.T.);
#13855 = VERTEX_POINT('',#13856);
#13856 = CARTESIAN_POINT('',(102.1,-110.36,1.51));
#13857 = CIRCLE('',#13858,0.5);
#13858 = AXIS2_PLACEMENT_3D('',#13859,#13860,#13861);
#13859 = CARTESIAN_POINT('',(102.1,-109.86,1.51));
#13860 = DIRECTION('',(-0.,0.,-1.));
#13861 = DIRECTION('',(-0.,-1.,0.));
#13862 = FACE_BOUND('',#13863,.T.);
#13863 = EDGE_LOOP('',(#13864));
#13864 = ORIENTED_EDGE('',*,*,#13865,.T.);
#13865 = EDGE_CURVE('',#13866,#13866,#13868,.T.);
#13866 = VERTEX_POINT('',#13867);
#13867 = CARTESIAN_POINT('',(104.64,-110.36,1.51));
#13868 = CIRCLE('',#13869,0.5);
#13869 = AXIS2_PLACEMENT_3D('',#13870,#13871,#13872);
#13870 = CARTESIAN_POINT('',(104.64,-109.86,1.51));
#13871 = DIRECTION('',(-0.,0.,-1.));
#13872 = DIRECTION('',(-0.,-1.,0.));
#13873 = FACE_BOUND('',#13874,.T.);
#13874 = EDGE_LOOP('',(#13875));
#13875 = ORIENTED_EDGE('',*,*,#13876,.T.);
#13876 = EDGE_CURVE('',#13877,#13877,#13879,.T.);
#13877 = VERTEX_POINT('',#13878);
#13878 = CARTESIAN_POINT('',(107.18,-110.36,1.51));
#13879 = CIRCLE('',#13880,0.5);
#13880 = AXIS2_PLACEMENT_3D('',#13881,#13882,#13883);
#13881 = CARTESIAN_POINT('',(107.18,-109.86,1.51));
#13882 = DIRECTION('',(-0.,0.,-1.));
#13883 = DIRECTION('',(-0.,-1.,0.));
#13884 = FACE_BOUND('',#13885,.T.);
#13885 = EDGE_LOOP('',(#13886));
#13886 = ORIENTED_EDGE('',*,*,#13887,.T.);
#13887 = EDGE_CURVE('',#13888,#13888,#13890,.T.);
#13888 = VERTEX_POINT('',#13889);
#13889 = CARTESIAN_POINT('',(109.72,-110.36,1.51));
#13890 = CIRCLE('',#13891,0.5);
#13891 = AXIS2_PLACEMENT_3D('',#13892,#13893,#13894);
#13892 = CARTESIAN_POINT('',(109.72,-109.86,1.51));
#13893 = DIRECTION('',(-0.,0.,-1.));
#13894 = DIRECTION('',(-0.,-1.,0.));
#13895 = FACE_BOUND('',#13896,.T.);
#13896 = EDGE_LOOP('',(#13897));
#13897 = ORIENTED_EDGE('',*,*,#13898,.T.);
#13898 = EDGE_CURVE('',#13899,#13899,#13901,.T.);
#13899 = VERTEX_POINT('',#13900);
#13900 = CARTESIAN_POINT('',(112.26,-110.36,1.51));
#13901 = CIRCLE('',#13902,0.5);
#13902 = AXIS2_PLACEMENT_3D('',#13903,#13904,#13905);
#13903 = CARTESIAN_POINT('',(112.26,-109.86,1.51));
#13904 = DIRECTION('',(-0.,0.,-1.));
#13905 = DIRECTION('',(-0.,-1.,0.));
#13906 = FACE_BOUND('',#13907,.T.);
#13907 = EDGE_LOOP('',(#13908));
#13908 = ORIENTED_EDGE('',*,*,#13909,.T.);
#13909 = EDGE_CURVE('',#13910,#13910,#13912,.T.);
#13910 = VERTEX_POINT('',#13911);
#13911 = CARTESIAN_POINT('',(114.8,-110.36,1.51));
#13912 = CIRCLE('',#13913,0.5);
#13913 = AXIS2_PLACEMENT_3D('',#13914,#13915,#13916);
#13914 = CARTESIAN_POINT('',(114.8,-109.86,1.51));
#13915 = DIRECTION('',(-0.,0.,-1.));
#13916 = DIRECTION('',(-0.,-1.,0.));
#13917 = FACE_BOUND('',#13918,.T.);
#13918 = EDGE_LOOP('',(#13919));
#13919 = ORIENTED_EDGE('',*,*,#13920,.T.);
#13920 = EDGE_CURVE('',#13921,#13921,#13923,.T.);
#13921 = VERTEX_POINT('',#13922);
#13922 = CARTESIAN_POINT('',(117.34,-110.36,1.51));
#13923 = CIRCLE('',#13924,0.5);
#13924 = AXIS2_PLACEMENT_3D('',#13925,#13926,#13927);
#13925 = CARTESIAN_POINT('',(117.34,-109.86,1.51));
#13926 = DIRECTION('',(-0.,0.,-1.));
#13927 = DIRECTION('',(-0.,-1.,0.));
#13928 = FACE_BOUND('',#13929,.T.);
#13929 = EDGE_LOOP('',(#13930));
#13930 = ORIENTED_EDGE('',*,*,#13931,.T.);
#13931 = EDGE_CURVE('',#13932,#13932,#13934,.T.);
#13932 = VERTEX_POINT('',#13933);
#13933 = CARTESIAN_POINT('',(119.88,-110.36,1.51));
#13934 = CIRCLE('',#13935,0.5);
#13935 = AXIS2_PLACEMENT_3D('',#13936,#13937,#13938);
#13936 = CARTESIAN_POINT('',(119.88,-109.86,1.51));
#13937 = DIRECTION('',(-0.,0.,-1.));
#13938 = DIRECTION('',(-0.,-1.,0.));
#13939 = FACE_BOUND('',#13940,.T.);
#13940 = EDGE_LOOP('',(#13941));
#13941 = ORIENTED_EDGE('',*,*,#13942,.T.);
#13942 = EDGE_CURVE('',#13943,#13943,#13945,.T.);
#13943 = VERTEX_POINT('',#13944);
#13944 = CARTESIAN_POINT('',(141.5,-125.2,1.51));
#13945 = CIRCLE('',#13946,0.5);
#13946 = AXIS2_PLACEMENT_3D('',#13947,#13948,#13949);
#13947 = CARTESIAN_POINT('',(141.5,-124.7,1.51));
#13948 = DIRECTION('',(-0.,0.,-1.));
#13949 = DIRECTION('',(-0.,-1.,0.));
#13950 = FACE_BOUND('',#13951,.T.);
#13951 = EDGE_LOOP('',(#13952));
#13952 = ORIENTED_EDGE('',*,*,#13953,.T.);
#13953 = EDGE_CURVE('',#13954,#13954,#13956,.T.);
#13954 = VERTEX_POINT('',#13955);
#13955 = CARTESIAN_POINT('',(141.5,-122.66,1.51));
#13956 = CIRCLE('',#13957,0.5);
#13957 = AXIS2_PLACEMENT_3D('',#13958,#13959,#13960);
#13958 = CARTESIAN_POINT('',(141.5,-122.16,1.51));
#13959 = DIRECTION('',(-0.,0.,-1.));
#13960 = DIRECTION('',(-0.,-1.,0.));
#13961 = FACE_BOUND('',#13962,.T.);
#13962 = EDGE_LOOP('',(#13963));
#13963 = ORIENTED_EDGE('',*,*,#13964,.T.);
#13964 = EDGE_CURVE('',#13965,#13965,#13967,.T.);
#13965 = VERTEX_POINT('',#13966);
#13966 = CARTESIAN_POINT('',(141.5,-120.12,1.51));
#13967 = CIRCLE('',#13968,0.5);
#13968 = AXIS2_PLACEMENT_3D('',#13969,#13970,#13971);
#13969 = CARTESIAN_POINT('',(141.5,-119.62,1.51));
#13970 = DIRECTION('',(-0.,0.,-1.));
#13971 = DIRECTION('',(-0.,-1.,0.));
#13972 = FACE_BOUND('',#13973,.T.);
#13973 = EDGE_LOOP('',(#13974));
#13974 = ORIENTED_EDGE('',*,*,#13975,.T.);
#13975 = EDGE_CURVE('',#13976,#13976,#13978,.T.);
#13976 = VERTEX_POINT('',#13977);
#13977 = CARTESIAN_POINT('',(122.42,-110.36,1.51));
#13978 = CIRCLE('',#13979,0.5);
#13979 = AXIS2_PLACEMENT_3D('',#13980,#13981,#13982);
#13980 = CARTESIAN_POINT('',(122.42,-109.86,1.51));
#13981 = DIRECTION('',(-0.,0.,-1.));
#13982 = DIRECTION('',(-0.,-1.,0.));
#13983 = FACE_BOUND('',#13984,.T.);
#13984 = EDGE_LOOP('',(#13985));
#13985 = ORIENTED_EDGE('',*,*,#13986,.T.);
#13986 = EDGE_CURVE('',#13987,#13987,#13989,.T.);
#13987 = VERTEX_POINT('',#13988);
#13988 = CARTESIAN_POINT('',(124.96,-110.36,1.51));
#13989 = CIRCLE('',#13990,0.5);
#13990 = AXIS2_PLACEMENT_3D('',#13991,#13992,#13993);
#13991 = CARTESIAN_POINT('',(124.96,-109.86,1.51));
#13992 = DIRECTION('',(-0.,0.,-1.));
#13993 = DIRECTION('',(-0.,-1.,0.));
#13994 = FACE_BOUND('',#13995,.T.);
#13995 = EDGE_LOOP('',(#13996));
#13996 = ORIENTED_EDGE('',*,*,#13997,.T.);
#13997 = EDGE_CURVE('',#13998,#13998,#14000,.T.);
#13998 = VERTEX_POINT('',#13999);
#13999 = CARTESIAN_POINT('',(127.5,-110.36,1.51));
#14000 = CIRCLE('',#14001,0.5);
#14001 = AXIS2_PLACEMENT_3D('',#14002,#14003,#14004);
#14002 = CARTESIAN_POINT('',(127.5,-109.86,1.51));
#14003 = DIRECTION('',(-0.,0.,-1.));
#14004 = DIRECTION('',(-0.,-1.,0.));
#14005 = FACE_BOUND('',#14006,.T.);
#14006 = EDGE_LOOP('',(#14007));
#14007 = ORIENTED_EDGE('',*,*,#14008,.T.);
#14008 = EDGE_CURVE('',#14009,#14009,#14011,.T.);
#14009 = VERTEX_POINT('',#14010);
#14010 = CARTESIAN_POINT('',(141.5,-117.58,1.51));
#14011 = CIRCLE('',#14012,0.5);
#14012 = AXIS2_PLACEMENT_3D('',#14013,#14014,#14015);
#14013 = CARTESIAN_POINT('',(141.5,-117.08,1.51));
#14014 = DIRECTION('',(-0.,0.,-1.));
#14015 = DIRECTION('',(-0.,-1.,0.));
#14016 = FACE_BOUND('',#14017,.T.);
#14017 = EDGE_LOOP('',(#14018));
#14018 = ORIENTED_EDGE('',*,*,#14019,.T.);
#14019 = EDGE_CURVE('',#14020,#14020,#14022,.T.);
#14020 = VERTEX_POINT('',#14021);
#14021 = CARTESIAN_POINT('',(141.5,-115.04,1.51));
#14022 = CIRCLE('',#14023,0.5);
#14023 = AXIS2_PLACEMENT_3D('',#14024,#14025,#14026);
#14024 = CARTESIAN_POINT('',(141.5,-114.54,1.51));
#14025 = DIRECTION('',(-0.,0.,-1.));
#14026 = DIRECTION('',(-0.,-1.,0.));
#14027 = FACE_BOUND('',#14028,.T.);
#14028 = EDGE_LOOP('',(#14029));
#14029 = ORIENTED_EDGE('',*,*,#14030,.T.);
#14030 = EDGE_CURVE('',#14031,#14031,#14033,.T.);
#14031 = VERTEX_POINT('',#14032);
#14032 = CARTESIAN_POINT('',(141.5,-112.5,1.51));
#14033 = CIRCLE('',#14034,0.5);
#14034 = AXIS2_PLACEMENT_3D('',#14035,#14036,#14037);
#14035 = CARTESIAN_POINT('',(141.5,-112.,1.51));
#14036 = DIRECTION('',(-0.,0.,-1.));
#14037 = DIRECTION('',(-0.,-1.,0.));
#14038 = FACE_BOUND('',#14039,.T.);
#14039 = EDGE_LOOP('',(#14040));
#14040 = ORIENTED_EDGE('',*,*,#14041,.T.);
#14041 = EDGE_CURVE('',#14042,#14042,#14044,.T.);
#14042 = VERTEX_POINT('',#14043);
#14043 = CARTESIAN_POINT('',(138.5,-107.06,1.51));
#14044 = CIRCLE('',#14045,0.4);
#14045 = AXIS2_PLACEMENT_3D('',#14046,#14047,#14048);
#14046 = CARTESIAN_POINT('',(138.5,-106.66,1.51));
#14047 = DIRECTION('',(-0.,0.,-1.));
#14048 = DIRECTION('',(-0.,-1.,0.));
#14049 = FACE_BOUND('',#14050,.T.);
#14050 = EDGE_LOOP('',(#14051));
#14051 = ORIENTED_EDGE('',*,*,#14052,.T.);
#14052 = EDGE_CURVE('',#14053,#14053,#14055,.T.);
#14053 = VERTEX_POINT('',#14054);
#14054 = CARTESIAN_POINT('',(138.5,-96.9,1.51));
#14055 = CIRCLE('',#14056,0.4);
#14056 = AXIS2_PLACEMENT_3D('',#14057,#14058,#14059);
#14057 = CARTESIAN_POINT('',(138.5,-96.5,1.51));
#14058 = DIRECTION('',(-0.,0.,-1.));
#14059 = DIRECTION('',(-0.,-1.,0.));
#14060 = FACE_BOUND('',#14061,.T.);
#14061 = EDGE_LOOP('',(#14062));
#14062 = ORIENTED_EDGE('',*,*,#14063,.T.);
#14063 = EDGE_CURVE('',#14064,#14064,#14066,.T.);
#14064 = VERTEX_POINT('',#14065);
#14065 = CARTESIAN_POINT('',(142.5,-91.99,1.51));
#14066 = CIRCLE('',#14067,0.45);
#14067 = AXIS2_PLACEMENT_3D('',#14068,#14069,#14070);
#14068 = CARTESIAN_POINT('',(142.5,-91.54,1.51));
#14069 = DIRECTION('',(-0.,0.,-1.));
#14070 = DIRECTION('',(-0.,-1.,0.));
#14071 = FACE_BOUND('',#14072,.T.);
#14072 = EDGE_LOOP('',(#14073));
#14073 = ORIENTED_EDGE('',*,*,#14074,.T.);
#14074 = EDGE_CURVE('',#14075,#14075,#14077,.T.);
#14075 = VERTEX_POINT('',#14076);
#14076 = CARTESIAN_POINT('',(83.5,-88.4,1.51));
#14077 = CIRCLE('',#14078,0.4);
#14078 = AXIS2_PLACEMENT_3D('',#14079,#14080,#14081);
#14079 = CARTESIAN_POINT('',(83.5,-88.,1.51));
#14080 = DIRECTION('',(-0.,0.,-1.));
#14081 = DIRECTION('',(-0.,-1.,0.));
#14082 = FACE_BOUND('',#14083,.T.);
#14083 = EDGE_LOOP('',(#14084));
#14084 = ORIENTED_EDGE('',*,*,#14085,.T.);
#14085 = EDGE_CURVE('',#14086,#14086,#14088,.T.);
#14086 = VERTEX_POINT('',#14087);
#14087 = CARTESIAN_POINT('',(91.94,-84.96,1.51));
#14088 = CIRCLE('',#14089,0.5);
#14089 = AXIS2_PLACEMENT_3D('',#14090,#14091,#14092);
#14090 = CARTESIAN_POINT('',(91.94,-84.46,1.51));
#14091 = DIRECTION('',(-0.,0.,-1.));
#14092 = DIRECTION('',(-0.,-1.,0.));
#14093 = FACE_BOUND('',#14094,.T.);
#14094 = EDGE_LOOP('',(#14095));
#14095 = ORIENTED_EDGE('',*,*,#14096,.T.);
#14096 = EDGE_CURVE('',#14097,#14097,#14099,.T.);
#14097 = VERTEX_POINT('',#14098);
#14098 = CARTESIAN_POINT('',(94.48,-84.96,1.51));
#14099 = CIRCLE('',#14100,0.5);
#14100 = AXIS2_PLACEMENT_3D('',#14101,#14102,#14103);
#14101 = CARTESIAN_POINT('',(94.48,-84.46,1.51));
#14102 = DIRECTION('',(-0.,0.,-1.));
#14103 = DIRECTION('',(-0.,-1.,0.));
#14104 = FACE_BOUND('',#14105,.T.);
#14105 = EDGE_LOOP('',(#14106));
#14106 = ORIENTED_EDGE('',*,*,#14107,.T.);
#14107 = EDGE_CURVE('',#14108,#14108,#14110,.T.);
#14108 = VERTEX_POINT('',#14109);
#14109 = CARTESIAN_POINT('',(97.02,-84.96,1.51));
#14110 = CIRCLE('',#14111,0.5);
#14111 = AXIS2_PLACEMENT_3D('',#14112,#14113,#14114);
#14112 = CARTESIAN_POINT('',(97.02,-84.46,1.51));
#14113 = DIRECTION('',(-0.,0.,-1.));
#14114 = DIRECTION('',(-0.,-1.,0.));
#14115 = FACE_BOUND('',#14116,.T.);
#14116 = EDGE_LOOP('',(#14117));
#14117 = ORIENTED_EDGE('',*,*,#14118,.T.);
#14118 = EDGE_CURVE('',#14119,#14119,#14121,.T.);
#14119 = VERTEX_POINT('',#14120);
#14120 = CARTESIAN_POINT('',(78.,-78.5,1.51));
#14121 = CIRCLE('',#14122,0.5);
#14122 = AXIS2_PLACEMENT_3D('',#14123,#14124,#14125);
#14123 = CARTESIAN_POINT('',(78.,-78.,1.51));
#14124 = DIRECTION('',(-0.,0.,-1.));
#14125 = DIRECTION('',(-0.,-1.,0.));
#14126 = FACE_BOUND('',#14127,.T.);
#14127 = EDGE_LOOP('',(#14128));
#14128 = ORIENTED_EDGE('',*,*,#14129,.T.);
#14129 = EDGE_CURVE('',#14130,#14130,#14132,.T.);
#14130 = VERTEX_POINT('',#14131);
#14131 = CARTESIAN_POINT('',(78.,-75.96,1.51));
#14132 = CIRCLE('',#14133,0.5);
#14133 = AXIS2_PLACEMENT_3D('',#14134,#14135,#14136);
#14134 = CARTESIAN_POINT('',(78.,-75.46,1.51));
#14135 = DIRECTION('',(-0.,0.,-1.));
#14136 = DIRECTION('',(-0.,-1.,0.));
#14137 = FACE_BOUND('',#14138,.T.);
#14138 = EDGE_LOOP('',(#14139));
#14139 = ORIENTED_EDGE('',*,*,#14140,.T.);
#14140 = EDGE_CURVE('',#14141,#14141,#14143,.T.);
#14141 = VERTEX_POINT('',#14142);
#14142 = CARTESIAN_POINT('',(89.,-75.9,1.51));
#14143 = CIRCLE('',#14144,0.4);
#14144 = AXIS2_PLACEMENT_3D('',#14145,#14146,#14147);
#14145 = CARTESIAN_POINT('',(89.,-75.5,1.51));
#14146 = DIRECTION('',(-0.,0.,-1.));
#14147 = DIRECTION('',(-0.,-1.,0.));
#14148 = FACE_BOUND('',#14149,.T.);
#14149 = EDGE_LOOP('',(#14150));
#14150 = ORIENTED_EDGE('',*,*,#14151,.T.);
#14151 = EDGE_CURVE('',#14152,#14152,#14154,.T.);
#14152 = VERTEX_POINT('',#14153);
#14153 = CARTESIAN_POINT('',(89.,-72.4,1.51));
#14154 = CIRCLE('',#14155,0.4);
#14155 = AXIS2_PLACEMENT_3D('',#14156,#14157,#14158);
#14156 = CARTESIAN_POINT('',(89.,-72.,1.51));
#14157 = DIRECTION('',(-0.,0.,-1.));
#14158 = DIRECTION('',(-0.,-1.,0.));
#14159 = FACE_BOUND('',#14160,.T.);
#14160 = EDGE_LOOP('',(#14161));
#14161 = ORIENTED_EDGE('',*,*,#14162,.T.);
#14162 = EDGE_CURVE('',#14163,#14163,#14165,.T.);
#14163 = VERTEX_POINT('',#14164);
#14164 = CARTESIAN_POINT('',(52.5,-53.25,1.51));
#14165 = CIRCLE('',#14166,0.75);
#14166 = AXIS2_PLACEMENT_3D('',#14167,#14168,#14169);
#14167 = CARTESIAN_POINT('',(52.5,-52.5,1.51));
#14168 = DIRECTION('',(-0.,0.,-1.));
#14169 = DIRECTION('',(-0.,-1.,0.));
#14170 = FACE_BOUND('',#14171,.T.);
#14171 = EDGE_LOOP('',(#14172));
#14172 = ORIENTED_EDGE('',*,*,#14173,.T.);
#14173 = EDGE_CURVE('',#14174,#14174,#14176,.T.);
#14174 = VERTEX_POINT('',#14175);
#14175 = CARTESIAN_POINT('',(69.65,-53.25,1.51));
#14176 = CIRCLE('',#14177,0.75);
#14177 = AXIS2_PLACEMENT_3D('',#14178,#14179,#14180);
#14178 = CARTESIAN_POINT('',(69.65,-52.5,1.51));
#14179 = DIRECTION('',(-0.,0.,-1.));
#14180 = DIRECTION('',(-0.,-1.,0.));
#14181 = FACE_BOUND('',#14182,.T.);
#14182 = EDGE_LOOP('',(#14183));
#14183 = ORIENTED_EDGE('',*,*,#14184,.T.);
#14184 = EDGE_CURVE('',#14185,#14185,#14187,.T.);
#14185 = VERTEX_POINT('',#14186);
#14186 = CARTESIAN_POINT('',(77.25,-63.9,1.51));
#14187 = CIRCLE('',#14188,0.6);
#14188 = AXIS2_PLACEMENT_3D('',#14189,#14190,#14191);
#14189 = CARTESIAN_POINT('',(77.25,-63.3,1.51));
#14190 = DIRECTION('',(-0.,0.,-1.));
#14191 = DIRECTION('',(-0.,-1.,0.));
#14192 = FACE_BOUND('',#14193,.T.);
#14193 = EDGE_LOOP('',(#14194));
#14194 = ORIENTED_EDGE('',*,*,#14195,.T.);
#14195 = EDGE_CURVE('',#14196,#14196,#14198,.T.);
#14196 = VERTEX_POINT('',#14197);
#14197 = CARTESIAN_POINT('',(77.25,-56.3,1.51));
#14198 = CIRCLE('',#14199,0.6);
#14199 = AXIS2_PLACEMENT_3D('',#14200,#14201,#14202);
#14200 = CARTESIAN_POINT('',(77.25,-55.7,1.51));
#14201 = DIRECTION('',(-0.,0.,-1.));
#14202 = DIRECTION('',(-0.,-1.,0.));
#14203 = FACE_BOUND('',#14204,.T.);
#14204 = EDGE_LOOP('',(#14205));
#14205 = ORIENTED_EDGE('',*,*,#14206,.T.);
#14206 = EDGE_CURVE('',#14207,#14207,#14209,.T.);
#14207 = VERTEX_POINT('',#14208);
#14208 = CARTESIAN_POINT('',(99.56,-84.96,1.51));
#14209 = CIRCLE('',#14210,0.5);
#14210 = AXIS2_PLACEMENT_3D('',#14211,#14212,#14213);
#14211 = CARTESIAN_POINT('',(99.56,-84.46,1.51));
#14212 = DIRECTION('',(-0.,0.,-1.));
#14213 = DIRECTION('',(-0.,-1.,0.));
#14214 = FACE_BOUND('',#14215,.T.);
#14215 = EDGE_LOOP('',(#14216));
#14216 = ORIENTED_EDGE('',*,*,#14217,.T.);
#14217 = EDGE_CURVE('',#14218,#14218,#14220,.T.);
#14218 = VERTEX_POINT('',#14219);
#14219 = CARTESIAN_POINT('',(102.1,-84.96,1.51));
#14220 = CIRCLE('',#14221,0.5);
#14221 = AXIS2_PLACEMENT_3D('',#14222,#14223,#14224);
#14222 = CARTESIAN_POINT('',(102.1,-84.46,1.51));
#14223 = DIRECTION('',(-0.,0.,-1.));
#14224 = DIRECTION('',(-0.,-1.,0.));
#14225 = FACE_BOUND('',#14226,.T.);
#14226 = EDGE_LOOP('',(#14227));
#14227 = ORIENTED_EDGE('',*,*,#14228,.T.);
#14228 = EDGE_CURVE('',#14229,#14229,#14231,.T.);
#14229 = VERTEX_POINT('',#14230);
#14230 = CARTESIAN_POINT('',(104.64,-84.96,1.51));
#14231 = CIRCLE('',#14232,0.5);
#14232 = AXIS2_PLACEMENT_3D('',#14233,#14234,#14235);
#14233 = CARTESIAN_POINT('',(104.64,-84.46,1.51));
#14234 = DIRECTION('',(-0.,0.,-1.));
#14235 = DIRECTION('',(-0.,-1.,0.));
#14236 = FACE_BOUND('',#14237,.T.);
#14237 = EDGE_LOOP('',(#14238));
#14238 = ORIENTED_EDGE('',*,*,#14239,.T.);
#14239 = EDGE_CURVE('',#14240,#14240,#14242,.T.);
#14240 = VERTEX_POINT('',#14241);
#14241 = CARTESIAN_POINT('',(107.18,-84.96,1.51));
#14242 = CIRCLE('',#14243,0.5);
#14243 = AXIS2_PLACEMENT_3D('',#14244,#14245,#14246);
#14244 = CARTESIAN_POINT('',(107.18,-84.46,1.51));
#14245 = DIRECTION('',(-0.,0.,-1.));
#14246 = DIRECTION('',(-0.,-1.,0.));
#14247 = FACE_BOUND('',#14248,.T.);
#14248 = EDGE_LOOP('',(#14249));
#14249 = ORIENTED_EDGE('',*,*,#14250,.T.);
#14250 = EDGE_CURVE('',#14251,#14251,#14253,.T.);
#14251 = VERTEX_POINT('',#14252);
#14252 = CARTESIAN_POINT('',(109.72,-84.96,1.51));
#14253 = CIRCLE('',#14254,0.5);
#14254 = AXIS2_PLACEMENT_3D('',#14255,#14256,#14257);
#14255 = CARTESIAN_POINT('',(109.72,-84.46,1.51));
#14256 = DIRECTION('',(-0.,0.,-1.));
#14257 = DIRECTION('',(-0.,-1.,0.));
#14258 = FACE_BOUND('',#14259,.T.);
#14259 = EDGE_LOOP('',(#14260));
#14260 = ORIENTED_EDGE('',*,*,#14261,.T.);
#14261 = EDGE_CURVE('',#14262,#14262,#14264,.T.);
#14262 = VERTEX_POINT('',#14263);
#14263 = CARTESIAN_POINT('',(112.26,-84.96,1.51));
#14264 = CIRCLE('',#14265,0.5);
#14265 = AXIS2_PLACEMENT_3D('',#14266,#14267,#14268);
#14266 = CARTESIAN_POINT('',(112.26,-84.46,1.51));
#14267 = DIRECTION('',(-0.,0.,-1.));
#14268 = DIRECTION('',(-0.,-1.,0.));
#14269 = FACE_BOUND('',#14270,.T.);
#14270 = EDGE_LOOP('',(#14271));
#14271 = ORIENTED_EDGE('',*,*,#14272,.T.);
#14272 = EDGE_CURVE('',#14273,#14273,#14275,.T.);
#14273 = VERTEX_POINT('',#14274);
#14274 = CARTESIAN_POINT('',(114.8,-84.96,1.51));
#14275 = CIRCLE('',#14276,0.5);
#14276 = AXIS2_PLACEMENT_3D('',#14277,#14278,#14279);
#14277 = CARTESIAN_POINT('',(114.8,-84.46,1.51));
#14278 = DIRECTION('',(-0.,0.,-1.));
#14279 = DIRECTION('',(-0.,-1.,0.));
#14280 = FACE_BOUND('',#14281,.T.);
#14281 = EDGE_LOOP('',(#14282));
#14282 = ORIENTED_EDGE('',*,*,#14283,.T.);
#14283 = EDGE_CURVE('',#14284,#14284,#14286,.T.);
#14284 = VERTEX_POINT('',#14285);
#14285 = CARTESIAN_POINT('',(117.34,-84.96,1.51));
#14286 = CIRCLE('',#14287,0.5);
#14287 = AXIS2_PLACEMENT_3D('',#14288,#14289,#14290);
#14288 = CARTESIAN_POINT('',(117.34,-84.46,1.51));
#14289 = DIRECTION('',(-0.,0.,-1.));
#14290 = DIRECTION('',(-0.,-1.,0.));
#14291 = FACE_BOUND('',#14292,.T.);
#14292 = EDGE_LOOP('',(#14293));
#14293 = ORIENTED_EDGE('',*,*,#14294,.T.);
#14294 = EDGE_CURVE('',#14295,#14295,#14297,.T.);
#14295 = VERTEX_POINT('',#14296);
#14296 = CARTESIAN_POINT('',(119.88,-84.96,1.51));
#14297 = CIRCLE('',#14298,0.5);
#14298 = AXIS2_PLACEMENT_3D('',#14299,#14300,#14301);
#14299 = CARTESIAN_POINT('',(119.88,-84.46,1.51));
#14300 = DIRECTION('',(-0.,0.,-1.));
#14301 = DIRECTION('',(-0.,-1.,0.));
#14302 = FACE_BOUND('',#14303,.T.);
#14303 = EDGE_LOOP('',(#14304));
#14304 = ORIENTED_EDGE('',*,*,#14305,.T.);
#14305 = EDGE_CURVE('',#14306,#14306,#14308,.T.);
#14306 = VERTEX_POINT('',#14307);
#14307 = CARTESIAN_POINT('',(110.,-76.9,1.51));
#14308 = CIRCLE('',#14309,0.4);
#14309 = AXIS2_PLACEMENT_3D('',#14310,#14311,#14312);
#14310 = CARTESIAN_POINT('',(110.,-76.5,1.51));
#14311 = DIRECTION('',(-0.,0.,-1.));
#14312 = DIRECTION('',(-0.,-1.,0.));
#14313 = FACE_BOUND('',#14314,.T.);
#14314 = EDGE_LOOP('',(#14315));
#14315 = ORIENTED_EDGE('',*,*,#14316,.T.);
#14316 = EDGE_CURVE('',#14317,#14317,#14319,.T.);
#14317 = VERTEX_POINT('',#14318);
#14318 = CARTESIAN_POINT('',(115.5,-77.31,1.51));
#14319 = CIRCLE('',#14320,0.5);
#14320 = AXIS2_PLACEMENT_3D('',#14321,#14322,#14323);
#14321 = CARTESIAN_POINT('',(115.5,-76.81,1.51));
#14322 = DIRECTION('',(-0.,0.,-1.));
#14323 = DIRECTION('',(-0.,-1.,0.));
#14324 = FACE_BOUND('',#14325,.T.);
#14325 = EDGE_LOOP('',(#14326));
#14326 = ORIENTED_EDGE('',*,*,#14327,.T.);
#14327 = EDGE_CURVE('',#14328,#14328,#14330,.T.);
#14328 = VERTEX_POINT('',#14329);
#14329 = CARTESIAN_POINT('',(110.,-71.9,1.51));
#14330 = CIRCLE('',#14331,0.4);
#14331 = AXIS2_PLACEMENT_3D('',#14332,#14333,#14334);
#14332 = CARTESIAN_POINT('',(110.,-71.5,1.51));
#14333 = DIRECTION('',(-0.,0.,-1.));
#14334 = DIRECTION('',(-0.,-1.,0.));
#14335 = FACE_BOUND('',#14336,.T.);
#14336 = EDGE_LOOP('',(#14337));
#14337 = ORIENTED_EDGE('',*,*,#14338,.T.);
#14338 = EDGE_CURVE('',#14339,#14339,#14341,.T.);
#14339 = VERTEX_POINT('',#14340);
#14340 = CARTESIAN_POINT('',(115.5,-74.77,1.51));
#14341 = CIRCLE('',#14342,0.5);
#14342 = AXIS2_PLACEMENT_3D('',#14343,#14344,#14345);
#14343 = CARTESIAN_POINT('',(115.5,-74.27,1.51));
#14344 = DIRECTION('',(-0.,0.,-1.));
#14345 = DIRECTION('',(-0.,-1.,0.));
#14346 = FACE_BOUND('',#14347,.T.);
#14347 = EDGE_LOOP('',(#14348));
#14348 = ORIENTED_EDGE('',*,*,#14349,.T.);
#14349 = EDGE_CURVE('',#14350,#14350,#14352,.T.);
#14350 = VERTEX_POINT('',#14351);
#14351 = CARTESIAN_POINT('',(115.5,-72.23,1.51));
#14352 = CIRCLE('',#14353,0.5);
#14353 = AXIS2_PLACEMENT_3D('',#14354,#14355,#14356);
#14354 = CARTESIAN_POINT('',(115.5,-71.73,1.51));
#14355 = DIRECTION('',(-0.,0.,-1.));
#14356 = DIRECTION('',(-0.,-1.,0.));
#14357 = FACE_BOUND('',#14358,.T.);
#14358 = EDGE_LOOP('',(#14359));
#14359 = ORIENTED_EDGE('',*,*,#14360,.T.);
#14360 = EDGE_CURVE('',#14361,#14361,#14363,.T.);
#14361 = VERTEX_POINT('',#14362);
#14362 = CARTESIAN_POINT('',(122.42,-84.96,1.51));
#14363 = CIRCLE('',#14364,0.5);
#14364 = AXIS2_PLACEMENT_3D('',#14365,#14366,#14367);
#14365 = CARTESIAN_POINT('',(122.42,-84.46,1.51));
#14366 = DIRECTION('',(-0.,0.,-1.));
#14367 = DIRECTION('',(-0.,-1.,0.));
#14368 = FACE_BOUND('',#14369,.T.);
#14369 = EDGE_LOOP('',(#14370));
#14370 = ORIENTED_EDGE('',*,*,#14371,.T.);
#14371 = EDGE_CURVE('',#14372,#14372,#14374,.T.);
#14372 = VERTEX_POINT('',#14373);
#14373 = CARTESIAN_POINT('',(124.96,-84.96,1.51));
#14374 = CIRCLE('',#14375,0.5);
#14375 = AXIS2_PLACEMENT_3D('',#14376,#14377,#14378);
#14376 = CARTESIAN_POINT('',(124.96,-84.46,1.51));
#14377 = DIRECTION('',(-0.,0.,-1.));
#14378 = DIRECTION('',(-0.,-1.,0.));
#14379 = FACE_BOUND('',#14380,.T.);
#14380 = EDGE_LOOP('',(#14381));
#14381 = ORIENTED_EDGE('',*,*,#14382,.T.);
#14382 = EDGE_CURVE('',#14383,#14383,#14385,.T.);
#14383 = VERTEX_POINT('',#14384);
#14384 = CARTESIAN_POINT('',(127.5,-84.96,1.51));
#14385 = CIRCLE('',#14386,0.5);
#14386 = AXIS2_PLACEMENT_3D('',#14387,#14388,#14389);
#14387 = CARTESIAN_POINT('',(127.5,-84.46,1.51));
#14388 = DIRECTION('',(-0.,0.,-1.));
#14389 = DIRECTION('',(-0.,-1.,0.));
#14390 = FACE_BOUND('',#14391,.T.);
#14391 = EDGE_LOOP('',(#14392));
#14392 = ORIENTED_EDGE('',*,*,#14393,.T.);
#14393 = EDGE_CURVE('',#14394,#14394,#14396,.T.);
#14394 = VERTEX_POINT('',#14395);
#14395 = CARTESIAN_POINT('',(142.5,-89.45,1.51));
#14396 = CIRCLE('',#14397,0.45);
#14397 = AXIS2_PLACEMENT_3D('',#14398,#14399,#14400);
#14398 = CARTESIAN_POINT('',(142.5,-89.,1.51));
#14399 = DIRECTION('',(-0.,0.,-1.));
#14400 = DIRECTION('',(-0.,-1.,0.));
#14401 = FACE_BOUND('',#14402,.T.);
#14402 = EDGE_LOOP('',(#14403));
#14403 = ORIENTED_EDGE('',*,*,#14404,.T.);
#14404 = EDGE_CURVE('',#14405,#14405,#14407,.T.);
#14405 = VERTEX_POINT('',#14406);
#14406 = CARTESIAN_POINT('',(106.75,-63.9,1.51));
#14407 = CIRCLE('',#14408,0.6);
#14408 = AXIS2_PLACEMENT_3D('',#14409,#14410,#14411);
#14409 = CARTESIAN_POINT('',(106.75,-63.3,1.51));
#14410 = DIRECTION('',(-0.,0.,-1.));
#14411 = DIRECTION('',(-0.,-1.,0.));
#14412 = FACE_BOUND('',#14413,.T.);
#14413 = EDGE_LOOP('',(#14414));
#14414 = ORIENTED_EDGE('',*,*,#14415,.T.);
#14415 = EDGE_CURVE('',#14416,#14416,#14418,.T.);
#14416 = VERTEX_POINT('',#14417);
#14417 = CARTESIAN_POINT('',(115.5,-69.69,1.51));
#14418 = CIRCLE('',#14419,0.5);
#14419 = AXIS2_PLACEMENT_3D('',#14420,#14421,#14422);
#14420 = CARTESIAN_POINT('',(115.5,-69.19,1.51));
#14421 = DIRECTION('',(-0.,0.,-1.));
#14422 = DIRECTION('',(-0.,-1.,0.));
#14423 = FACE_BOUND('',#14424,.T.);
#14424 = EDGE_LOOP('',(#14425));
#14425 = ORIENTED_EDGE('',*,*,#14426,.T.);
#14426 = EDGE_CURVE('',#14427,#14427,#14429,.T.);
#14427 = VERTEX_POINT('',#14428);
#14428 = CARTESIAN_POINT('',(106.75,-56.3,1.51));
#14429 = CIRCLE('',#14430,0.6);
#14430 = AXIS2_PLACEMENT_3D('',#14431,#14432,#14433);
#14431 = CARTESIAN_POINT('',(106.75,-55.7,1.51));
#14432 = DIRECTION('',(-0.,0.,-1.));
#14433 = DIRECTION('',(-0.,-1.,0.));
#14434 = FACE_BOUND('',#14435,.T.);
#14435 = EDGE_LOOP('',(#14436));
#14436 = ORIENTED_EDGE('',*,*,#14437,.T.);
#14437 = EDGE_CURVE('',#14438,#14438,#14440,.T.);
#14438 = VERTEX_POINT('',#14439);
#14439 = CARTESIAN_POINT('',(113.5,-57.4,1.51));
#14440 = CIRCLE('',#14441,0.4);
#14441 = AXIS2_PLACEMENT_3D('',#14442,#14443,#14444);
#14442 = CARTESIAN_POINT('',(113.5,-57.,1.51));
#14443 = DIRECTION('',(-0.,0.,-1.));
#14444 = DIRECTION('',(-0.,-1.,0.));
#14445 = FACE_BOUND('',#14446,.T.);
#14446 = EDGE_LOOP('',(#14447));
#14447 = ORIENTED_EDGE('',*,*,#14448,.T.);
#14448 = EDGE_CURVE('',#14449,#14449,#14451,.T.);
#14449 = VERTEX_POINT('',#14450);
#14450 = CARTESIAN_POINT('',(120.,-59.9,1.51));
#14451 = CIRCLE('',#14452,0.4);
#14452 = AXIS2_PLACEMENT_3D('',#14453,#14454,#14455);
#14453 = CARTESIAN_POINT('',(120.,-59.5,1.51));
#14454 = DIRECTION('',(-0.,0.,-1.));
#14455 = DIRECTION('',(-0.,-1.,0.));
#14456 = FACE_BOUND('',#14457,.T.);
#14457 = EDGE_LOOP('',(#14458));
#14458 = ORIENTED_EDGE('',*,*,#14459,.T.);
#14459 = EDGE_CURVE('',#14460,#14460,#14462,.T.);
#14460 = VERTEX_POINT('',#14461);
#14461 = CARTESIAN_POINT('',(113.5,-52.4,1.51));
#14462 = CIRCLE('',#14463,0.4);
#14463 = AXIS2_PLACEMENT_3D('',#14464,#14465,#14466);
#14464 = CARTESIAN_POINT('',(113.5,-52.,1.51));
#14465 = DIRECTION('',(-0.,0.,-1.));
#14466 = DIRECTION('',(-0.,-1.,0.));
#14467 = FACE_BOUND('',#14468,.T.);
#14468 = EDGE_LOOP('',(#14469));
#14469 = ORIENTED_EDGE('',*,*,#14470,.T.);
#14470 = EDGE_CURVE('',#14471,#14471,#14473,.T.);
#14471 = VERTEX_POINT('',#14472);
#14472 = CARTESIAN_POINT('',(120.,-54.9,1.51));
#14473 = CIRCLE('',#14474,0.4);
#14474 = AXIS2_PLACEMENT_3D('',#14475,#14476,#14477);
#14475 = CARTESIAN_POINT('',(120.,-54.5,1.51));
#14476 = DIRECTION('',(-0.,0.,-1.));
#14477 = DIRECTION('',(-0.,-1.,0.));
#14478 = FACE_BOUND('',#14479,.T.);
#14479 = EDGE_LOOP('',(#14480));
#14480 = ORIENTED_EDGE('',*,*,#14481,.T.);
#14481 = EDGE_CURVE('',#14482,#14482,#14484,.T.);
#14482 = VERTEX_POINT('',#14483);
#14483 = CARTESIAN_POINT('',(128.699999,-56.75,1.51));
#14484 = CIRCLE('',#14485,0.5);
#14485 = AXIS2_PLACEMENT_3D('',#14486,#14487,#14488);
#14486 = CARTESIAN_POINT('',(128.699999,-56.25,1.51));
#14487 = DIRECTION('',(-0.,0.,-1.));
#14488 = DIRECTION('',(-0.,-1.,0.));
#14489 = FACE_BOUND('',#14490,.T.);
#14490 = EDGE_LOOP('',(#14491));
#14491 = ORIENTED_EDGE('',*,*,#14492,.T.);
#14492 = EDGE_CURVE('',#14493,#14493,#14495,.T.);
#14493 = VERTEX_POINT('',#14494);
#14494 = CARTESIAN_POINT('',(128.699999,-54.21,1.51));
#14495 = CIRCLE('',#14496,0.5);
#14496 = AXIS2_PLACEMENT_3D('',#14497,#14498,#14499);
#14497 = CARTESIAN_POINT('',(128.699999,-53.71,1.51));
#14498 = DIRECTION('',(-0.,0.,-1.));
#14499 = DIRECTION('',(-0.,-1.,0.));
#14500 = FACE_BOUND('',#14501,.T.);
#14501 = EDGE_LOOP('',(#14502));
#14502 = ORIENTED_EDGE('',*,*,#14503,.T.);
#14503 = EDGE_CURVE('',#14504,#14504,#14506,.T.);
#14504 = VERTEX_POINT('',#14505);
#14505 = CARTESIAN_POINT('',(128.699999,-51.67,1.51));
#14506 = CIRCLE('',#14507,0.5);
#14507 = AXIS2_PLACEMENT_3D('',#14508,#14509,#14510);
#14508 = CARTESIAN_POINT('',(128.699999,-51.17,1.51));
#14509 = DIRECTION('',(-0.,0.,-1.));
#14510 = DIRECTION('',(-0.,-1.,0.));
#14511 = PLANE('',#14512);
#14512 = AXIS2_PLACEMENT_3D('',#14513,#14514,#14515);
#14513 = CARTESIAN_POINT('',(0.,0.,1.51));
#14514 = DIRECTION('',(0.,0.,1.));
#14515 = DIRECTION('',(1.,0.,-0.));
#14516 = ADVANCED_FACE('',(#14517),#14528,.T.);
#14517 = FACE_BOUND('',#14518,.T.);
#14518 = EDGE_LOOP('',(#14519,#14525,#14526,#14527));
#14519 = ORIENTED_EDGE('',*,*,#14520,.T.);
#14520 = EDGE_CURVE('',#12493,#13508,#14521,.T.);
#14521 = LINE('',#14522,#14523);
#14522 = CARTESIAN_POINT('',(50.,-50.,0.));
#14523 = VECTOR('',#14524,1.);
#14524 = DIRECTION('',(0.,0.,1.));
#14525 = ORIENTED_EDGE('',*,*,#13507,.T.);
#14526 = ORIENTED_EDGE('',*,*,#12428,.F.);
#14527 = ORIENTED_EDGE('',*,*,#12492,.F.);
#14528 = PLANE('',#14529);
#14529 = AXIS2_PLACEMENT_3D('',#14530,#14531,#14532);
#14530 = CARTESIAN_POINT('',(50.,-50.,0.));
#14531 = DIRECTION('',(0.,1.,0.));
#14532 = DIRECTION('',(1.,0.,0.));
#14533 = ADVANCED_FACE('',(#14534),#14540,.T.);
#14534 = FACE_BOUND('',#14535,.T.);
#14535 = EDGE_LOOP('',(#14536,#14537,#14538,#14539));
#14536 = ORIENTED_EDGE('',*,*,#12468,.T.);
#14537 = ORIENTED_EDGE('',*,*,#13515,.T.);
#14538 = ORIENTED_EDGE('',*,*,#14520,.F.);
#14539 = ORIENTED_EDGE('',*,*,#12500,.F.);
#14540 = PLANE('',#14541);
#14541 = AXIS2_PLACEMENT_3D('',#14542,#14543,#14544);
#14542 = CARTESIAN_POINT('',(50.,-120.,0.));
#14543 = DIRECTION('',(-1.,0.,0.));
#14544 = DIRECTION('',(0.,1.,0.));
#14545 = ADVANCED_FACE('',(#14546),#14557,.F.);
#14546 = FACE_BOUND('',#14547,.T.);
#14547 = EDGE_LOOP('',(#14548,#14549,#14555,#14556));
#14548 = ORIENTED_EDGE('',*,*,#12509,.T.);
#14549 = ORIENTED_EDGE('',*,*,#14550,.T.);
#14550 = EDGE_CURVE('',#12510,#13525,#14551,.T.);
#14551 = LINE('',#14552,#14553);
#14552 = CARTESIAN_POINT('',(70.09,-127.508,-4.6E-02));
#14553 = VECTOR('',#14554,1.);
#14554 = DIRECTION('',(0.,0.,1.));
#14555 = ORIENTED_EDGE('',*,*,#13524,.F.);
#14556 = ORIENTED_EDGE('',*,*,#14550,.F.);
#14557 = CYLINDRICAL_SURFACE('',#14558,0.508);
#14558 = AXIS2_PLACEMENT_3D('',#14559,#14560,#14561);
#14559 = CARTESIAN_POINT('',(70.09,-127.,-4.6E-02));
#14560 = DIRECTION('',(-0.,-0.,-1.));
#14561 = DIRECTION('',(-0.,-1.,0.));
#14562 = ADVANCED_FACE('',(#14563),#14574,.F.);
#14563 = FACE_BOUND('',#14564,.T.);
#14564 = EDGE_LOOP('',(#14565,#14566,#14572,#14573));
#14565 = ORIENTED_EDGE('',*,*,#12520,.T.);
#14566 = ORIENTED_EDGE('',*,*,#14567,.T.);
#14567 = EDGE_CURVE('',#12521,#13536,#14568,.T.);
#14568 = LINE('',#14569,#14570);
#14569 = CARTESIAN_POINT('',(72.63,-127.508,-4.6E-02));
#14570 = VECTOR('',#14571,1.);
#14571 = DIRECTION('',(0.,0.,1.));
#14572 = ORIENTED_EDGE('',*,*,#13535,.F.);
#14573 = ORIENTED_EDGE('',*,*,#14567,.F.);
#14574 = CYLINDRICAL_SURFACE('',#14575,0.508);
#14575 = AXIS2_PLACEMENT_3D('',#14576,#14577,#14578);
#14576 = CARTESIAN_POINT('',(72.63,-127.,-4.6E-02));
#14577 = DIRECTION('',(-0.,-0.,-1.));
#14578 = DIRECTION('',(-0.,-1.,0.));
#14579 = ADVANCED_FACE('',(#14580),#14591,.F.);
#14580 = FACE_BOUND('',#14581,.T.);
#14581 = EDGE_LOOP('',(#14582,#14583,#14589,#14590));
#14582 = ORIENTED_EDGE('',*,*,#12531,.T.);
#14583 = ORIENTED_EDGE('',*,*,#14584,.T.);
#14584 = EDGE_CURVE('',#12532,#13547,#14585,.T.);
#14585 = LINE('',#14586,#14587);
#14586 = CARTESIAN_POINT('',(52.5,-117.54,-4.6E-02));
#14587 = VECTOR('',#14588,1.);
#14588 = DIRECTION('',(0.,0.,1.));
#14589 = ORIENTED_EDGE('',*,*,#13546,.F.);
#14590 = ORIENTED_EDGE('',*,*,#14584,.F.);
#14591 = CYLINDRICAL_SURFACE('',#14592,0.5);
#14592 = AXIS2_PLACEMENT_3D('',#14593,#14594,#14595);
#14593 = CARTESIAN_POINT('',(52.5,-117.04,-4.6E-02));
#14594 = DIRECTION('',(-0.,-0.,-1.));
#14595 = DIRECTION('',(-0.,-1.,0.));
#14596 = ADVANCED_FACE('',(#14597),#14608,.F.);
#14597 = FACE_BOUND('',#14598,.T.);
#14598 = EDGE_LOOP('',(#14599,#14600,#14606,#14607));
#14599 = ORIENTED_EDGE('',*,*,#12542,.T.);
#14600 = ORIENTED_EDGE('',*,*,#14601,.T.);
#14601 = EDGE_CURVE('',#12543,#13558,#14602,.T.);
#14602 = LINE('',#14603,#14604);
#14603 = CARTESIAN_POINT('',(52.5,-115.,-4.6E-02));
#14604 = VECTOR('',#14605,1.);
#14605 = DIRECTION('',(0.,0.,1.));
#14606 = ORIENTED_EDGE('',*,*,#13557,.F.);
#14607 = ORIENTED_EDGE('',*,*,#14601,.F.);
#14608 = CYLINDRICAL_SURFACE('',#14609,0.5);
#14609 = AXIS2_PLACEMENT_3D('',#14610,#14611,#14612);
#14610 = CARTESIAN_POINT('',(52.5,-114.5,-4.6E-02));
#14611 = DIRECTION('',(-0.,-0.,-1.));
#14612 = DIRECTION('',(-0.,-1.,0.));
#14613 = ADVANCED_FACE('',(#14614),#14625,.F.);
#14614 = FACE_BOUND('',#14615,.T.);
#14615 = EDGE_LOOP('',(#14616,#14617,#14623,#14624));
#14616 = ORIENTED_EDGE('',*,*,#12553,.T.);
#14617 = ORIENTED_EDGE('',*,*,#14618,.T.);
#14618 = EDGE_CURVE('',#12554,#13569,#14619,.T.);
#14619 = LINE('',#14620,#14621);
#14620 = CARTESIAN_POINT('',(75.17,-127.508,-4.6E-02));
#14621 = VECTOR('',#14622,1.);
#14622 = DIRECTION('',(0.,0.,1.));
#14623 = ORIENTED_EDGE('',*,*,#13568,.F.);
#14624 = ORIENTED_EDGE('',*,*,#14618,.F.);
#14625 = CYLINDRICAL_SURFACE('',#14626,0.508);
#14626 = AXIS2_PLACEMENT_3D('',#14627,#14628,#14629);
#14627 = CARTESIAN_POINT('',(75.17,-127.,-4.6E-02));
#14628 = DIRECTION('',(-0.,-0.,-1.));
#14629 = DIRECTION('',(-0.,-1.,0.));
#14630 = ADVANCED_FACE('',(#14631),#14642,.F.);
#14631 = FACE_BOUND('',#14632,.T.);
#14632 = EDGE_LOOP('',(#14633,#14634,#14640,#14641));
#14633 = ORIENTED_EDGE('',*,*,#12564,.T.);
#14634 = ORIENTED_EDGE('',*,*,#14635,.T.);
#14635 = EDGE_CURVE('',#12565,#13580,#14636,.T.);
#14636 = LINE('',#14637,#14638);
#14637 = CARTESIAN_POINT('',(82.92,-125.008,-4.6E-02));
#14638 = VECTOR('',#14639,1.);
#14639 = DIRECTION('',(0.,0.,1.));
#14640 = ORIENTED_EDGE('',*,*,#13579,.F.);
#14641 = ORIENTED_EDGE('',*,*,#14635,.F.);
#14642 = CYLINDRICAL_SURFACE('',#14643,0.508);
#14643 = AXIS2_PLACEMENT_3D('',#14644,#14645,#14646);
#14644 = CARTESIAN_POINT('',(82.92,-124.5,-4.6E-02));
#14645 = DIRECTION('',(-0.,-0.,-1.));
#14646 = DIRECTION('',(-0.,-1.,0.));
#14647 = ADVANCED_FACE('',(#14648),#14659,.F.);
#14648 = FACE_BOUND('',#14649,.T.);
#14649 = EDGE_LOOP('',(#14650,#14651,#14657,#14658));
#14650 = ORIENTED_EDGE('',*,*,#12575,.T.);
#14651 = ORIENTED_EDGE('',*,*,#14652,.T.);
#14652 = EDGE_CURVE('',#12576,#13591,#14653,.T.);
#14653 = LINE('',#14654,#14655);
#14654 = CARTESIAN_POINT('',(82.92,-122.468,-4.6E-02));
#14655 = VECTOR('',#14656,1.);
#14656 = DIRECTION('',(0.,0.,1.));
#14657 = ORIENTED_EDGE('',*,*,#13590,.F.);
#14658 = ORIENTED_EDGE('',*,*,#14652,.F.);
#14659 = CYLINDRICAL_SURFACE('',#14660,0.508);
#14660 = AXIS2_PLACEMENT_3D('',#14661,#14662,#14663);
#14661 = CARTESIAN_POINT('',(82.92,-121.96,-4.6E-02));
#14662 = DIRECTION('',(-0.,-0.,-1.));
#14663 = DIRECTION('',(-0.,-1.,0.));
#14664 = ADVANCED_FACE('',(#14665),#14676,.F.);
#14665 = FACE_BOUND('',#14666,.T.);
#14666 = EDGE_LOOP('',(#14667,#14668,#14674,#14675));
#14667 = ORIENTED_EDGE('',*,*,#12586,.T.);
#14668 = ORIENTED_EDGE('',*,*,#14669,.T.);
#14669 = EDGE_CURVE('',#12587,#13602,#14670,.T.);
#14670 = LINE('',#14671,#14672);
#14671 = CARTESIAN_POINT('',(82.92,-119.928,-4.6E-02));
#14672 = VECTOR('',#14673,1.);
#14673 = DIRECTION('',(0.,0.,1.));
#14674 = ORIENTED_EDGE('',*,*,#13601,.F.);
#14675 = ORIENTED_EDGE('',*,*,#14669,.F.);
#14676 = CYLINDRICAL_SURFACE('',#14677,0.508);
#14677 = AXIS2_PLACEMENT_3D('',#14678,#14679,#14680);
#14678 = CARTESIAN_POINT('',(82.92,-119.42,-4.6E-02));
#14679 = DIRECTION('',(-0.,-0.,-1.));
#14680 = DIRECTION('',(-0.,-1.,0.));
#14681 = ADVANCED_FACE('',(#14682),#14693,.F.);
#14682 = FACE_BOUND('',#14683,.T.);
#14683 = EDGE_LOOP('',(#14684,#14685,#14691,#14692));
#14684 = ORIENTED_EDGE('',*,*,#12597,.T.);
#14685 = ORIENTED_EDGE('',*,*,#14686,.T.);
#14686 = EDGE_CURVE('',#12598,#13613,#14687,.T.);
#14687 = LINE('',#14688,#14689);
#14688 = CARTESIAN_POINT('',(92.92,-126.4,-4.6E-02));
#14689 = VECTOR('',#14690,1.);
#14690 = DIRECTION('',(0.,0.,1.));
#14691 = ORIENTED_EDGE('',*,*,#13612,.F.);
#14692 = ORIENTED_EDGE('',*,*,#14686,.F.);
#14693 = CYLINDRICAL_SURFACE('',#14694,0.4);
#14694 = AXIS2_PLACEMENT_3D('',#14695,#14696,#14697);
#14695 = CARTESIAN_POINT('',(92.92,-126.,-4.6E-02));
#14696 = DIRECTION('',(-0.,0.,-1.));
#14697 = DIRECTION('',(3.5527136788E-14,-1.,-0.));
#14698 = ADVANCED_FACE('',(#14699),#14710,.F.);
#14699 = FACE_BOUND('',#14700,.T.);
#14700 = EDGE_LOOP('',(#14701,#14702,#14708,#14709));
#14701 = ORIENTED_EDGE('',*,*,#12608,.T.);
#14702 = ORIENTED_EDGE('',*,*,#14703,.T.);
#14703 = EDGE_CURVE('',#12609,#13624,#14704,.T.);
#14704 = LINE('',#14705,#14706);
#14705 = CARTESIAN_POINT('',(93.,-121.9,-4.6E-02));
#14706 = VECTOR('',#14707,1.);
#14707 = DIRECTION('',(0.,0.,1.));
#14708 = ORIENTED_EDGE('',*,*,#13623,.F.);
#14709 = ORIENTED_EDGE('',*,*,#14703,.F.);
#14710 = CYLINDRICAL_SURFACE('',#14711,0.4);
#14711 = AXIS2_PLACEMENT_3D('',#14712,#14713,#14714);
#14712 = CARTESIAN_POINT('',(93.,-121.5,-4.6E-02));
#14713 = DIRECTION('',(-0.,-0.,-1.));
#14714 = DIRECTION('',(-0.,-1.,0.));
#14715 = ADVANCED_FACE('',(#14716),#14727,.F.);
#14716 = FACE_BOUND('',#14717,.T.);
#14717 = EDGE_LOOP('',(#14718,#14719,#14725,#14726));
#14718 = ORIENTED_EDGE('',*,*,#12619,.T.);
#14719 = ORIENTED_EDGE('',*,*,#14720,.T.);
#14720 = EDGE_CURVE('',#12620,#13635,#14721,.T.);
#14721 = LINE('',#14722,#14723);
#14722 = CARTESIAN_POINT('',(82.92,-117.388,-4.6E-02));
#14723 = VECTOR('',#14724,1.);
#14724 = DIRECTION('',(0.,0.,1.));
#14725 = ORIENTED_EDGE('',*,*,#13634,.F.);
#14726 = ORIENTED_EDGE('',*,*,#14720,.F.);
#14727 = CYLINDRICAL_SURFACE('',#14728,0.508);
#14728 = AXIS2_PLACEMENT_3D('',#14729,#14730,#14731);
#14729 = CARTESIAN_POINT('',(82.92,-116.88,-4.6E-02));
#14730 = DIRECTION('',(-0.,-0.,-1.));
#14731 = DIRECTION('',(-0.,-1.,0.));
#14732 = ADVANCED_FACE('',(#14733),#14744,.F.);
#14733 = FACE_BOUND('',#14734,.T.);
#14734 = EDGE_LOOP('',(#14735,#14736,#14742,#14743));
#14735 = ORIENTED_EDGE('',*,*,#12630,.T.);
#14736 = ORIENTED_EDGE('',*,*,#14737,.T.);
#14737 = EDGE_CURVE('',#12631,#13646,#14738,.T.);
#14738 = LINE('',#14739,#14740);
#14739 = CARTESIAN_POINT('',(82.92,-114.848,-4.6E-02));
#14740 = VECTOR('',#14741,1.);
#14741 = DIRECTION('',(0.,0.,1.));
#14742 = ORIENTED_EDGE('',*,*,#13645,.F.);
#14743 = ORIENTED_EDGE('',*,*,#14737,.F.);
#14744 = CYLINDRICAL_SURFACE('',#14745,0.508);
#14745 = AXIS2_PLACEMENT_3D('',#14746,#14747,#14748);
#14746 = CARTESIAN_POINT('',(82.92,-114.34,-4.6E-02));
#14747 = DIRECTION('',(-0.,-0.,-1.));
#14748 = DIRECTION('',(-0.,-1.,0.));
#14749 = ADVANCED_FACE('',(#14750),#14761,.F.);
#14750 = FACE_BOUND('',#14751,.T.);
#14751 = EDGE_LOOP('',(#14752,#14753,#14759,#14760));
#14752 = ORIENTED_EDGE('',*,*,#12641,.T.);
#14753 = ORIENTED_EDGE('',*,*,#14754,.T.);
#14754 = EDGE_CURVE('',#12642,#13657,#14755,.T.);
#14755 = LINE('',#14756,#14757);
#14756 = CARTESIAN_POINT('',(76.,-110.5,-4.6E-02));
#14757 = VECTOR('',#14758,1.);
#14758 = DIRECTION('',(0.,0.,1.));
#14759 = ORIENTED_EDGE('',*,*,#13656,.F.);
#14760 = ORIENTED_EDGE('',*,*,#14754,.F.);
#14761 = CYLINDRICAL_SURFACE('',#14762,0.5);
#14762 = AXIS2_PLACEMENT_3D('',#14763,#14764,#14765);
#14763 = CARTESIAN_POINT('',(76.,-110.,-4.6E-02));
#14764 = DIRECTION('',(-0.,-0.,-1.));
#14765 = DIRECTION('',(-0.,-1.,0.));
#14766 = ADVANCED_FACE('',(#14767),#14778,.F.);
#14767 = FACE_BOUND('',#14768,.T.);
#14768 = EDGE_LOOP('',(#14769,#14770,#14776,#14777));
#14769 = ORIENTED_EDGE('',*,*,#12652,.T.);
#14770 = ORIENTED_EDGE('',*,*,#14771,.T.);
#14771 = EDGE_CURVE('',#12653,#13668,#14772,.T.);
#14772 = LINE('',#14773,#14774);
#14773 = CARTESIAN_POINT('',(82.92,-112.308,-4.6E-02));
#14774 = VECTOR('',#14775,1.);
#14775 = DIRECTION('',(0.,0.,1.));
#14776 = ORIENTED_EDGE('',*,*,#13667,.F.);
#14777 = ORIENTED_EDGE('',*,*,#14771,.F.);
#14778 = CYLINDRICAL_SURFACE('',#14779,0.508);
#14779 = AXIS2_PLACEMENT_3D('',#14780,#14781,#14782);
#14780 = CARTESIAN_POINT('',(82.92,-111.8,-4.6E-02));
#14781 = DIRECTION('',(-0.,-0.,-1.));
#14782 = DIRECTION('',(-0.,-1.,0.));
#14783 = ADVANCED_FACE('',(#14784),#14795,.F.);
#14784 = FACE_BOUND('',#14785,.T.);
#14785 = EDGE_LOOP('',(#14786,#14787,#14793,#14794));
#14786 = ORIENTED_EDGE('',*,*,#12663,.T.);
#14787 = ORIENTED_EDGE('',*,*,#14788,.T.);
#14788 = EDGE_CURVE('',#12664,#13679,#14789,.T.);
#14789 = LINE('',#14790,#14791);
#14790 = CARTESIAN_POINT('',(91.94,-110.36,-4.6E-02));
#14791 = VECTOR('',#14792,1.);
#14792 = DIRECTION('',(0.,0.,1.));
#14793 = ORIENTED_EDGE('',*,*,#13678,.F.);
#14794 = ORIENTED_EDGE('',*,*,#14788,.F.);
#14795 = CYLINDRICAL_SURFACE('',#14796,0.5);
#14796 = AXIS2_PLACEMENT_3D('',#14797,#14798,#14799);
#14797 = CARTESIAN_POINT('',(91.94,-109.86,-4.6E-02));
#14798 = DIRECTION('',(-0.,-0.,-1.));
#14799 = DIRECTION('',(-0.,-1.,0.));
#14800 = ADVANCED_FACE('',(#14801),#14812,.F.);
#14801 = FACE_BOUND('',#14802,.T.);
#14802 = EDGE_LOOP('',(#14803,#14804,#14810,#14811));
#14803 = ORIENTED_EDGE('',*,*,#12674,.T.);
#14804 = ORIENTED_EDGE('',*,*,#14805,.T.);
#14805 = EDGE_CURVE('',#12675,#13690,#14806,.T.);
#14806 = LINE('',#14807,#14808);
#14807 = CARTESIAN_POINT('',(94.48,-110.36,-4.6E-02));
#14808 = VECTOR('',#14809,1.);
#14809 = DIRECTION('',(0.,0.,1.));
#14810 = ORIENTED_EDGE('',*,*,#13689,.F.);
#14811 = ORIENTED_EDGE('',*,*,#14805,.F.);
#14812 = CYLINDRICAL_SURFACE('',#14813,0.5);
#14813 = AXIS2_PLACEMENT_3D('',#14814,#14815,#14816);
#14814 = CARTESIAN_POINT('',(94.48,-109.86,-4.6E-02));
#14815 = DIRECTION('',(-0.,-0.,-1.));
#14816 = DIRECTION('',(-0.,-1.,0.));
#14817 = ADVANCED_FACE('',(#14818),#14829,.F.);
#14818 = FACE_BOUND('',#14819,.T.);
#14819 = EDGE_LOOP('',(#14820,#14821,#14827,#14828));
#14820 = ORIENTED_EDGE('',*,*,#12685,.T.);
#14821 = ORIENTED_EDGE('',*,*,#14822,.T.);
#14822 = EDGE_CURVE('',#12686,#13701,#14823,.T.);
#14823 = LINE('',#14824,#14825);
#14824 = CARTESIAN_POINT('',(97.02,-110.36,-4.6E-02));
#14825 = VECTOR('',#14826,1.);
#14826 = DIRECTION('',(0.,0.,1.));
#14827 = ORIENTED_EDGE('',*,*,#13700,.F.);
#14828 = ORIENTED_EDGE('',*,*,#14822,.F.);
#14829 = CYLINDRICAL_SURFACE('',#14830,0.5);
#14830 = AXIS2_PLACEMENT_3D('',#14831,#14832,#14833);
#14831 = CARTESIAN_POINT('',(97.02,-109.86,-4.6E-02));
#14832 = DIRECTION('',(-0.,-0.,-1.));
#14833 = DIRECTION('',(-0.,-1.,0.));
#14834 = ADVANCED_FACE('',(#14835),#14846,.F.);
#14835 = FACE_BOUND('',#14836,.T.);
#14836 = EDGE_LOOP('',(#14837,#14838,#14844,#14845));
#14837 = ORIENTED_EDGE('',*,*,#12696,.T.);
#14838 = ORIENTED_EDGE('',*,*,#14839,.T.);
#14839 = EDGE_CURVE('',#12697,#13712,#14840,.T.);
#14840 = LINE('',#14841,#14842);
#14841 = CARTESIAN_POINT('',(52.5,-92.75,-4.6E-02));
#14842 = VECTOR('',#14843,1.);
#14843 = DIRECTION('',(0.,0.,1.));
#14844 = ORIENTED_EDGE('',*,*,#13711,.F.);
#14845 = ORIENTED_EDGE('',*,*,#14839,.F.);
#14846 = CYLINDRICAL_SURFACE('',#14847,0.75);
#14847 = AXIS2_PLACEMENT_3D('',#14848,#14849,#14850);
#14848 = CARTESIAN_POINT('',(52.5,-92.,-4.6E-02));
#14849 = DIRECTION('',(-0.,-0.,-1.));
#14850 = DIRECTION('',(-0.,-1.,0.));
#14851 = ADVANCED_FACE('',(#14852),#14863,.F.);
#14852 = FACE_BOUND('',#14853,.T.);
#14853 = EDGE_LOOP('',(#14854,#14855,#14861,#14862));
#14854 = ORIENTED_EDGE('',*,*,#12707,.T.);
#14855 = ORIENTED_EDGE('',*,*,#14856,.T.);
#14856 = EDGE_CURVE('',#12708,#13723,#14857,.T.);
#14857 = LINE('',#14858,#14859);
#14858 = CARTESIAN_POINT('',(69.65,-92.75,-4.6E-02));
#14859 = VECTOR('',#14860,1.);
#14860 = DIRECTION('',(0.,0.,1.));
#14861 = ORIENTED_EDGE('',*,*,#13722,.F.);
#14862 = ORIENTED_EDGE('',*,*,#14856,.F.);
#14863 = CYLINDRICAL_SURFACE('',#14864,0.75);
#14864 = AXIS2_PLACEMENT_3D('',#14865,#14866,#14867);
#14865 = CARTESIAN_POINT('',(69.65,-92.,-4.6E-02));
#14866 = DIRECTION('',(-0.,-0.,-1.));
#14867 = DIRECTION('',(-0.,-1.,0.));
#14868 = ADVANCED_FACE('',(#14869),#14880,.F.);
#14869 = FACE_BOUND('',#14870,.T.);
#14870 = EDGE_LOOP('',(#14871,#14872,#14878,#14879));
#14871 = ORIENTED_EDGE('',*,*,#12718,.T.);
#14872 = ORIENTED_EDGE('',*,*,#14873,.T.);
#14873 = EDGE_CURVE('',#12719,#13734,#14874,.T.);
#14874 = LINE('',#14875,#14876);
#14875 = CARTESIAN_POINT('',(76.,-107.96,-4.6E-02));
#14876 = VECTOR('',#14877,1.);
#14877 = DIRECTION('',(0.,0.,1.));
#14878 = ORIENTED_EDGE('',*,*,#13733,.F.);
#14879 = ORIENTED_EDGE('',*,*,#14873,.F.);
#14880 = CYLINDRICAL_SURFACE('',#14881,0.5);
#14881 = AXIS2_PLACEMENT_3D('',#14882,#14883,#14884);
#14882 = CARTESIAN_POINT('',(76.,-107.46,-4.6E-02));
#14883 = DIRECTION('',(-0.,-0.,-1.));
#14884 = DIRECTION('',(-0.,-1.,0.));
#14885 = ADVANCED_FACE('',(#14886),#14897,.F.);
#14886 = FACE_BOUND('',#14887,.T.);
#14887 = EDGE_LOOP('',(#14888,#14889,#14895,#14896));
#14888 = ORIENTED_EDGE('',*,*,#12729,.T.);
#14889 = ORIENTED_EDGE('',*,*,#14890,.T.);
#14890 = EDGE_CURVE('',#12730,#13745,#14891,.T.);
#14891 = LINE('',#14892,#14893);
#14892 = CARTESIAN_POINT('',(76.,-99.04,-4.6E-02));
#14893 = VECTOR('',#14894,1.);
#14894 = DIRECTION('',(0.,0.,1.));
#14895 = ORIENTED_EDGE('',*,*,#13744,.F.);
#14896 = ORIENTED_EDGE('',*,*,#14890,.F.);
#14897 = CYLINDRICAL_SURFACE('',#14898,0.5);
#14898 = AXIS2_PLACEMENT_3D('',#14899,#14900,#14901);
#14899 = CARTESIAN_POINT('',(76.,-98.54,-4.6E-02));
#14900 = DIRECTION('',(-0.,-0.,-1.));
#14901 = DIRECTION('',(-0.,-1.,0.));
#14902 = ADVANCED_FACE('',(#14903),#14914,.F.);
#14903 = FACE_BOUND('',#14904,.T.);
#14904 = EDGE_LOOP('',(#14905,#14906,#14912,#14913));
#14905 = ORIENTED_EDGE('',*,*,#12740,.T.);
#14906 = ORIENTED_EDGE('',*,*,#14907,.T.);
#14907 = EDGE_CURVE('',#12741,#13756,#14908,.T.);
#14908 = LINE('',#14909,#14910);
#14909 = CARTESIAN_POINT('',(76.,-96.5,-4.6E-02));
#14910 = VECTOR('',#14911,1.);
#14911 = DIRECTION('',(0.,0.,1.));
#14912 = ORIENTED_EDGE('',*,*,#13755,.F.);
#14913 = ORIENTED_EDGE('',*,*,#14907,.F.);
#14914 = CYLINDRICAL_SURFACE('',#14915,0.5);
#14915 = AXIS2_PLACEMENT_3D('',#14916,#14917,#14918);
#14916 = CARTESIAN_POINT('',(76.,-96.,-4.6E-02));
#14917 = DIRECTION('',(-0.,-0.,-1.));
#14918 = DIRECTION('',(-0.,-1.,0.));
#14919 = ADVANCED_FACE('',(#14920),#14931,.F.);
#14920 = FACE_BOUND('',#14921,.T.);
#14921 = EDGE_LOOP('',(#14922,#14923,#14929,#14930));
#14922 = ORIENTED_EDGE('',*,*,#12751,.T.);
#14923 = ORIENTED_EDGE('',*,*,#14924,.T.);
#14924 = EDGE_CURVE('',#12752,#13767,#14925,.T.);
#14925 = LINE('',#14926,#14927);
#14926 = CARTESIAN_POINT('',(83.5,-93.4,-4.6E-02));
#14927 = VECTOR('',#14928,1.);
#14928 = DIRECTION('',(0.,0.,1.));
#14929 = ORIENTED_EDGE('',*,*,#13766,.F.);
#14930 = ORIENTED_EDGE('',*,*,#14924,.F.);
#14931 = CYLINDRICAL_SURFACE('',#14932,0.4);
#14932 = AXIS2_PLACEMENT_3D('',#14933,#14934,#14935);
#14933 = CARTESIAN_POINT('',(83.5,-93.,-4.6E-02));
#14934 = DIRECTION('',(-0.,-0.,-1.));
#14935 = DIRECTION('',(-0.,-1.,0.));
#14936 = ADVANCED_FACE('',(#14937),#14948,.F.);
#14937 = FACE_BOUND('',#14938,.T.);
#14938 = EDGE_LOOP('',(#14939,#14940,#14946,#14947));
#14939 = ORIENTED_EDGE('',*,*,#12762,.T.);
#14940 = ORIENTED_EDGE('',*,*,#14941,.T.);
#14941 = EDGE_CURVE('',#12763,#13778,#14942,.T.);
#14942 = LINE('',#14943,#14944);
#14943 = CARTESIAN_POINT('',(103.08,-126.4,-4.6E-02));
#14944 = VECTOR('',#14945,1.);
#14945 = DIRECTION('',(0.,0.,1.));
#14946 = ORIENTED_EDGE('',*,*,#13777,.F.);
#14947 = ORIENTED_EDGE('',*,*,#14941,.F.);
#14948 = CYLINDRICAL_SURFACE('',#14949,0.4);
#14949 = AXIS2_PLACEMENT_3D('',#14950,#14951,#14952);
#14950 = CARTESIAN_POINT('',(103.08,-126.,-4.6E-02));
#14951 = DIRECTION('',(-0.,-0.,-1.));
#14952 = DIRECTION('',(-3.552713678801E-14,-1.,0.));
#14953 = ADVANCED_FACE('',(#14954),#14965,.F.);
#14954 = FACE_BOUND('',#14955,.T.);
#14955 = EDGE_LOOP('',(#14956,#14957,#14963,#14964));
#14956 = ORIENTED_EDGE('',*,*,#12773,.T.);
#14957 = ORIENTED_EDGE('',*,*,#14958,.T.);
#14958 = EDGE_CURVE('',#12774,#13789,#14959,.T.);
#14959 = LINE('',#14960,#14961);
#14960 = CARTESIAN_POINT('',(107.25,-126.3,-4.6E-02));
#14961 = VECTOR('',#14962,1.);
#14962 = DIRECTION('',(0.,0.,1.));
#14963 = ORIENTED_EDGE('',*,*,#13788,.F.);
#14964 = ORIENTED_EDGE('',*,*,#14958,.F.);
#14965 = CYLINDRICAL_SURFACE('',#14966,0.55);
#14966 = AXIS2_PLACEMENT_3D('',#14967,#14968,#14969);
#14967 = CARTESIAN_POINT('',(107.25,-125.75,-4.6E-02));
#14968 = DIRECTION('',(-0.,-0.,-1.));
#14969 = DIRECTION('',(-0.,-1.,0.));
#14970 = ADVANCED_FACE('',(#14971),#14982,.F.);
#14971 = FACE_BOUND('',#14972,.T.);
#14972 = EDGE_LOOP('',(#14973,#14974,#14980,#14981));
#14973 = ORIENTED_EDGE('',*,*,#12784,.T.);
#14974 = ORIENTED_EDGE('',*,*,#14975,.T.);
#14975 = EDGE_CURVE('',#12785,#13800,#14976,.T.);
#14976 = LINE('',#14977,#14978);
#14977 = CARTESIAN_POINT('',(103.16,-121.9,-4.6E-02));
#14978 = VECTOR('',#14979,1.);
#14979 = DIRECTION('',(0.,0.,1.));
#14980 = ORIENTED_EDGE('',*,*,#13799,.F.);
#14981 = ORIENTED_EDGE('',*,*,#14975,.F.);
#14982 = CYLINDRICAL_SURFACE('',#14983,0.4);
#14983 = AXIS2_PLACEMENT_3D('',#14984,#14985,#14986);
#14984 = CARTESIAN_POINT('',(103.16,-121.5,-4.6E-02));
#14985 = DIRECTION('',(-0.,-0.,-1.));
#14986 = DIRECTION('',(-0.,-1.,0.));
#14987 = ADVANCED_FACE('',(#14988),#14999,.F.);
#14988 = FACE_BOUND('',#14989,.T.);
#14989 = EDGE_LOOP('',(#14990,#14991,#14997,#14998));
#14990 = ORIENTED_EDGE('',*,*,#12795,.T.);
#14991 = ORIENTED_EDGE('',*,*,#14992,.T.);
#14992 = EDGE_CURVE('',#12796,#13811,#14993,.T.);
#14993 = LINE('',#14994,#14995);
#14994 = CARTESIAN_POINT('',(107.25,-121.8,-4.6E-02));
#14995 = VECTOR('',#14996,1.);
#14996 = DIRECTION('',(0.,0.,1.));
#14997 = ORIENTED_EDGE('',*,*,#13810,.F.);
#14998 = ORIENTED_EDGE('',*,*,#14992,.F.);
#14999 = CYLINDRICAL_SURFACE('',#15000,0.55);
#15000 = AXIS2_PLACEMENT_3D('',#15001,#15002,#15003);
#15001 = CARTESIAN_POINT('',(107.25,-121.25,-4.6E-02));
#15002 = DIRECTION('',(-0.,-0.,-1.));
#15003 = DIRECTION('',(-0.,-1.,0.));
#15004 = ADVANCED_FACE('',(#15005),#15016,.F.);
#15005 = FACE_BOUND('',#15006,.T.);
#15006 = EDGE_LOOP('',(#15007,#15008,#15014,#15015));
#15007 = ORIENTED_EDGE('',*,*,#12806,.T.);
#15008 = ORIENTED_EDGE('',*,*,#15009,.T.);
#15009 = EDGE_CURVE('',#12807,#13822,#15010,.T.);
#15010 = LINE('',#15011,#15012);
#15011 = CARTESIAN_POINT('',(113.75,-126.3,-4.6E-02));
#15012 = VECTOR('',#15013,1.);
#15013 = DIRECTION('',(0.,0.,1.));
#15014 = ORIENTED_EDGE('',*,*,#13821,.F.);
#15015 = ORIENTED_EDGE('',*,*,#15009,.F.);
#15016 = CYLINDRICAL_SURFACE('',#15017,0.55);
#15017 = AXIS2_PLACEMENT_3D('',#15018,#15019,#15020);
#15018 = CARTESIAN_POINT('',(113.75,-125.75,-4.6E-02));
#15019 = DIRECTION('',(-0.,-0.,-1.));
#15020 = DIRECTION('',(-0.,-1.,0.));
#15021 = ADVANCED_FACE('',(#15022),#15033,.F.);
#15022 = FACE_BOUND('',#15023,.T.);
#15023 = EDGE_LOOP('',(#15024,#15025,#15031,#15032));
#15024 = ORIENTED_EDGE('',*,*,#12817,.T.);
#15025 = ORIENTED_EDGE('',*,*,#15026,.T.);
#15026 = EDGE_CURVE('',#12818,#13833,#15027,.T.);
#15027 = LINE('',#15028,#15029);
#15028 = CARTESIAN_POINT('',(113.75,-121.8,-4.6E-02));
#15029 = VECTOR('',#15030,1.);
#15030 = DIRECTION('',(0.,0.,1.));
#15031 = ORIENTED_EDGE('',*,*,#13832,.F.);
#15032 = ORIENTED_EDGE('',*,*,#15026,.F.);
#15033 = CYLINDRICAL_SURFACE('',#15034,0.55);
#15034 = AXIS2_PLACEMENT_3D('',#15035,#15036,#15037);
#15035 = CARTESIAN_POINT('',(113.75,-121.25,-4.6E-02));
#15036 = DIRECTION('',(-0.,-0.,-1.));
#15037 = DIRECTION('',(-0.,-1.,0.));
#15038 = ADVANCED_FACE('',(#15039),#15050,.F.);
#15039 = FACE_BOUND('',#15040,.T.);
#15040 = EDGE_LOOP('',(#15041,#15042,#15048,#15049));
#15041 = ORIENTED_EDGE('',*,*,#12828,.T.);
#15042 = ORIENTED_EDGE('',*,*,#15043,.T.);
#15043 = EDGE_CURVE('',#12829,#13844,#15044,.T.);
#15044 = LINE('',#15045,#15046);
#15045 = CARTESIAN_POINT('',(99.56,-110.36,-4.6E-02));
#15046 = VECTOR('',#15047,1.);
#15047 = DIRECTION('',(0.,0.,1.));
#15048 = ORIENTED_EDGE('',*,*,#13843,.F.);
#15049 = ORIENTED_EDGE('',*,*,#15043,.F.);
#15050 = CYLINDRICAL_SURFACE('',#15051,0.5);
#15051 = AXIS2_PLACEMENT_3D('',#15052,#15053,#15054);
#15052 = CARTESIAN_POINT('',(99.56,-109.86,-4.6E-02));
#15053 = DIRECTION('',(-0.,-0.,-1.));
#15054 = DIRECTION('',(-0.,-1.,0.));
#15055 = ADVANCED_FACE('',(#15056),#15067,.F.);
#15056 = FACE_BOUND('',#15057,.T.);
#15057 = EDGE_LOOP('',(#15058,#15059,#15065,#15066));
#15058 = ORIENTED_EDGE('',*,*,#12839,.T.);
#15059 = ORIENTED_EDGE('',*,*,#15060,.T.);
#15060 = EDGE_CURVE('',#12840,#13855,#15061,.T.);
#15061 = LINE('',#15062,#15063);
#15062 = CARTESIAN_POINT('',(102.1,-110.36,-4.6E-02));
#15063 = VECTOR('',#15064,1.);
#15064 = DIRECTION('',(0.,0.,1.));
#15065 = ORIENTED_EDGE('',*,*,#13854,.F.);
#15066 = ORIENTED_EDGE('',*,*,#15060,.F.);
#15067 = CYLINDRICAL_SURFACE('',#15068,0.5);
#15068 = AXIS2_PLACEMENT_3D('',#15069,#15070,#15071);
#15069 = CARTESIAN_POINT('',(102.1,-109.86,-4.6E-02));
#15070 = DIRECTION('',(-0.,-0.,-1.));
#15071 = DIRECTION('',(-0.,-1.,0.));
#15072 = ADVANCED_FACE('',(#15073),#15084,.F.);
#15073 = FACE_BOUND('',#15074,.T.);
#15074 = EDGE_LOOP('',(#15075,#15076,#15082,#15083));
#15075 = ORIENTED_EDGE('',*,*,#12850,.T.);
#15076 = ORIENTED_EDGE('',*,*,#15077,.T.);
#15077 = EDGE_CURVE('',#12851,#13866,#15078,.T.);
#15078 = LINE('',#15079,#15080);
#15079 = CARTESIAN_POINT('',(104.64,-110.36,-4.6E-02));
#15080 = VECTOR('',#15081,1.);
#15081 = DIRECTION('',(0.,0.,1.));
#15082 = ORIENTED_EDGE('',*,*,#13865,.F.);
#15083 = ORIENTED_EDGE('',*,*,#15077,.F.);
#15084 = CYLINDRICAL_SURFACE('',#15085,0.5);
#15085 = AXIS2_PLACEMENT_3D('',#15086,#15087,#15088);
#15086 = CARTESIAN_POINT('',(104.64,-109.86,-4.6E-02));
#15087 = DIRECTION('',(-0.,-0.,-1.));
#15088 = DIRECTION('',(-0.,-1.,0.));
#15089 = ADVANCED_FACE('',(#15090),#15101,.F.);
#15090 = FACE_BOUND('',#15091,.T.);
#15091 = EDGE_LOOP('',(#15092,#15093,#15099,#15100));
#15092 = ORIENTED_EDGE('',*,*,#12861,.T.);
#15093 = ORIENTED_EDGE('',*,*,#15094,.T.);
#15094 = EDGE_CURVE('',#12862,#13877,#15095,.T.);
#15095 = LINE('',#15096,#15097);
#15096 = CARTESIAN_POINT('',(107.18,-110.36,-4.6E-02));
#15097 = VECTOR('',#15098,1.);
#15098 = DIRECTION('',(0.,0.,1.));
#15099 = ORIENTED_EDGE('',*,*,#13876,.F.);
#15100 = ORIENTED_EDGE('',*,*,#15094,.F.);
#15101 = CYLINDRICAL_SURFACE('',#15102,0.5);
#15102 = AXIS2_PLACEMENT_3D('',#15103,#15104,#15105);
#15103 = CARTESIAN_POINT('',(107.18,-109.86,-4.6E-02));
#15104 = DIRECTION('',(-0.,-0.,-1.));
#15105 = DIRECTION('',(-0.,-1.,0.));
#15106 = ADVANCED_FACE('',(#15107),#15118,.F.);
#15107 = FACE_BOUND('',#15108,.T.);
#15108 = EDGE_LOOP('',(#15109,#15110,#15116,#15117));
#15109 = ORIENTED_EDGE('',*,*,#12872,.T.);
#15110 = ORIENTED_EDGE('',*,*,#15111,.T.);
#15111 = EDGE_CURVE('',#12873,#13888,#15112,.T.);
#15112 = LINE('',#15113,#15114);
#15113 = CARTESIAN_POINT('',(109.72,-110.36,-4.6E-02));
#15114 = VECTOR('',#15115,1.);
#15115 = DIRECTION('',(0.,0.,1.));
#15116 = ORIENTED_EDGE('',*,*,#13887,.F.);
#15117 = ORIENTED_EDGE('',*,*,#15111,.F.);
#15118 = CYLINDRICAL_SURFACE('',#15119,0.5);
#15119 = AXIS2_PLACEMENT_3D('',#15120,#15121,#15122);
#15120 = CARTESIAN_POINT('',(109.72,-109.86,-4.6E-02));
#15121 = DIRECTION('',(-0.,-0.,-1.));
#15122 = DIRECTION('',(-0.,-1.,0.));
#15123 = ADVANCED_FACE('',(#15124),#15135,.F.);
#15124 = FACE_BOUND('',#15125,.T.);
#15125 = EDGE_LOOP('',(#15126,#15127,#15133,#15134));
#15126 = ORIENTED_EDGE('',*,*,#12883,.T.);
#15127 = ORIENTED_EDGE('',*,*,#15128,.T.);
#15128 = EDGE_CURVE('',#12884,#13899,#15129,.T.);
#15129 = LINE('',#15130,#15131);
#15130 = CARTESIAN_POINT('',(112.26,-110.36,-4.6E-02));
#15131 = VECTOR('',#15132,1.);
#15132 = DIRECTION('',(0.,0.,1.));
#15133 = ORIENTED_EDGE('',*,*,#13898,.F.);
#15134 = ORIENTED_EDGE('',*,*,#15128,.F.);
#15135 = CYLINDRICAL_SURFACE('',#15136,0.5);
#15136 = AXIS2_PLACEMENT_3D('',#15137,#15138,#15139);
#15137 = CARTESIAN_POINT('',(112.26,-109.86,-4.6E-02));
#15138 = DIRECTION('',(-0.,-0.,-1.));
#15139 = DIRECTION('',(-0.,-1.,0.));
#15140 = ADVANCED_FACE('',(#15141),#15152,.F.);
#15141 = FACE_BOUND('',#15142,.T.);
#15142 = EDGE_LOOP('',(#15143,#15144,#15150,#15151));
#15143 = ORIENTED_EDGE('',*,*,#12894,.T.);
#15144 = ORIENTED_EDGE('',*,*,#15145,.T.);
#15145 = EDGE_CURVE('',#12895,#13910,#15146,.T.);
#15146 = LINE('',#15147,#15148);
#15147 = CARTESIAN_POINT('',(114.8,-110.36,-4.6E-02));
#15148 = VECTOR('',#15149,1.);
#15149 = DIRECTION('',(0.,0.,1.));
#15150 = ORIENTED_EDGE('',*,*,#13909,.F.);
#15151 = ORIENTED_EDGE('',*,*,#15145,.F.);
#15152 = CYLINDRICAL_SURFACE('',#15153,0.5);
#15153 = AXIS2_PLACEMENT_3D('',#15154,#15155,#15156);
#15154 = CARTESIAN_POINT('',(114.8,-109.86,-4.6E-02));
#15155 = DIRECTION('',(-0.,-0.,-1.));
#15156 = DIRECTION('',(-0.,-1.,0.));
#15157 = ADVANCED_FACE('',(#15158),#15169,.F.);
#15158 = FACE_BOUND('',#15159,.T.);
#15159 = EDGE_LOOP('',(#15160,#15161,#15167,#15168));
#15160 = ORIENTED_EDGE('',*,*,#12905,.T.);
#15161 = ORIENTED_EDGE('',*,*,#15162,.T.);
#15162 = EDGE_CURVE('',#12906,#13921,#15163,.T.);
#15163 = LINE('',#15164,#15165);
#15164 = CARTESIAN_POINT('',(117.34,-110.36,-4.6E-02));
#15165 = VECTOR('',#15166,1.);
#15166 = DIRECTION('',(0.,0.,1.));
#15167 = ORIENTED_EDGE('',*,*,#13920,.F.);
#15168 = ORIENTED_EDGE('',*,*,#15162,.F.);
#15169 = CYLINDRICAL_SURFACE('',#15170,0.5);
#15170 = AXIS2_PLACEMENT_3D('',#15171,#15172,#15173);
#15171 = CARTESIAN_POINT('',(117.34,-109.86,-4.6E-02));
#15172 = DIRECTION('',(-0.,-0.,-1.));
#15173 = DIRECTION('',(-0.,-1.,0.));
#15174 = ADVANCED_FACE('',(#15175),#15186,.F.);
#15175 = FACE_BOUND('',#15176,.T.);
#15176 = EDGE_LOOP('',(#15177,#15178,#15184,#15185));
#15177 = ORIENTED_EDGE('',*,*,#12916,.T.);
#15178 = ORIENTED_EDGE('',*,*,#15179,.T.);
#15179 = EDGE_CURVE('',#12917,#13932,#15180,.T.);
#15180 = LINE('',#15181,#15182);
#15181 = CARTESIAN_POINT('',(119.88,-110.36,-4.6E-02));
#15182 = VECTOR('',#15183,1.);
#15183 = DIRECTION('',(0.,0.,1.));
#15184 = ORIENTED_EDGE('',*,*,#13931,.F.);
#15185 = ORIENTED_EDGE('',*,*,#15179,.F.);
#15186 = CYLINDRICAL_SURFACE('',#15187,0.5);
#15187 = AXIS2_PLACEMENT_3D('',#15188,#15189,#15190);
#15188 = CARTESIAN_POINT('',(119.88,-109.86,-4.6E-02));
#15189 = DIRECTION('',(-0.,-0.,-1.));
#15190 = DIRECTION('',(-0.,-1.,0.));
#15191 = ADVANCED_FACE('',(#15192),#15203,.F.);
#15192 = FACE_BOUND('',#15193,.T.);
#15193 = EDGE_LOOP('',(#15194,#15195,#15201,#15202));
#15194 = ORIENTED_EDGE('',*,*,#12927,.T.);
#15195 = ORIENTED_EDGE('',*,*,#15196,.T.);
#15196 = EDGE_CURVE('',#12928,#13943,#15197,.T.);
#15197 = LINE('',#15198,#15199);
#15198 = CARTESIAN_POINT('',(141.5,-125.2,-4.6E-02));
#15199 = VECTOR('',#15200,1.);
#15200 = DIRECTION('',(0.,0.,1.));
#15201 = ORIENTED_EDGE('',*,*,#13942,.F.);
#15202 = ORIENTED_EDGE('',*,*,#15196,.F.);
#15203 = CYLINDRICAL_SURFACE('',#15204,0.5);
#15204 = AXIS2_PLACEMENT_3D('',#15205,#15206,#15207);
#15205 = CARTESIAN_POINT('',(141.5,-124.7,-4.6E-02));
#15206 = DIRECTION('',(-0.,-0.,-1.));
#15207 = DIRECTION('',(-0.,-1.,0.));
#15208 = ADVANCED_FACE('',(#15209),#15220,.F.);
#15209 = FACE_BOUND('',#15210,.T.);
#15210 = EDGE_LOOP('',(#15211,#15212,#15218,#15219));
#15211 = ORIENTED_EDGE('',*,*,#12938,.T.);
#15212 = ORIENTED_EDGE('',*,*,#15213,.T.);
#15213 = EDGE_CURVE('',#12939,#13954,#15214,.T.);
#15214 = LINE('',#15215,#15216);
#15215 = CARTESIAN_POINT('',(141.5,-122.66,-4.6E-02));
#15216 = VECTOR('',#15217,1.);
#15217 = DIRECTION('',(0.,0.,1.));
#15218 = ORIENTED_EDGE('',*,*,#13953,.F.);
#15219 = ORIENTED_EDGE('',*,*,#15213,.F.);
#15220 = CYLINDRICAL_SURFACE('',#15221,0.5);
#15221 = AXIS2_PLACEMENT_3D('',#15222,#15223,#15224);
#15222 = CARTESIAN_POINT('',(141.5,-122.16,-4.6E-02));
#15223 = DIRECTION('',(-0.,-0.,-1.));
#15224 = DIRECTION('',(-0.,-1.,0.));
#15225 = ADVANCED_FACE('',(#15226),#15237,.F.);
#15226 = FACE_BOUND('',#15227,.T.);
#15227 = EDGE_LOOP('',(#15228,#15229,#15235,#15236));
#15228 = ORIENTED_EDGE('',*,*,#12949,.T.);
#15229 = ORIENTED_EDGE('',*,*,#15230,.T.);
#15230 = EDGE_CURVE('',#12950,#13965,#15231,.T.);
#15231 = LINE('',#15232,#15233);
#15232 = CARTESIAN_POINT('',(141.5,-120.12,-4.6E-02));
#15233 = VECTOR('',#15234,1.);
#15234 = DIRECTION('',(0.,0.,1.));
#15235 = ORIENTED_EDGE('',*,*,#13964,.F.);
#15236 = ORIENTED_EDGE('',*,*,#15230,.F.);
#15237 = CYLINDRICAL_SURFACE('',#15238,0.5);
#15238 = AXIS2_PLACEMENT_3D('',#15239,#15240,#15241);
#15239 = CARTESIAN_POINT('',(141.5,-119.62,-4.6E-02));
#15240 = DIRECTION('',(-0.,-0.,-1.));
#15241 = DIRECTION('',(-0.,-1.,0.));
#15242 = ADVANCED_FACE('',(#15243),#15254,.F.);
#15243 = FACE_BOUND('',#15244,.T.);
#15244 = EDGE_LOOP('',(#15245,#15246,#15252,#15253));
#15245 = ORIENTED_EDGE('',*,*,#12960,.T.);
#15246 = ORIENTED_EDGE('',*,*,#15247,.T.);
#15247 = EDGE_CURVE('',#12961,#13976,#15248,.T.);
#15248 = LINE('',#15249,#15250);
#15249 = CARTESIAN_POINT('',(122.42,-110.36,-4.6E-02));
#15250 = VECTOR('',#15251,1.);
#15251 = DIRECTION('',(0.,0.,1.));
#15252 = ORIENTED_EDGE('',*,*,#13975,.F.);
#15253 = ORIENTED_EDGE('',*,*,#15247,.F.);
#15254 = CYLINDRICAL_SURFACE('',#15255,0.5);
#15255 = AXIS2_PLACEMENT_3D('',#15256,#15257,#15258);
#15256 = CARTESIAN_POINT('',(122.42,-109.86,-4.6E-02));
#15257 = DIRECTION('',(-0.,-0.,-1.));
#15258 = DIRECTION('',(-0.,-1.,0.));
#15259 = ADVANCED_FACE('',(#15260),#15271,.F.);
#15260 = FACE_BOUND('',#15261,.T.);
#15261 = EDGE_LOOP('',(#15262,#15263,#15269,#15270));
#15262 = ORIENTED_EDGE('',*,*,#12971,.T.);
#15263 = ORIENTED_EDGE('',*,*,#15264,.T.);
#15264 = EDGE_CURVE('',#12972,#13987,#15265,.T.);
#15265 = LINE('',#15266,#15267);
#15266 = CARTESIAN_POINT('',(124.96,-110.36,-4.6E-02));
#15267 = VECTOR('',#15268,1.);
#15268 = DIRECTION('',(0.,0.,1.));
#15269 = ORIENTED_EDGE('',*,*,#13986,.F.);
#15270 = ORIENTED_EDGE('',*,*,#15264,.F.);
#15271 = CYLINDRICAL_SURFACE('',#15272,0.5);
#15272 = AXIS2_PLACEMENT_3D('',#15273,#15274,#15275);
#15273 = CARTESIAN_POINT('',(124.96,-109.86,-4.6E-02));
#15274 = DIRECTION('',(-0.,-0.,-1.));
#15275 = DIRECTION('',(-0.,-1.,0.));
#15276 = ADVANCED_FACE('',(#15277),#15288,.F.);
#15277 = FACE_BOUND('',#15278,.T.);
#15278 = EDGE_LOOP('',(#15279,#15280,#15286,#15287));
#15279 = ORIENTED_EDGE('',*,*,#12982,.T.);
#15280 = ORIENTED_EDGE('',*,*,#15281,.T.);
#15281 = EDGE_CURVE('',#12983,#13998,#15282,.T.);
#15282 = LINE('',#15283,#15284);
#15283 = CARTESIAN_POINT('',(127.5,-110.36,-4.6E-02));
#15284 = VECTOR('',#15285,1.);
#15285 = DIRECTION('',(0.,0.,1.));
#15286 = ORIENTED_EDGE('',*,*,#13997,.F.);
#15287 = ORIENTED_EDGE('',*,*,#15281,.F.);
#15288 = CYLINDRICAL_SURFACE('',#15289,0.5);
#15289 = AXIS2_PLACEMENT_3D('',#15290,#15291,#15292);
#15290 = CARTESIAN_POINT('',(127.5,-109.86,-4.6E-02));
#15291 = DIRECTION('',(-0.,-0.,-1.));
#15292 = DIRECTION('',(-0.,-1.,0.));
#15293 = ADVANCED_FACE('',(#15294),#15305,.F.);
#15294 = FACE_BOUND('',#15295,.T.);
#15295 = EDGE_LOOP('',(#15296,#15297,#15303,#15304));
#15296 = ORIENTED_EDGE('',*,*,#12993,.T.);
#15297 = ORIENTED_EDGE('',*,*,#15298,.T.);
#15298 = EDGE_CURVE('',#12994,#14009,#15299,.T.);
#15299 = LINE('',#15300,#15301);
#15300 = CARTESIAN_POINT('',(141.5,-117.58,-4.6E-02));
#15301 = VECTOR('',#15302,1.);
#15302 = DIRECTION('',(0.,0.,1.));
#15303 = ORIENTED_EDGE('',*,*,#14008,.F.);
#15304 = ORIENTED_EDGE('',*,*,#15298,.F.);
#15305 = CYLINDRICAL_SURFACE('',#15306,0.5);
#15306 = AXIS2_PLACEMENT_3D('',#15307,#15308,#15309);
#15307 = CARTESIAN_POINT('',(141.5,-117.08,-4.6E-02));
#15308 = DIRECTION('',(-0.,-0.,-1.));
#15309 = DIRECTION('',(-0.,-1.,0.));
#15310 = ADVANCED_FACE('',(#15311),#15322,.F.);
#15311 = FACE_BOUND('',#15312,.T.);
#15312 = EDGE_LOOP('',(#15313,#15314,#15320,#15321));
#15313 = ORIENTED_EDGE('',*,*,#13004,.T.);
#15314 = ORIENTED_EDGE('',*,*,#15315,.T.);
#15315 = EDGE_CURVE('',#13005,#14020,#15316,.T.);
#15316 = LINE('',#15317,#15318);
#15317 = CARTESIAN_POINT('',(141.5,-115.04,-4.6E-02));
#15318 = VECTOR('',#15319,1.);
#15319 = DIRECTION('',(0.,0.,1.));
#15320 = ORIENTED_EDGE('',*,*,#14019,.F.);
#15321 = ORIENTED_EDGE('',*,*,#15315,.F.);
#15322 = CYLINDRICAL_SURFACE('',#15323,0.5);
#15323 = AXIS2_PLACEMENT_3D('',#15324,#15325,#15326);
#15324 = CARTESIAN_POINT('',(141.5,-114.54,-4.6E-02));
#15325 = DIRECTION('',(-0.,-0.,-1.));
#15326 = DIRECTION('',(-0.,-1.,0.));
#15327 = ADVANCED_FACE('',(#15328),#15339,.F.);
#15328 = FACE_BOUND('',#15329,.T.);
#15329 = EDGE_LOOP('',(#15330,#15331,#15337,#15338));
#15330 = ORIENTED_EDGE('',*,*,#13015,.T.);
#15331 = ORIENTED_EDGE('',*,*,#15332,.T.);
#15332 = EDGE_CURVE('',#13016,#14031,#15333,.T.);
#15333 = LINE('',#15334,#15335);
#15334 = CARTESIAN_POINT('',(141.5,-112.5,-4.6E-02));
#15335 = VECTOR('',#15336,1.);
#15336 = DIRECTION('',(0.,0.,1.));
#15337 = ORIENTED_EDGE('',*,*,#14030,.F.);
#15338 = ORIENTED_EDGE('',*,*,#15332,.F.);
#15339 = CYLINDRICAL_SURFACE('',#15340,0.5);
#15340 = AXIS2_PLACEMENT_3D('',#15341,#15342,#15343);
#15341 = CARTESIAN_POINT('',(141.5,-112.,-4.6E-02));
#15342 = DIRECTION('',(-0.,-0.,-1.));
#15343 = DIRECTION('',(-0.,-1.,0.));
#15344 = ADVANCED_FACE('',(#15345),#15356,.F.);
#15345 = FACE_BOUND('',#15346,.T.);
#15346 = EDGE_LOOP('',(#15347,#15348,#15354,#15355));
#15347 = ORIENTED_EDGE('',*,*,#13026,.T.);
#15348 = ORIENTED_EDGE('',*,*,#15349,.T.);
#15349 = EDGE_CURVE('',#13027,#14042,#15350,.T.);
#15350 = LINE('',#15351,#15352);
#15351 = CARTESIAN_POINT('',(138.5,-107.06,-4.6E-02));
#15352 = VECTOR('',#15353,1.);
#15353 = DIRECTION('',(0.,0.,1.));
#15354 = ORIENTED_EDGE('',*,*,#14041,.F.);
#15355 = ORIENTED_EDGE('',*,*,#15349,.F.);
#15356 = CYLINDRICAL_SURFACE('',#15357,0.4);
#15357 = AXIS2_PLACEMENT_3D('',#15358,#15359,#15360);
#15358 = CARTESIAN_POINT('',(138.5,-106.66,-4.6E-02));
#15359 = DIRECTION('',(-0.,-0.,-1.));
#15360 = DIRECTION('',(-0.,-1.,0.));
#15361 = ADVANCED_FACE('',(#15362),#15373,.F.);
#15362 = FACE_BOUND('',#15363,.T.);
#15363 = EDGE_LOOP('',(#15364,#15365,#15371,#15372));
#15364 = ORIENTED_EDGE('',*,*,#13037,.T.);
#15365 = ORIENTED_EDGE('',*,*,#15366,.T.);
#15366 = EDGE_CURVE('',#13038,#14053,#15367,.T.);
#15367 = LINE('',#15368,#15369);
#15368 = CARTESIAN_POINT('',(138.5,-96.9,-4.6E-02));
#15369 = VECTOR('',#15370,1.);
#15370 = DIRECTION('',(0.,0.,1.));
#15371 = ORIENTED_EDGE('',*,*,#14052,.F.);
#15372 = ORIENTED_EDGE('',*,*,#15366,.F.);
#15373 = CYLINDRICAL_SURFACE('',#15374,0.4);
#15374 = AXIS2_PLACEMENT_3D('',#15375,#15376,#15377);
#15375 = CARTESIAN_POINT('',(138.5,-96.5,-4.6E-02));
#15376 = DIRECTION('',(-0.,-0.,-1.));
#15377 = DIRECTION('',(-0.,-1.,0.));
#15378 = ADVANCED_FACE('',(#15379),#15390,.F.);
#15379 = FACE_BOUND('',#15380,.T.);
#15380 = EDGE_LOOP('',(#15381,#15382,#15388,#15389));
#15381 = ORIENTED_EDGE('',*,*,#13048,.T.);
#15382 = ORIENTED_EDGE('',*,*,#15383,.T.);
#15383 = EDGE_CURVE('',#13049,#14064,#15384,.T.);
#15384 = LINE('',#15385,#15386);
#15385 = CARTESIAN_POINT('',(142.5,-91.99,-4.6E-02));
#15386 = VECTOR('',#15387,1.);
#15387 = DIRECTION('',(0.,0.,1.));
#15388 = ORIENTED_EDGE('',*,*,#14063,.F.);
#15389 = ORIENTED_EDGE('',*,*,#15383,.F.);
#15390 = CYLINDRICAL_SURFACE('',#15391,0.45);
#15391 = AXIS2_PLACEMENT_3D('',#15392,#15393,#15394);
#15392 = CARTESIAN_POINT('',(142.5,-91.54,-4.6E-02));
#15393 = DIRECTION('',(-0.,-0.,-1.));
#15394 = DIRECTION('',(-0.,-1.,0.));
#15395 = ADVANCED_FACE('',(#15396),#15407,.F.);
#15396 = FACE_BOUND('',#15397,.T.);
#15397 = EDGE_LOOP('',(#15398,#15399,#15405,#15406));
#15398 = ORIENTED_EDGE('',*,*,#13059,.T.);
#15399 = ORIENTED_EDGE('',*,*,#15400,.T.);
#15400 = EDGE_CURVE('',#13060,#14075,#15401,.T.);
#15401 = LINE('',#15402,#15403);
#15402 = CARTESIAN_POINT('',(83.5,-88.4,-4.6E-02));
#15403 = VECTOR('',#15404,1.);
#15404 = DIRECTION('',(0.,0.,1.));
#15405 = ORIENTED_EDGE('',*,*,#14074,.F.);
#15406 = ORIENTED_EDGE('',*,*,#15400,.F.);
#15407 = CYLINDRICAL_SURFACE('',#15408,0.4);
#15408 = AXIS2_PLACEMENT_3D('',#15409,#15410,#15411);
#15409 = CARTESIAN_POINT('',(83.5,-88.,-4.6E-02));
#15410 = DIRECTION('',(-0.,-0.,-1.));
#15411 = DIRECTION('',(-0.,-1.,0.));
#15412 = ADVANCED_FACE('',(#15413),#15424,.F.);
#15413 = FACE_BOUND('',#15414,.T.);
#15414 = EDGE_LOOP('',(#15415,#15416,#15422,#15423));
#15415 = ORIENTED_EDGE('',*,*,#13070,.T.);
#15416 = ORIENTED_EDGE('',*,*,#15417,.T.);
#15417 = EDGE_CURVE('',#13071,#14086,#15418,.T.);
#15418 = LINE('',#15419,#15420);
#15419 = CARTESIAN_POINT('',(91.94,-84.96,-4.6E-02));
#15420 = VECTOR('',#15421,1.);
#15421 = DIRECTION('',(0.,0.,1.));
#15422 = ORIENTED_EDGE('',*,*,#14085,.F.);
#15423 = ORIENTED_EDGE('',*,*,#15417,.F.);
#15424 = CYLINDRICAL_SURFACE('',#15425,0.5);
#15425 = AXIS2_PLACEMENT_3D('',#15426,#15427,#15428);
#15426 = CARTESIAN_POINT('',(91.94,-84.46,-4.6E-02));
#15427 = DIRECTION('',(-0.,-0.,-1.));
#15428 = DIRECTION('',(-0.,-1.,0.));
#15429 = ADVANCED_FACE('',(#15430),#15441,.F.);
#15430 = FACE_BOUND('',#15431,.T.);
#15431 = EDGE_LOOP('',(#15432,#15433,#15439,#15440));
#15432 = ORIENTED_EDGE('',*,*,#13081,.T.);
#15433 = ORIENTED_EDGE('',*,*,#15434,.T.);
#15434 = EDGE_CURVE('',#13082,#14097,#15435,.T.);
#15435 = LINE('',#15436,#15437);
#15436 = CARTESIAN_POINT('',(94.48,-84.96,-4.6E-02));
#15437 = VECTOR('',#15438,1.);
#15438 = DIRECTION('',(0.,0.,1.));
#15439 = ORIENTED_EDGE('',*,*,#14096,.F.);
#15440 = ORIENTED_EDGE('',*,*,#15434,.F.);
#15441 = CYLINDRICAL_SURFACE('',#15442,0.5);
#15442 = AXIS2_PLACEMENT_3D('',#15443,#15444,#15445);
#15443 = CARTESIAN_POINT('',(94.48,-84.46,-4.6E-02));
#15444 = DIRECTION('',(-0.,-0.,-1.));
#15445 = DIRECTION('',(-0.,-1.,0.));
#15446 = ADVANCED_FACE('',(#15447),#15458,.F.);
#15447 = FACE_BOUND('',#15448,.T.);
#15448 = EDGE_LOOP('',(#15449,#15450,#15456,#15457));
#15449 = ORIENTED_EDGE('',*,*,#13092,.T.);
#15450 = ORIENTED_EDGE('',*,*,#15451,.T.);
#15451 = EDGE_CURVE('',#13093,#14108,#15452,.T.);
#15452 = LINE('',#15453,#15454);
#15453 = CARTESIAN_POINT('',(97.02,-84.96,-4.6E-02));
#15454 = VECTOR('',#15455,1.);
#15455 = DIRECTION('',(0.,0.,1.));
#15456 = ORIENTED_EDGE('',*,*,#14107,.F.);
#15457 = ORIENTED_EDGE('',*,*,#15451,.F.);
#15458 = CYLINDRICAL_SURFACE('',#15459,0.5);
#15459 = AXIS2_PLACEMENT_3D('',#15460,#15461,#15462);
#15460 = CARTESIAN_POINT('',(97.02,-84.46,-4.6E-02));
#15461 = DIRECTION('',(-0.,-0.,-1.));
#15462 = DIRECTION('',(-0.,-1.,0.));
#15463 = ADVANCED_FACE('',(#15464),#15475,.F.);
#15464 = FACE_BOUND('',#15465,.T.);
#15465 = EDGE_LOOP('',(#15466,#15467,#15473,#15474));
#15466 = ORIENTED_EDGE('',*,*,#13103,.T.);
#15467 = ORIENTED_EDGE('',*,*,#15468,.T.);
#15468 = EDGE_CURVE('',#13104,#14119,#15469,.T.);
#15469 = LINE('',#15470,#15471);
#15470 = CARTESIAN_POINT('',(78.,-78.5,-4.6E-02));
#15471 = VECTOR('',#15472,1.);
#15472 = DIRECTION('',(0.,0.,1.));
#15473 = ORIENTED_EDGE('',*,*,#14118,.F.);
#15474 = ORIENTED_EDGE('',*,*,#15468,.F.);
#15475 = CYLINDRICAL_SURFACE('',#15476,0.5);
#15476 = AXIS2_PLACEMENT_3D('',#15477,#15478,#15479);
#15477 = CARTESIAN_POINT('',(78.,-78.,-4.6E-02));
#15478 = DIRECTION('',(-0.,-0.,-1.));
#15479 = DIRECTION('',(-0.,-1.,0.));
#15480 = ADVANCED_FACE('',(#15481),#15492,.F.);
#15481 = FACE_BOUND('',#15482,.T.);
#15482 = EDGE_LOOP('',(#15483,#15484,#15490,#15491));
#15483 = ORIENTED_EDGE('',*,*,#13114,.T.);
#15484 = ORIENTED_EDGE('',*,*,#15485,.T.);
#15485 = EDGE_CURVE('',#13115,#14130,#15486,.T.);
#15486 = LINE('',#15487,#15488);
#15487 = CARTESIAN_POINT('',(78.,-75.96,-4.6E-02));
#15488 = VECTOR('',#15489,1.);
#15489 = DIRECTION('',(0.,0.,1.));
#15490 = ORIENTED_EDGE('',*,*,#14129,.F.);
#15491 = ORIENTED_EDGE('',*,*,#15485,.F.);
#15492 = CYLINDRICAL_SURFACE('',#15493,0.5);
#15493 = AXIS2_PLACEMENT_3D('',#15494,#15495,#15496);
#15494 = CARTESIAN_POINT('',(78.,-75.46,-4.6E-02));
#15495 = DIRECTION('',(-0.,-0.,-1.));
#15496 = DIRECTION('',(-0.,-1.,0.));
#15497 = ADVANCED_FACE('',(#15498),#15509,.F.);
#15498 = FACE_BOUND('',#15499,.T.);
#15499 = EDGE_LOOP('',(#15500,#15501,#15507,#15508));
#15500 = ORIENTED_EDGE('',*,*,#13125,.T.);
#15501 = ORIENTED_EDGE('',*,*,#15502,.T.);
#15502 = EDGE_CURVE('',#13126,#14141,#15503,.T.);
#15503 = LINE('',#15504,#15505);
#15504 = CARTESIAN_POINT('',(89.,-75.9,-4.6E-02));
#15505 = VECTOR('',#15506,1.);
#15506 = DIRECTION('',(0.,0.,1.));
#15507 = ORIENTED_EDGE('',*,*,#14140,.F.);
#15508 = ORIENTED_EDGE('',*,*,#15502,.F.);
#15509 = CYLINDRICAL_SURFACE('',#15510,0.4);
#15510 = AXIS2_PLACEMENT_3D('',#15511,#15512,#15513);
#15511 = CARTESIAN_POINT('',(89.,-75.5,-4.6E-02));
#15512 = DIRECTION('',(-0.,-0.,-1.));
#15513 = DIRECTION('',(-0.,-1.,0.));
#15514 = ADVANCED_FACE('',(#15515),#15526,.F.);
#15515 = FACE_BOUND('',#15516,.T.);
#15516 = EDGE_LOOP('',(#15517,#15518,#15524,#15525));
#15517 = ORIENTED_EDGE('',*,*,#13136,.T.);
#15518 = ORIENTED_EDGE('',*,*,#15519,.T.);
#15519 = EDGE_CURVE('',#13137,#14152,#15520,.T.);
#15520 = LINE('',#15521,#15522);
#15521 = CARTESIAN_POINT('',(89.,-72.4,-4.6E-02));
#15522 = VECTOR('',#15523,1.);
#15523 = DIRECTION('',(0.,0.,1.));
#15524 = ORIENTED_EDGE('',*,*,#14151,.F.);
#15525 = ORIENTED_EDGE('',*,*,#15519,.F.);
#15526 = CYLINDRICAL_SURFACE('',#15527,0.4);
#15527 = AXIS2_PLACEMENT_3D('',#15528,#15529,#15530);
#15528 = CARTESIAN_POINT('',(89.,-72.,-4.6E-02));
#15529 = DIRECTION('',(-0.,-0.,-1.));
#15530 = DIRECTION('',(-0.,-1.,0.));
#15531 = ADVANCED_FACE('',(#15532),#15543,.F.);
#15532 = FACE_BOUND('',#15533,.T.);
#15533 = EDGE_LOOP('',(#15534,#15535,#15541,#15542));
#15534 = ORIENTED_EDGE('',*,*,#13147,.T.);
#15535 = ORIENTED_EDGE('',*,*,#15536,.T.);
#15536 = EDGE_CURVE('',#13148,#14163,#15537,.T.);
#15537 = LINE('',#15538,#15539);
#15538 = CARTESIAN_POINT('',(52.5,-53.25,-4.6E-02));
#15539 = VECTOR('',#15540,1.);
#15540 = DIRECTION('',(0.,0.,1.));
#15541 = ORIENTED_EDGE('',*,*,#14162,.F.);
#15542 = ORIENTED_EDGE('',*,*,#15536,.F.);
#15543 = CYLINDRICAL_SURFACE('',#15544,0.75);
#15544 = AXIS2_PLACEMENT_3D('',#15545,#15546,#15547);
#15545 = CARTESIAN_POINT('',(52.5,-52.5,-4.6E-02));
#15546 = DIRECTION('',(-0.,-0.,-1.));
#15547 = DIRECTION('',(-0.,-1.,0.));
#15548 = ADVANCED_FACE('',(#15549),#15560,.F.);
#15549 = FACE_BOUND('',#15550,.T.);
#15550 = EDGE_LOOP('',(#15551,#15552,#15558,#15559));
#15551 = ORIENTED_EDGE('',*,*,#13158,.T.);
#15552 = ORIENTED_EDGE('',*,*,#15553,.T.);
#15553 = EDGE_CURVE('',#13159,#14174,#15554,.T.);
#15554 = LINE('',#15555,#15556);
#15555 = CARTESIAN_POINT('',(69.65,-53.25,-4.6E-02));
#15556 = VECTOR('',#15557,1.);
#15557 = DIRECTION('',(0.,0.,1.));
#15558 = ORIENTED_EDGE('',*,*,#14173,.F.);
#15559 = ORIENTED_EDGE('',*,*,#15553,.F.);
#15560 = CYLINDRICAL_SURFACE('',#15561,0.75);
#15561 = AXIS2_PLACEMENT_3D('',#15562,#15563,#15564);
#15562 = CARTESIAN_POINT('',(69.65,-52.5,-4.6E-02));
#15563 = DIRECTION('',(-0.,-0.,-1.));
#15564 = DIRECTION('',(-0.,-1.,0.));
#15565 = ADVANCED_FACE('',(#15566),#15577,.F.);
#15566 = FACE_BOUND('',#15567,.T.);
#15567 = EDGE_LOOP('',(#15568,#15569,#15575,#15576));
#15568 = ORIENTED_EDGE('',*,*,#13169,.T.);
#15569 = ORIENTED_EDGE('',*,*,#15570,.T.);
#15570 = EDGE_CURVE('',#13170,#14185,#15571,.T.);
#15571 = LINE('',#15572,#15573);
#15572 = CARTESIAN_POINT('',(77.25,-63.9,-4.6E-02));
#15573 = VECTOR('',#15574,1.);
#15574 = DIRECTION('',(0.,0.,1.));
#15575 = ORIENTED_EDGE('',*,*,#14184,.F.);
#15576 = ORIENTED_EDGE('',*,*,#15570,.F.);
#15577 = CYLINDRICAL_SURFACE('',#15578,0.6);
#15578 = AXIS2_PLACEMENT_3D('',#15579,#15580,#15581);
#15579 = CARTESIAN_POINT('',(77.25,-63.3,-4.6E-02));
#15580 = DIRECTION('',(-0.,-0.,-1.));
#15581 = DIRECTION('',(-0.,-1.,0.));
#15582 = ADVANCED_FACE('',(#15583),#15594,.F.);
#15583 = FACE_BOUND('',#15584,.T.);
#15584 = EDGE_LOOP('',(#15585,#15586,#15592,#15593));
#15585 = ORIENTED_EDGE('',*,*,#13180,.T.);
#15586 = ORIENTED_EDGE('',*,*,#15587,.T.);
#15587 = EDGE_CURVE('',#13181,#14196,#15588,.T.);
#15588 = LINE('',#15589,#15590);
#15589 = CARTESIAN_POINT('',(77.25,-56.3,-4.6E-02));
#15590 = VECTOR('',#15591,1.);
#15591 = DIRECTION('',(0.,0.,1.));
#15592 = ORIENTED_EDGE('',*,*,#14195,.F.);
#15593 = ORIENTED_EDGE('',*,*,#15587,.F.);
#15594 = CYLINDRICAL_SURFACE('',#15595,0.6);
#15595 = AXIS2_PLACEMENT_3D('',#15596,#15597,#15598);
#15596 = CARTESIAN_POINT('',(77.25,-55.7,-4.6E-02));
#15597 = DIRECTION('',(-0.,-0.,-1.));
#15598 = DIRECTION('',(-0.,-1.,0.));
#15599 = ADVANCED_FACE('',(#15600),#15611,.F.);
#15600 = FACE_BOUND('',#15601,.T.);
#15601 = EDGE_LOOP('',(#15602,#15603,#15609,#15610));
#15602 = ORIENTED_EDGE('',*,*,#13191,.T.);
#15603 = ORIENTED_EDGE('',*,*,#15604,.T.);
#15604 = EDGE_CURVE('',#13192,#14207,#15605,.T.);
#15605 = LINE('',#15606,#15607);
#15606 = CARTESIAN_POINT('',(99.56,-84.96,-4.6E-02));
#15607 = VECTOR('',#15608,1.);
#15608 = DIRECTION('',(0.,0.,1.));
#15609 = ORIENTED_EDGE('',*,*,#14206,.F.);
#15610 = ORIENTED_EDGE('',*,*,#15604,.F.);
#15611 = CYLINDRICAL_SURFACE('',#15612,0.5);
#15612 = AXIS2_PLACEMENT_3D('',#15613,#15614,#15615);
#15613 = CARTESIAN_POINT('',(99.56,-84.46,-4.6E-02));
#15614 = DIRECTION('',(-0.,-0.,-1.));
#15615 = DIRECTION('',(-0.,-1.,0.));
#15616 = ADVANCED_FACE('',(#15617),#15628,.F.);
#15617 = FACE_BOUND('',#15618,.T.);
#15618 = EDGE_LOOP('',(#15619,#15620,#15626,#15627));
#15619 = ORIENTED_EDGE('',*,*,#13202,.T.);
#15620 = ORIENTED_EDGE('',*,*,#15621,.T.);
#15621 = EDGE_CURVE('',#13203,#14218,#15622,.T.);
#15622 = LINE('',#15623,#15624);
#15623 = CARTESIAN_POINT('',(102.1,-84.96,-4.6E-02));
#15624 = VECTOR('',#15625,1.);
#15625 = DIRECTION('',(0.,0.,1.));
#15626 = ORIENTED_EDGE('',*,*,#14217,.F.);
#15627 = ORIENTED_EDGE('',*,*,#15621,.F.);
#15628 = CYLINDRICAL_SURFACE('',#15629,0.5);
#15629 = AXIS2_PLACEMENT_3D('',#15630,#15631,#15632);
#15630 = CARTESIAN_POINT('',(102.1,-84.46,-4.6E-02));
#15631 = DIRECTION('',(-0.,-0.,-1.));
#15632 = DIRECTION('',(-0.,-1.,0.));
#15633 = ADVANCED_FACE('',(#15634),#15645,.F.);
#15634 = FACE_BOUND('',#15635,.T.);
#15635 = EDGE_LOOP('',(#15636,#15637,#15643,#15644));
#15636 = ORIENTED_EDGE('',*,*,#13213,.T.);
#15637 = ORIENTED_EDGE('',*,*,#15638,.T.);
#15638 = EDGE_CURVE('',#13214,#14229,#15639,.T.);
#15639 = LINE('',#15640,#15641);
#15640 = CARTESIAN_POINT('',(104.64,-84.96,-4.6E-02));
#15641 = VECTOR('',#15642,1.);
#15642 = DIRECTION('',(0.,0.,1.));
#15643 = ORIENTED_EDGE('',*,*,#14228,.F.);
#15644 = ORIENTED_EDGE('',*,*,#15638,.F.);
#15645 = CYLINDRICAL_SURFACE('',#15646,0.5);
#15646 = AXIS2_PLACEMENT_3D('',#15647,#15648,#15649);
#15647 = CARTESIAN_POINT('',(104.64,-84.46,-4.6E-02));
#15648 = DIRECTION('',(-0.,-0.,-1.));
#15649 = DIRECTION('',(-0.,-1.,0.));
#15650 = ADVANCED_FACE('',(#15651),#15662,.F.);
#15651 = FACE_BOUND('',#15652,.T.);
#15652 = EDGE_LOOP('',(#15653,#15654,#15660,#15661));
#15653 = ORIENTED_EDGE('',*,*,#13224,.T.);
#15654 = ORIENTED_EDGE('',*,*,#15655,.T.);
#15655 = EDGE_CURVE('',#13225,#14240,#15656,.T.);
#15656 = LINE('',#15657,#15658);
#15657 = CARTESIAN_POINT('',(107.18,-84.96,-4.6E-02));
#15658 = VECTOR('',#15659,1.);
#15659 = DIRECTION('',(0.,0.,1.));
#15660 = ORIENTED_EDGE('',*,*,#14239,.F.);
#15661 = ORIENTED_EDGE('',*,*,#15655,.F.);
#15662 = CYLINDRICAL_SURFACE('',#15663,0.5);
#15663 = AXIS2_PLACEMENT_3D('',#15664,#15665,#15666);
#15664 = CARTESIAN_POINT('',(107.18,-84.46,-4.6E-02));
#15665 = DIRECTION('',(-0.,-0.,-1.));
#15666 = DIRECTION('',(-0.,-1.,0.));
#15667 = ADVANCED_FACE('',(#15668),#15679,.F.);
#15668 = FACE_BOUND('',#15669,.T.);
#15669 = EDGE_LOOP('',(#15670,#15671,#15677,#15678));
#15670 = ORIENTED_EDGE('',*,*,#13235,.T.);
#15671 = ORIENTED_EDGE('',*,*,#15672,.T.);
#15672 = EDGE_CURVE('',#13236,#14251,#15673,.T.);
#15673 = LINE('',#15674,#15675);
#15674 = CARTESIAN_POINT('',(109.72,-84.96,-4.6E-02));
#15675 = VECTOR('',#15676,1.);
#15676 = DIRECTION('',(0.,0.,1.));
#15677 = ORIENTED_EDGE('',*,*,#14250,.F.);
#15678 = ORIENTED_EDGE('',*,*,#15672,.F.);
#15679 = CYLINDRICAL_SURFACE('',#15680,0.5);
#15680 = AXIS2_PLACEMENT_3D('',#15681,#15682,#15683);
#15681 = CARTESIAN_POINT('',(109.72,-84.46,-4.6E-02));
#15682 = DIRECTION('',(-0.,-0.,-1.));
#15683 = DIRECTION('',(-0.,-1.,0.));
#15684 = ADVANCED_FACE('',(#15685),#15696,.F.);
#15685 = FACE_BOUND('',#15686,.T.);
#15686 = EDGE_LOOP('',(#15687,#15688,#15694,#15695));
#15687 = ORIENTED_EDGE('',*,*,#13246,.T.);
#15688 = ORIENTED_EDGE('',*,*,#15689,.T.);
#15689 = EDGE_CURVE('',#13247,#14262,#15690,.T.);
#15690 = LINE('',#15691,#15692);
#15691 = CARTESIAN_POINT('',(112.26,-84.96,-4.6E-02));
#15692 = VECTOR('',#15693,1.);
#15693 = DIRECTION('',(0.,0.,1.));
#15694 = ORIENTED_EDGE('',*,*,#14261,.F.);
#15695 = ORIENTED_EDGE('',*,*,#15689,.F.);
#15696 = CYLINDRICAL_SURFACE('',#15697,0.5);
#15697 = AXIS2_PLACEMENT_3D('',#15698,#15699,#15700);
#15698 = CARTESIAN_POINT('',(112.26,-84.46,-4.6E-02));
#15699 = DIRECTION('',(-0.,-0.,-1.));
#15700 = DIRECTION('',(-0.,-1.,0.));
#15701 = ADVANCED_FACE('',(#15702),#15713,.F.);
#15702 = FACE_BOUND('',#15703,.T.);
#15703 = EDGE_LOOP('',(#15704,#15705,#15711,#15712));
#15704 = ORIENTED_EDGE('',*,*,#13257,.T.);
#15705 = ORIENTED_EDGE('',*,*,#15706,.T.);
#15706 = EDGE_CURVE('',#13258,#14273,#15707,.T.);
#15707 = LINE('',#15708,#15709);
#15708 = CARTESIAN_POINT('',(114.8,-84.96,-4.6E-02));
#15709 = VECTOR('',#15710,1.);
#15710 = DIRECTION('',(0.,0.,1.));
#15711 = ORIENTED_EDGE('',*,*,#14272,.F.);
#15712 = ORIENTED_EDGE('',*,*,#15706,.F.);
#15713 = CYLINDRICAL_SURFACE('',#15714,0.5);
#15714 = AXIS2_PLACEMENT_3D('',#15715,#15716,#15717);
#15715 = CARTESIAN_POINT('',(114.8,-84.46,-4.6E-02));
#15716 = DIRECTION('',(-0.,-0.,-1.));
#15717 = DIRECTION('',(-0.,-1.,0.));
#15718 = ADVANCED_FACE('',(#15719),#15730,.F.);
#15719 = FACE_BOUND('',#15720,.T.);
#15720 = EDGE_LOOP('',(#15721,#15722,#15728,#15729));
#15721 = ORIENTED_EDGE('',*,*,#13268,.T.);
#15722 = ORIENTED_EDGE('',*,*,#15723,.T.);
#15723 = EDGE_CURVE('',#13269,#14284,#15724,.T.);
#15724 = LINE('',#15725,#15726);
#15725 = CARTESIAN_POINT('',(117.34,-84.96,-4.6E-02));
#15726 = VECTOR('',#15727,1.);
#15727 = DIRECTION('',(0.,0.,1.));
#15728 = ORIENTED_EDGE('',*,*,#14283,.F.);
#15729 = ORIENTED_EDGE('',*,*,#15723,.F.);
#15730 = CYLINDRICAL_SURFACE('',#15731,0.5);
#15731 = AXIS2_PLACEMENT_3D('',#15732,#15733,#15734);
#15732 = CARTESIAN_POINT('',(117.34,-84.46,-4.6E-02));
#15733 = DIRECTION('',(-0.,-0.,-1.));
#15734 = DIRECTION('',(-0.,-1.,0.));
#15735 = ADVANCED_FACE('',(#15736),#15747,.F.);
#15736 = FACE_BOUND('',#15737,.T.);
#15737 = EDGE_LOOP('',(#15738,#15739,#15745,#15746));
#15738 = ORIENTED_EDGE('',*,*,#13279,.T.);
#15739 = ORIENTED_EDGE('',*,*,#15740,.T.);
#15740 = EDGE_CURVE('',#13280,#14295,#15741,.T.);
#15741 = LINE('',#15742,#15743);
#15742 = CARTESIAN_POINT('',(119.88,-84.96,-4.6E-02));
#15743 = VECTOR('',#15744,1.);
#15744 = DIRECTION('',(0.,0.,1.));
#15745 = ORIENTED_EDGE('',*,*,#14294,.F.);
#15746 = ORIENTED_EDGE('',*,*,#15740,.F.);
#15747 = CYLINDRICAL_SURFACE('',#15748,0.5);
#15748 = AXIS2_PLACEMENT_3D('',#15749,#15750,#15751);
#15749 = CARTESIAN_POINT('',(119.88,-84.46,-4.6E-02));
#15750 = DIRECTION('',(-0.,-0.,-1.));
#15751 = DIRECTION('',(-0.,-1.,0.));
#15752 = ADVANCED_FACE('',(#15753),#15764,.F.);
#15753 = FACE_BOUND('',#15754,.T.);
#15754 = EDGE_LOOP('',(#15755,#15756,#15762,#15763));
#15755 = ORIENTED_EDGE('',*,*,#13290,.T.);
#15756 = ORIENTED_EDGE('',*,*,#15757,.T.);
#15757 = EDGE_CURVE('',#13291,#14306,#15758,.T.);
#15758 = LINE('',#15759,#15760);
#15759 = CARTESIAN_POINT('',(110.,-76.9,-4.6E-02));
#15760 = VECTOR('',#15761,1.);
#15761 = DIRECTION('',(0.,0.,1.));
#15762 = ORIENTED_EDGE('',*,*,#14305,.F.);
#15763 = ORIENTED_EDGE('',*,*,#15757,.F.);
#15764 = CYLINDRICAL_SURFACE('',#15765,0.4);
#15765 = AXIS2_PLACEMENT_3D('',#15766,#15767,#15768);
#15766 = CARTESIAN_POINT('',(110.,-76.5,-4.6E-02));
#15767 = DIRECTION('',(-0.,-0.,-1.));
#15768 = DIRECTION('',(-0.,-1.,0.));
#15769 = ADVANCED_FACE('',(#15770),#15781,.F.);
#15770 = FACE_BOUND('',#15771,.T.);
#15771 = EDGE_LOOP('',(#15772,#15773,#15779,#15780));
#15772 = ORIENTED_EDGE('',*,*,#13301,.T.);
#15773 = ORIENTED_EDGE('',*,*,#15774,.T.);
#15774 = EDGE_CURVE('',#13302,#14317,#15775,.T.);
#15775 = LINE('',#15776,#15777);
#15776 = CARTESIAN_POINT('',(115.5,-77.31,-4.6E-02));
#15777 = VECTOR('',#15778,1.);
#15778 = DIRECTION('',(0.,0.,1.));
#15779 = ORIENTED_EDGE('',*,*,#14316,.F.);
#15780 = ORIENTED_EDGE('',*,*,#15774,.F.);
#15781 = CYLINDRICAL_SURFACE('',#15782,0.5);
#15782 = AXIS2_PLACEMENT_3D('',#15783,#15784,#15785);
#15783 = CARTESIAN_POINT('',(115.5,-76.81,-4.6E-02));
#15784 = DIRECTION('',(-0.,-0.,-1.));
#15785 = DIRECTION('',(-0.,-1.,0.));
#15786 = ADVANCED_FACE('',(#15787),#15798,.F.);
#15787 = FACE_BOUND('',#15788,.T.);
#15788 = EDGE_LOOP('',(#15789,#15790,#15796,#15797));
#15789 = ORIENTED_EDGE('',*,*,#13312,.T.);
#15790 = ORIENTED_EDGE('',*,*,#15791,.T.);
#15791 = EDGE_CURVE('',#13313,#14328,#15792,.T.);
#15792 = LINE('',#15793,#15794);
#15793 = CARTESIAN_POINT('',(110.,-71.9,-4.6E-02));
#15794 = VECTOR('',#15795,1.);
#15795 = DIRECTION('',(0.,0.,1.));
#15796 = ORIENTED_EDGE('',*,*,#14327,.F.);
#15797 = ORIENTED_EDGE('',*,*,#15791,.F.);
#15798 = CYLINDRICAL_SURFACE('',#15799,0.4);
#15799 = AXIS2_PLACEMENT_3D('',#15800,#15801,#15802);
#15800 = CARTESIAN_POINT('',(110.,-71.5,-4.6E-02));
#15801 = DIRECTION('',(-0.,-0.,-1.));
#15802 = DIRECTION('',(-0.,-1.,0.));
#15803 = ADVANCED_FACE('',(#15804),#15815,.F.);
#15804 = FACE_BOUND('',#15805,.T.);
#15805 = EDGE_LOOP('',(#15806,#15807,#15813,#15814));
#15806 = ORIENTED_EDGE('',*,*,#13323,.T.);
#15807 = ORIENTED_EDGE('',*,*,#15808,.T.);
#15808 = EDGE_CURVE('',#13324,#14339,#15809,.T.);
#15809 = LINE('',#15810,#15811);
#15810 = CARTESIAN_POINT('',(115.5,-74.77,-4.6E-02));
#15811 = VECTOR('',#15812,1.);
#15812 = DIRECTION('',(0.,0.,1.));
#15813 = ORIENTED_EDGE('',*,*,#14338,.F.);
#15814 = ORIENTED_EDGE('',*,*,#15808,.F.);
#15815 = CYLINDRICAL_SURFACE('',#15816,0.5);
#15816 = AXIS2_PLACEMENT_3D('',#15817,#15818,#15819);
#15817 = CARTESIAN_POINT('',(115.5,-74.27,-4.6E-02));
#15818 = DIRECTION('',(-0.,-0.,-1.));
#15819 = DIRECTION('',(-0.,-1.,0.));
#15820 = ADVANCED_FACE('',(#15821),#15832,.F.);
#15821 = FACE_BOUND('',#15822,.T.);
#15822 = EDGE_LOOP('',(#15823,#15824,#15830,#15831));
#15823 = ORIENTED_EDGE('',*,*,#13334,.T.);
#15824 = ORIENTED_EDGE('',*,*,#15825,.T.);
#15825 = EDGE_CURVE('',#13335,#14350,#15826,.T.);
#15826 = LINE('',#15827,#15828);
#15827 = CARTESIAN_POINT('',(115.5,-72.23,-4.6E-02));
#15828 = VECTOR('',#15829,1.);
#15829 = DIRECTION('',(0.,0.,1.));
#15830 = ORIENTED_EDGE('',*,*,#14349,.F.);
#15831 = ORIENTED_EDGE('',*,*,#15825,.F.);
#15832 = CYLINDRICAL_SURFACE('',#15833,0.5);
#15833 = AXIS2_PLACEMENT_3D('',#15834,#15835,#15836);
#15834 = CARTESIAN_POINT('',(115.5,-71.73,-4.6E-02));
#15835 = DIRECTION('',(-0.,-0.,-1.));
#15836 = DIRECTION('',(-0.,-1.,0.));
#15837 = ADVANCED_FACE('',(#15838),#15849,.F.);
#15838 = FACE_BOUND('',#15839,.T.);
#15839 = EDGE_LOOP('',(#15840,#15841,#15847,#15848));
#15840 = ORIENTED_EDGE('',*,*,#13345,.T.);
#15841 = ORIENTED_EDGE('',*,*,#15842,.T.);
#15842 = EDGE_CURVE('',#13346,#14361,#15843,.T.);
#15843 = LINE('',#15844,#15845);
#15844 = CARTESIAN_POINT('',(122.42,-84.96,-4.6E-02));
#15845 = VECTOR('',#15846,1.);
#15846 = DIRECTION('',(0.,0.,1.));
#15847 = ORIENTED_EDGE('',*,*,#14360,.F.);
#15848 = ORIENTED_EDGE('',*,*,#15842,.F.);
#15849 = CYLINDRICAL_SURFACE('',#15850,0.5);
#15850 = AXIS2_PLACEMENT_3D('',#15851,#15852,#15853);
#15851 = CARTESIAN_POINT('',(122.42,-84.46,-4.6E-02));
#15852 = DIRECTION('',(-0.,-0.,-1.));
#15853 = DIRECTION('',(-0.,-1.,0.));
#15854 = ADVANCED_FACE('',(#15855),#15866,.F.);
#15855 = FACE_BOUND('',#15856,.T.);
#15856 = EDGE_LOOP('',(#15857,#15858,#15864,#15865));
#15857 = ORIENTED_EDGE('',*,*,#13356,.T.);
#15858 = ORIENTED_EDGE('',*,*,#15859,.T.);
#15859 = EDGE_CURVE('',#13357,#14372,#15860,.T.);
#15860 = LINE('',#15861,#15862);
#15861 = CARTESIAN_POINT('',(124.96,-84.96,-4.6E-02));
#15862 = VECTOR('',#15863,1.);
#15863 = DIRECTION('',(0.,0.,1.));
#15864 = ORIENTED_EDGE('',*,*,#14371,.F.);
#15865 = ORIENTED_EDGE('',*,*,#15859,.F.);
#15866 = CYLINDRICAL_SURFACE('',#15867,0.5);
#15867 = AXIS2_PLACEMENT_3D('',#15868,#15869,#15870);
#15868 = CARTESIAN_POINT('',(124.96,-84.46,-4.6E-02));
#15869 = DIRECTION('',(-0.,-0.,-1.));
#15870 = DIRECTION('',(-0.,-1.,0.));
#15871 = ADVANCED_FACE('',(#15872),#15883,.F.);
#15872 = FACE_BOUND('',#15873,.T.);
#15873 = EDGE_LOOP('',(#15874,#15875,#15881,#15882));
#15874 = ORIENTED_EDGE('',*,*,#13367,.T.);
#15875 = ORIENTED_EDGE('',*,*,#15876,.T.);
#15876 = EDGE_CURVE('',#13368,#14383,#15877,.T.);
#15877 = LINE('',#15878,#15879);
#15878 = CARTESIAN_POINT('',(127.5,-84.96,-4.6E-02));
#15879 = VECTOR('',#15880,1.);
#15880 = DIRECTION('',(0.,0.,1.));
#15881 = ORIENTED_EDGE('',*,*,#14382,.F.);
#15882 = ORIENTED_EDGE('',*,*,#15876,.F.);
#15883 = CYLINDRICAL_SURFACE('',#15884,0.5);
#15884 = AXIS2_PLACEMENT_3D('',#15885,#15886,#15887);
#15885 = CARTESIAN_POINT('',(127.5,-84.46,-4.6E-02));
#15886 = DIRECTION('',(-0.,-0.,-1.));
#15887 = DIRECTION('',(-0.,-1.,0.));
#15888 = ADVANCED_FACE('',(#15889),#15900,.F.);
#15889 = FACE_BOUND('',#15890,.T.);
#15890 = EDGE_LOOP('',(#15891,#15892,#15898,#15899));
#15891 = ORIENTED_EDGE('',*,*,#13378,.T.);
#15892 = ORIENTED_EDGE('',*,*,#15893,.T.);
#15893 = EDGE_CURVE('',#13379,#14394,#15894,.T.);
#15894 = LINE('',#15895,#15896);
#15895 = CARTESIAN_POINT('',(142.5,-89.45,-4.6E-02));
#15896 = VECTOR('',#15897,1.);
#15897 = DIRECTION('',(0.,0.,1.));
#15898 = ORIENTED_EDGE('',*,*,#14393,.F.);
#15899 = ORIENTED_EDGE('',*,*,#15893,.F.);
#15900 = CYLINDRICAL_SURFACE('',#15901,0.45);
#15901 = AXIS2_PLACEMENT_3D('',#15902,#15903,#15904);
#15902 = CARTESIAN_POINT('',(142.5,-89.,-4.6E-02));
#15903 = DIRECTION('',(-0.,-0.,-1.));
#15904 = DIRECTION('',(-0.,-1.,0.));
#15905 = ADVANCED_FACE('',(#15906),#15917,.F.);
#15906 = FACE_BOUND('',#15907,.T.);
#15907 = EDGE_LOOP('',(#15908,#15909,#15915,#15916));
#15908 = ORIENTED_EDGE('',*,*,#13389,.T.);
#15909 = ORIENTED_EDGE('',*,*,#15910,.T.);
#15910 = EDGE_CURVE('',#13390,#14405,#15911,.T.);
#15911 = LINE('',#15912,#15913);
#15912 = CARTESIAN_POINT('',(106.75,-63.9,-4.6E-02));
#15913 = VECTOR('',#15914,1.);
#15914 = DIRECTION('',(0.,0.,1.));
#15915 = ORIENTED_EDGE('',*,*,#14404,.F.);
#15916 = ORIENTED_EDGE('',*,*,#15910,.F.);
#15917 = CYLINDRICAL_SURFACE('',#15918,0.6);
#15918 = AXIS2_PLACEMENT_3D('',#15919,#15920,#15921);
#15919 = CARTESIAN_POINT('',(106.75,-63.3,-4.6E-02));
#15920 = DIRECTION('',(-0.,-0.,-1.));
#15921 = DIRECTION('',(-0.,-1.,0.));
#15922 = ADVANCED_FACE('',(#15923),#15934,.F.);
#15923 = FACE_BOUND('',#15924,.T.);
#15924 = EDGE_LOOP('',(#15925,#15926,#15932,#15933));
#15925 = ORIENTED_EDGE('',*,*,#13400,.T.);
#15926 = ORIENTED_EDGE('',*,*,#15927,.T.);
#15927 = EDGE_CURVE('',#13401,#14416,#15928,.T.);
#15928 = LINE('',#15929,#15930);
#15929 = CARTESIAN_POINT('',(115.5,-69.69,-4.6E-02));
#15930 = VECTOR('',#15931,1.);
#15931 = DIRECTION('',(0.,0.,1.));
#15932 = ORIENTED_EDGE('',*,*,#14415,.F.);
#15933 = ORIENTED_EDGE('',*,*,#15927,.F.);
#15934 = CYLINDRICAL_SURFACE('',#15935,0.5);
#15935 = AXIS2_PLACEMENT_3D('',#15936,#15937,#15938);
#15936 = CARTESIAN_POINT('',(115.5,-69.19,-4.6E-02));
#15937 = DIRECTION('',(-0.,-0.,-1.));
#15938 = DIRECTION('',(-0.,-1.,0.));
#15939 = ADVANCED_FACE('',(#15940),#15951,.F.);
#15940 = FACE_BOUND('',#15941,.T.);
#15941 = EDGE_LOOP('',(#15942,#15943,#15949,#15950));
#15942 = ORIENTED_EDGE('',*,*,#13411,.T.);
#15943 = ORIENTED_EDGE('',*,*,#15944,.T.);
#15944 = EDGE_CURVE('',#13412,#14427,#15945,.T.);
#15945 = LINE('',#15946,#15947);
#15946 = CARTESIAN_POINT('',(106.75,-56.3,-4.6E-02));
#15947 = VECTOR('',#15948,1.);
#15948 = DIRECTION('',(0.,0.,1.));
#15949 = ORIENTED_EDGE('',*,*,#14426,.F.);
#15950 = ORIENTED_EDGE('',*,*,#15944,.F.);
#15951 = CYLINDRICAL_SURFACE('',#15952,0.6);
#15952 = AXIS2_PLACEMENT_3D('',#15953,#15954,#15955);
#15953 = CARTESIAN_POINT('',(106.75,-55.7,-4.6E-02));
#15954 = DIRECTION('',(-0.,-0.,-1.));
#15955 = DIRECTION('',(-0.,-1.,0.));
#15956 = ADVANCED_FACE('',(#15957),#15968,.F.);
#15957 = FACE_BOUND('',#15958,.T.);
#15958 = EDGE_LOOP('',(#15959,#15960,#15966,#15967));
#15959 = ORIENTED_EDGE('',*,*,#13422,.T.);
#15960 = ORIENTED_EDGE('',*,*,#15961,.T.);
#15961 = EDGE_CURVE('',#13423,#14438,#15962,.T.);
#15962 = LINE('',#15963,#15964);
#15963 = CARTESIAN_POINT('',(113.5,-57.4,-4.6E-02));
#15964 = VECTOR('',#15965,1.);
#15965 = DIRECTION('',(0.,0.,1.));
#15966 = ORIENTED_EDGE('',*,*,#14437,.F.);
#15967 = ORIENTED_EDGE('',*,*,#15961,.F.);
#15968 = CYLINDRICAL_SURFACE('',#15969,0.4);
#15969 = AXIS2_PLACEMENT_3D('',#15970,#15971,#15972);
#15970 = CARTESIAN_POINT('',(113.5,-57.,-4.6E-02));
#15971 = DIRECTION('',(-0.,-0.,-1.));
#15972 = DIRECTION('',(-0.,-1.,0.));
#15973 = ADVANCED_FACE('',(#15974),#15985,.F.);
#15974 = FACE_BOUND('',#15975,.T.);
#15975 = EDGE_LOOP('',(#15976,#15977,#15983,#15984));
#15976 = ORIENTED_EDGE('',*,*,#13433,.T.);
#15977 = ORIENTED_EDGE('',*,*,#15978,.T.);
#15978 = EDGE_CURVE('',#13434,#14449,#15979,.T.);
#15979 = LINE('',#15980,#15981);
#15980 = CARTESIAN_POINT('',(120.,-59.9,-4.6E-02));
#15981 = VECTOR('',#15982,1.);
#15982 = DIRECTION('',(0.,0.,1.));
#15983 = ORIENTED_EDGE('',*,*,#14448,.F.);
#15984 = ORIENTED_EDGE('',*,*,#15978,.F.);
#15985 = CYLINDRICAL_SURFACE('',#15986,0.4);
#15986 = AXIS2_PLACEMENT_3D('',#15987,#15988,#15989);
#15987 = CARTESIAN_POINT('',(120.,-59.5,-4.6E-02));
#15988 = DIRECTION('',(-0.,-0.,-1.));
#15989 = DIRECTION('',(-0.,-1.,0.));
#15990 = ADVANCED_FACE('',(#15991),#16002,.F.);
#15991 = FACE_BOUND('',#15992,.T.);
#15992 = EDGE_LOOP('',(#15993,#15994,#16000,#16001));
#15993 = ORIENTED_EDGE('',*,*,#13444,.T.);
#15994 = ORIENTED_EDGE('',*,*,#15995,.T.);
#15995 = EDGE_CURVE('',#13445,#14460,#15996,.T.);
#15996 = LINE('',#15997,#15998);
#15997 = CARTESIAN_POINT('',(113.5,-52.4,-4.6E-02));
#15998 = VECTOR('',#15999,1.);
#15999 = DIRECTION('',(0.,0.,1.));
#16000 = ORIENTED_EDGE('',*,*,#14459,.F.);
#16001 = ORIENTED_EDGE('',*,*,#15995,.F.);
#16002 = CYLINDRICAL_SURFACE('',#16003,0.4);
#16003 = AXIS2_PLACEMENT_3D('',#16004,#16005,#16006);
#16004 = CARTESIAN_POINT('',(113.5,-52.,-4.6E-02));
#16005 = DIRECTION('',(-0.,-0.,-1.));
#16006 = DIRECTION('',(-0.,-1.,0.));
#16007 = ADVANCED_FACE('',(#16008),#16019,.F.);
#16008 = FACE_BOUND('',#16009,.T.);
#16009 = EDGE_LOOP('',(#16010,#16011,#16017,#16018));
#16010 = ORIENTED_EDGE('',*,*,#13455,.T.);
#16011 = ORIENTED_EDGE('',*,*,#16012,.T.);
#16012 = EDGE_CURVE('',#13456,#14471,#16013,.T.);
#16013 = LINE('',#16014,#16015);
#16014 = CARTESIAN_POINT('',(120.,-54.9,-4.6E-02));
#16015 = VECTOR('',#16016,1.);
#16016 = DIRECTION('',(0.,0.,1.));
#16017 = ORIENTED_EDGE('',*,*,#14470,.F.);
#16018 = ORIENTED_EDGE('',*,*,#16012,.F.);
#16019 = CYLINDRICAL_SURFACE('',#16020,0.4);
#16020 = AXIS2_PLACEMENT_3D('',#16021,#16022,#16023);
#16021 = CARTESIAN_POINT('',(120.,-54.5,-4.6E-02));
#16022 = DIRECTION('',(-0.,-0.,-1.));
#16023 = DIRECTION('',(-0.,-1.,0.));
#16024 = ADVANCED_FACE('',(#16025),#16036,.F.);
#16025 = FACE_BOUND('',#16026,.T.);
#16026 = EDGE_LOOP('',(#16027,#16028,#16034,#16035));
#16027 = ORIENTED_EDGE('',*,*,#13466,.T.);
#16028 = ORIENTED_EDGE('',*,*,#16029,.T.);
#16029 = EDGE_CURVE('',#13467,#14482,#16030,.T.);
#16030 = LINE('',#16031,#16032);
#16031 = CARTESIAN_POINT('',(128.699999,-56.75,-4.6E-02));
#16032 = VECTOR('',#16033,1.);
#16033 = DIRECTION('',(0.,0.,1.));
#16034 = ORIENTED_EDGE('',*,*,#14481,.F.);
#16035 = ORIENTED_EDGE('',*,*,#16029,.F.);
#16036 = CYLINDRICAL_SURFACE('',#16037,0.5);
#16037 = AXIS2_PLACEMENT_3D('',#16038,#16039,#16040);
#16038 = CARTESIAN_POINT('',(128.699999,-56.25,-4.6E-02));
#16039 = DIRECTION('',(-0.,-0.,-1.));
#16040 = DIRECTION('',(-0.,-1.,0.));
#16041 = ADVANCED_FACE('',(#16042),#16053,.F.);
#16042 = FACE_BOUND('',#16043,.T.);
#16043 = EDGE_LOOP('',(#16044,#16045,#16051,#16052));
#16044 = ORIENTED_EDGE('',*,*,#13477,.T.);
#16045 = ORIENTED_EDGE('',*,*,#16046,.T.);
#16046 = EDGE_CURVE('',#13478,#14493,#16047,.T.);
#16047 = LINE('',#16048,#16049);
#16048 = CARTESIAN_POINT('',(128.699999,-54.21,-4.6E-02));
#16049 = VECTOR('',#16050,1.);
#16050 = DIRECTION('',(0.,0.,1.));
#16051 = ORIENTED_EDGE('',*,*,#14492,.F.);
#16052 = ORIENTED_EDGE('',*,*,#16046,.F.);
#16053 = CYLINDRICAL_SURFACE('',#16054,0.5);
#16054 = AXIS2_PLACEMENT_3D('',#16055,#16056,#16057);
#16055 = CARTESIAN_POINT('',(128.699999,-53.71,-4.6E-02));
#16056 = DIRECTION('',(-0.,-0.,-1.));
#16057 = DIRECTION('',(-0.,-1.,0.));
#16058 = ADVANCED_FACE('',(#16059),#16070,.F.);
#16059 = FACE_BOUND('',#16060,.T.);
#16060 = EDGE_LOOP('',(#16061,#16062,#16068,#16069));
#16061 = ORIENTED_EDGE('',*,*,#13488,.T.);
#16062 = ORIENTED_EDGE('',*,*,#16063,.T.);
#16063 = EDGE_CURVE('',#13489,#14504,#16064,.T.);
#16064 = LINE('',#16065,#16066);
#16065 = CARTESIAN_POINT('',(128.699999,-51.67,-4.6E-02));
#16066 = VECTOR('',#16067,1.);
#16067 = DIRECTION('',(0.,0.,1.));
#16068 = ORIENTED_EDGE('',*,*,#14503,.F.);
#16069 = ORIENTED_EDGE('',*,*,#16063,.F.);
#16070 = CYLINDRICAL_SURFACE('',#16071,0.5);
#16071 = AXIS2_PLACEMENT_3D('',#16072,#16073,#16074);
#16072 = CARTESIAN_POINT('',(128.699999,-51.17,-4.6E-02));
#16073 = DIRECTION('',(-0.,-0.,-1.));
#16074 = DIRECTION('',(-0.,-1.,0.));
#16075 = ( GEOMETRIC_REPRESENTATION_CONTEXT(3) 
GLOBAL_UNCERTAINTY_ASSIGNED_CONTEXT((#16079)) 
GLOBAL_UNIT_ASSIGNED_CONTEXT((#16076,#16077,#16078)) 
REPRESENTATION_CONTEXT('Context #1',
  '3D Context with UNIT and UNCERTAINTY') );
#16076 = ( LENGTH_UNIT() NAMED_UNIT(*) SI_UNIT(.MILLI.,.METRE.) );
#16077 = ( NAMED_UNIT(*) PLANE_ANGLE_UNIT() SI_UNIT($,.RADIAN.) );
#16078 = ( NAMED_UNIT(*) SI_UNIT($,.STERADIAN.) SOLID_ANGLE_UNIT() );
#16079 = UNCERTAINTY_MEASURE_WITH_UNIT(LENGTH_MEASURE(1.E-07),#16076,
  'distance_accuracy_value','confusion accuracy');
#16080 = CONTEXT_DEPENDENT_SHAPE_REPRESENTATION(#16081,#16083);
#16081 = ( REPRESENTATION_RELATIONSHIP('','',#12381,#10) 
REPRESENTATION_RELATIONSHIP_WITH_TRANSFORMATION(#16082) 
SHAPE_REPRESENTATION_RELATIONSHIP() );
#16082 = ITEM_DEFINED_TRANSFORMATION('','',#11,#67);
#16083 = PRODUCT_DEFINITION_SHAPE('Placement','Placement of an item',
  #16084);
#16084 = NEXT_ASSEMBLY_USAGE_OCCURRENCE('21','=>[0:1:1:16]','',#5,#12376
  ,$);
#16085 = PRODUCT_RELATED_PRODUCT_CATEGORY('part',$,(#12378));
#16086 = MECHANICAL_DESIGN_GEOMETRIC_PRESENTATION_REPRESENTATION('',(
    #16087,#16097,#16106,#16115,#16124,#16133,#16142,#16151,#16160,
    #16169,#16178,#16187,#16196,#16205,#16214,#16224,#16233,#16242,
    #16251,#16260,#16269,#16278,#16287,#16296,#16305,#16314,#16323,
    #16332,#16341,#16350,#16359,#16368,#16377,#16386,#16395,#16404,
    #16413,#16422,#16431,#16440,#16449,#16458,#16467,#16476,#16485,
    #16494,#16503,#16512,#16521,#16530,#16539,#16548,#16557,#16566,
    #16575,#16584,#16593,#16602,#16611,#16620,#16629,#16638,#16647,
    #16656,#16665,#16674,#16683,#16692,#16701,#16710,#16719,#16728,
    #16737,#16746,#16755,#16764,#16773,#16782,#16791,#16800,#16809,
    #16818,#16827,#16836,#16845,#16854,#16863,#16872,#16881,#16890,
    #16899,#16908,#16917,#16926,#16935,#16944,#16953,#16962,#16971,
    #16980,#16989,#16998,#17007,#17016,#17025,#17034,#17043,#17052,
    #17061,#17070,#17079,#17088,#17097,#17106,#17115,#17124,#17133),
  #12348);
#16087 = STYLED_ITEM('color',(#16088),#8814);
#16088 = PRESENTATION_STYLE_ASSIGNMENT((#16089,#16095));
#16089 = SURFACE_STYLE_USAGE(.BOTH.,#16090);
#16090 = SURFACE_SIDE_STYLE('',(#16091));
#16091 = SURFACE_STYLE_FILL_AREA(#16092);
#16092 = FILL_AREA_STYLE('',(#16093));
#16093 = FILL_AREA_STYLE_COLOUR('',#16094);
#16094 = COLOUR_RGB('',0.147999998088,0.144999993226,0.144999993226);
#16095 = CURVE_STYLE('',#16096,POSITIVE_LENGTH_MEASURE(0.1),#16094);
#16096 = DRAUGHTING_PRE_DEFINED_CURVE_FONT('continuous');
#16097 = STYLED_ITEM('color',(#16098),#8852);
#16098 = PRESENTATION_STYLE_ASSIGNMENT((#16099,#16104));
#16099 = SURFACE_STYLE_USAGE(.BOTH.,#16100);
#16100 = SURFACE_SIDE_STYLE('',(#16101));
#16101 = SURFACE_STYLE_FILL_AREA(#16102);
#16102 = FILL_AREA_STYLE('',(#16103));
#16103 = FILL_AREA_STYLE_COLOUR('',#16094);
#16104 = CURVE_STYLE('',#16105,POSITIVE_LENGTH_MEASURE(0.1),#16094);
#16105 = DRAUGHTING_PRE_DEFINED_CURVE_FONT('continuous');
#16106 = STYLED_ITEM('color',(#16107),#8915);
#16107 = PRESENTATION_STYLE_ASSIGNMENT((#16108,#16113));
#16108 = SURFACE_STYLE_USAGE(.BOTH.,#16109);
#16109 = SURFACE_SIDE_STYLE('',(#16110));
#16110 = SURFACE_STYLE_FILL_AREA(#16111);
#16111 = FILL_AREA_STYLE('',(#16112));
#16112 = FILL_AREA_STYLE_COLOUR('',#16094);
#16113 = CURVE_STYLE('',#16114,POSITIVE_LENGTH_MEASURE(0.1),#16094);
#16114 = DRAUGHTING_PRE_DEFINED_CURVE_FONT('continuous');
#16115 = STYLED_ITEM('color',(#16116),#8938);
#16116 = PRESENTATION_STYLE_ASSIGNMENT((#16117,#16122));
#16117 = SURFACE_STYLE_USAGE(.BOTH.,#16118);
#16118 = SURFACE_SIDE_STYLE('',(#16119));
#16119 = SURFACE_STYLE_FILL_AREA(#16120);
#16120 = FILL_AREA_STYLE('',(#16121));
#16121 = FILL_AREA_STYLE_COLOUR('',#16094);
#16122 = CURVE_STYLE('',#16123,POSITIVE_LENGTH_MEASURE(0.1),#16094);
#16123 = DRAUGHTING_PRE_DEFINED_CURVE_FONT('continuous');
#16124 = STYLED_ITEM('color',(#16125),#8967);
#16125 = PRESENTATION_STYLE_ASSIGNMENT((#16126,#16131));
#16126 = SURFACE_STYLE_USAGE(.BOTH.,#16127);
#16127 = SURFACE_SIDE_STYLE('',(#16128));
#16128 = SURFACE_STYLE_FILL_AREA(#16129);
#16129 = FILL_AREA_STYLE('',(#16130));
#16130 = FILL_AREA_STYLE_COLOUR('',#16094);
#16131 = CURVE_STYLE('',#16132,POSITIVE_LENGTH_MEASURE(0.1),#16094);
#16132 = DRAUGHTING_PRE_DEFINED_CURVE_FONT('continuous');
#16133 = STYLED_ITEM('color',(#16134),#8990);
#16134 = PRESENTATION_STYLE_ASSIGNMENT((#16135,#16140));
#16135 = SURFACE_STYLE_USAGE(.BOTH.,#16136);
#16136 = SURFACE_SIDE_STYLE('',(#16137));
#16137 = SURFACE_STYLE_FILL_AREA(#16138);
#16138 = FILL_AREA_STYLE('',(#16139));
#16139 = FILL_AREA_STYLE_COLOUR('',#16094);
#16140 = CURVE_STYLE('',#16141,POSITIVE_LENGTH_MEASURE(0.1),#16094);
#16141 = DRAUGHTING_PRE_DEFINED_CURVE_FONT('continuous');
#16142 = STYLED_ITEM('color',(#16143),#9061);
#16143 = PRESENTATION_STYLE_ASSIGNMENT((#16144,#16149));
#16144 = SURFACE_STYLE_USAGE(.BOTH.,#16145);
#16145 = SURFACE_SIDE_STYLE('',(#16146));
#16146 = SURFACE_STYLE_FILL_AREA(#16147);
#16147 = FILL_AREA_STYLE('',(#16148));
#16148 = FILL_AREA_STYLE_COLOUR('',#16094);
#16149 = CURVE_STYLE('',#16150,POSITIVE_LENGTH_MEASURE(0.1),#16094);
#16150 = DRAUGHTING_PRE_DEFINED_CURVE_FONT('continuous');
#16151 = STYLED_ITEM('color',(#16152),#9132);
#16152 = PRESENTATION_STYLE_ASSIGNMENT((#16153,#16158));
#16153 = SURFACE_STYLE_USAGE(.BOTH.,#16154);
#16154 = SURFACE_SIDE_STYLE('',(#16155));
#16155 = SURFACE_STYLE_FILL_AREA(#16156);
#16156 = FILL_AREA_STYLE('',(#16157));
#16157 = FILL_AREA_STYLE_COLOUR('',#16094);
#16158 = CURVE_STYLE('',#16159,POSITIVE_LENGTH_MEASURE(0.1),#16094);
#16159 = DRAUGHTING_PRE_DEFINED_CURVE_FONT('continuous');
#16160 = STYLED_ITEM('color',(#16161),#9155);
#16161 = PRESENTATION_STYLE_ASSIGNMENT((#16162,#16167));
#16162 = SURFACE_STYLE_USAGE(.BOTH.,#16163);
#16163 = SURFACE_SIDE_STYLE('',(#16164));
#16164 = SURFACE_STYLE_FILL_AREA(#16165);
#16165 = FILL_AREA_STYLE('',(#16166));
#16166 = FILL_AREA_STYLE_COLOUR('',#16094);
#16167 = CURVE_STYLE('',#16168,POSITIVE_LENGTH_MEASURE(0.1),#16094);
#16168 = DRAUGHTING_PRE_DEFINED_CURVE_FONT('continuous');
#16169 = STYLED_ITEM('color',(#16170),#9178);
#16170 = PRESENTATION_STYLE_ASSIGNMENT((#16171,#16176));
#16171 = SURFACE_STYLE_USAGE(.BOTH.,#16172);
#16172 = SURFACE_SIDE_STYLE('',(#16173));
#16173 = SURFACE_STYLE_FILL_AREA(#16174);
#16174 = FILL_AREA_STYLE('',(#16175));
#16175 = FILL_AREA_STYLE_COLOUR('',#16094);
#16176 = CURVE_STYLE('',#16177,POSITIVE_LENGTH_MEASURE(0.1),#16094);
#16177 = DRAUGHTING_PRE_DEFINED_CURVE_FONT('continuous');
#16178 = STYLED_ITEM('color',(#16179),#9195);
#16179 = PRESENTATION_STYLE_ASSIGNMENT((#16180,#16185));
#16180 = SURFACE_STYLE_USAGE(.BOTH.,#16181);
#16181 = SURFACE_SIDE_STYLE('',(#16182));
#16182 = SURFACE_STYLE_FILL_AREA(#16183);
#16183 = FILL_AREA_STYLE('',(#16184));
#16184 = FILL_AREA_STYLE_COLOUR('',#16094);
#16185 = CURVE_STYLE('',#16186,POSITIVE_LENGTH_MEASURE(0.1),#16094);
#16186 = DRAUGHTING_PRE_DEFINED_CURVE_FONT('continuous');
#16187 = STYLED_ITEM('color',(#16188),#9218);
#16188 = PRESENTATION_STYLE_ASSIGNMENT((#16189,#16194));
#16189 = SURFACE_STYLE_USAGE(.BOTH.,#16190);
#16190 = SURFACE_SIDE_STYLE('',(#16191));
#16191 = SURFACE_STYLE_FILL_AREA(#16192);
#16192 = FILL_AREA_STYLE('',(#16193));
#16193 = FILL_AREA_STYLE_COLOUR('',#16094);
#16194 = CURVE_STYLE('',#16195,POSITIVE_LENGTH_MEASURE(0.1),#16094);
#16195 = DRAUGHTING_PRE_DEFINED_CURVE_FONT('continuous');
#16196 = STYLED_ITEM('color',(#16197),#9306);
#16197 = PRESENTATION_STYLE_ASSIGNMENT((#16198,#16203));
#16198 = SURFACE_STYLE_USAGE(.BOTH.,#16199);
#16199 = SURFACE_SIDE_STYLE('',(#16200));
#16200 = SURFACE_STYLE_FILL_AREA(#16201);
#16201 = FILL_AREA_STYLE('',(#16202));
#16202 = FILL_AREA_STYLE_COLOUR('',#16094);
#16203 = CURVE_STYLE('',#16204,POSITIVE_LENGTH_MEASURE(0.1),#16094);
#16204 = DRAUGHTING_PRE_DEFINED_CURVE_FONT('continuous');
#16205 = STYLED_ITEM('color',(#16206),#9322);
#16206 = PRESENTATION_STYLE_ASSIGNMENT((#16207,#16212));
#16207 = SURFACE_STYLE_USAGE(.BOTH.,#16208);
#16208 = SURFACE_SIDE_STYLE('',(#16209));
#16209 = SURFACE_STYLE_FILL_AREA(#16210);
#16210 = FILL_AREA_STYLE('',(#16211));
#16211 = FILL_AREA_STYLE_COLOUR('',#16094);
#16212 = CURVE_STYLE('',#16213,POSITIVE_LENGTH_MEASURE(0.1),#16094);
#16213 = DRAUGHTING_PRE_DEFINED_CURVE_FONT('continuous');
#16214 = STYLED_ITEM('color',(#16215),#9352);
#16215 = PRESENTATION_STYLE_ASSIGNMENT((#16216,#16222));
#16216 = SURFACE_STYLE_USAGE(.BOTH.,#16217);
#16217 = SURFACE_SIDE_STYLE('',(#16218));
#16218 = SURFACE_STYLE_FILL_AREA(#16219);
#16219 = FILL_AREA_STYLE('',(#16220));
#16220 = FILL_AREA_STYLE_COLOUR('',#16221);
#16221 = COLOUR_RGB('',0.823999987314,0.819999987296,0.781000009244);
#16222 = CURVE_STYLE('',#16223,POSITIVE_LENGTH_MEASURE(0.1),#16221);
#16223 = DRAUGHTING_PRE_DEFINED_CURVE_FONT('continuous');
#16224 = STYLED_ITEM('color',(#16225),#9383);
#16225 = PRESENTATION_STYLE_ASSIGNMENT((#16226,#16231));
#16226 = SURFACE_STYLE_USAGE(.BOTH.,#16227);
#16227 = SURFACE_SIDE_STYLE('',(#16228));
#16228 = SURFACE_STYLE_FILL_AREA(#16229);
#16229 = FILL_AREA_STYLE('',(#16230));
#16230 = FILL_AREA_STYLE_COLOUR('',#16094);
#16231 = CURVE_STYLE('',#16232,POSITIVE_LENGTH_MEASURE(0.1),#16094);
#16232 = DRAUGHTING_PRE_DEFINED_CURVE_FONT('continuous');
#16233 = STYLED_ITEM('color',(#16234),#9414);
#16234 = PRESENTATION_STYLE_ASSIGNMENT((#16235,#16240));
#16235 = SURFACE_STYLE_USAGE(.BOTH.,#16236);
#16236 = SURFACE_SIDE_STYLE('',(#16237));
#16237 = SURFACE_STYLE_FILL_AREA(#16238);
#16238 = FILL_AREA_STYLE('',(#16239));
#16239 = FILL_AREA_STYLE_COLOUR('',#16221);
#16240 = CURVE_STYLE('',#16241,POSITIVE_LENGTH_MEASURE(0.1),#16221);
#16241 = DRAUGHTING_PRE_DEFINED_CURVE_FONT('continuous');
#16242 = STYLED_ITEM('color',(#16243),#9445);
#16243 = PRESENTATION_STYLE_ASSIGNMENT((#16244,#16249));
#16244 = SURFACE_STYLE_USAGE(.BOTH.,#16245);
#16245 = SURFACE_SIDE_STYLE('',(#16246));
#16246 = SURFACE_STYLE_FILL_AREA(#16247);
#16247 = FILL_AREA_STYLE('',(#16248));
#16248 = FILL_AREA_STYLE_COLOUR('',#16094);
#16249 = CURVE_STYLE('',#16250,POSITIVE_LENGTH_MEASURE(0.1),#16094);
#16250 = DRAUGHTING_PRE_DEFINED_CURVE_FONT('continuous');
#16251 = STYLED_ITEM('color',(#16252),#9476);
#16252 = PRESENTATION_STYLE_ASSIGNMENT((#16253,#16258));
#16253 = SURFACE_STYLE_USAGE(.BOTH.,#16254);
#16254 = SURFACE_SIDE_STYLE('',(#16255));
#16255 = SURFACE_STYLE_FILL_AREA(#16256);
#16256 = FILL_AREA_STYLE('',(#16257));
#16257 = FILL_AREA_STYLE_COLOUR('',#16221);
#16258 = CURVE_STYLE('',#16259,POSITIVE_LENGTH_MEASURE(0.1),#16221);
#16259 = DRAUGHTING_PRE_DEFINED_CURVE_FONT('continuous');
#16260 = STYLED_ITEM('color',(#16261),#9507);
#16261 = PRESENTATION_STYLE_ASSIGNMENT((#16262,#16267));
#16262 = SURFACE_STYLE_USAGE(.BOTH.,#16263);
#16263 = SURFACE_SIDE_STYLE('',(#16264));
#16264 = SURFACE_STYLE_FILL_AREA(#16265);
#16265 = FILL_AREA_STYLE('',(#16266));
#16266 = FILL_AREA_STYLE_COLOUR('',#16094);
#16267 = CURVE_STYLE('',#16268,POSITIVE_LENGTH_MEASURE(0.1),#16094);
#16268 = DRAUGHTING_PRE_DEFINED_CURVE_FONT('continuous');
#16269 = STYLED_ITEM('color',(#16270),#9524);
#16270 = PRESENTATION_STYLE_ASSIGNMENT((#16271,#16276));
#16271 = SURFACE_STYLE_USAGE(.BOTH.,#16272);
#16272 = SURFACE_SIDE_STYLE('',(#16273));
#16273 = SURFACE_STYLE_FILL_AREA(#16274);
#16274 = FILL_AREA_STYLE('',(#16275));
#16275 = FILL_AREA_STYLE_COLOUR('',#16094);
#16276 = CURVE_STYLE('',#16277,POSITIVE_LENGTH_MEASURE(0.1),#16094);
#16277 = DRAUGHTING_PRE_DEFINED_CURVE_FONT('continuous');
#16278 = STYLED_ITEM('color',(#16279),#9541);
#16279 = PRESENTATION_STYLE_ASSIGNMENT((#16280,#16285));
#16280 = SURFACE_STYLE_USAGE(.BOTH.,#16281);
#16281 = SURFACE_SIDE_STYLE('',(#16282));
#16282 = SURFACE_STYLE_FILL_AREA(#16283);
#16283 = FILL_AREA_STYLE('',(#16284));
#16284 = FILL_AREA_STYLE_COLOUR('',#16221);
#16285 = CURVE_STYLE('',#16286,POSITIVE_LENGTH_MEASURE(0.1),#16221);
#16286 = DRAUGHTING_PRE_DEFINED_CURVE_FONT('continuous');
#16287 = STYLED_ITEM('color',(#16288),#9572);
#16288 = PRESENTATION_STYLE_ASSIGNMENT((#16289,#16294));
#16289 = SURFACE_STYLE_USAGE(.BOTH.,#16290);
#16290 = SURFACE_SIDE_STYLE('',(#16291));
#16291 = SURFACE_STYLE_FILL_AREA(#16292);
#16292 = FILL_AREA_STYLE('',(#16293));
#16293 = FILL_AREA_STYLE_COLOUR('',#16094);
#16294 = CURVE_STYLE('',#16295,POSITIVE_LENGTH_MEASURE(0.1),#16094);
#16295 = DRAUGHTING_PRE_DEFINED_CURVE_FONT('continuous');
#16296 = STYLED_ITEM('color',(#16297),#9603);
#16297 = PRESENTATION_STYLE_ASSIGNMENT((#16298,#16303));
#16298 = SURFACE_STYLE_USAGE(.BOTH.,#16299);
#16299 = SURFACE_SIDE_STYLE('',(#16300));
#16300 = SURFACE_STYLE_FILL_AREA(#16301);
#16301 = FILL_AREA_STYLE('',(#16302));
#16302 = FILL_AREA_STYLE_COLOUR('',#16221);
#16303 = CURVE_STYLE('',#16304,POSITIVE_LENGTH_MEASURE(0.1),#16221);
#16304 = DRAUGHTING_PRE_DEFINED_CURVE_FONT('continuous');
#16305 = STYLED_ITEM('color',(#16306),#9634);
#16306 = PRESENTATION_STYLE_ASSIGNMENT((#16307,#16312));
#16307 = SURFACE_STYLE_USAGE(.BOTH.,#16308);
#16308 = SURFACE_SIDE_STYLE('',(#16309));
#16309 = SURFACE_STYLE_FILL_AREA(#16310);
#16310 = FILL_AREA_STYLE('',(#16311));
#16311 = FILL_AREA_STYLE_COLOUR('',#16094);
#16312 = CURVE_STYLE('',#16313,POSITIVE_LENGTH_MEASURE(0.1),#16094);
#16313 = DRAUGHTING_PRE_DEFINED_CURVE_FONT('continuous');
#16314 = STYLED_ITEM('color',(#16315),#9665);
#16315 = PRESENTATION_STYLE_ASSIGNMENT((#16316,#16321));
#16316 = SURFACE_STYLE_USAGE(.BOTH.,#16317);
#16317 = SURFACE_SIDE_STYLE('',(#16318));
#16318 = SURFACE_STYLE_FILL_AREA(#16319);
#16319 = FILL_AREA_STYLE('',(#16320));
#16320 = FILL_AREA_STYLE_COLOUR('',#16221);
#16321 = CURVE_STYLE('',#16322,POSITIVE_LENGTH_MEASURE(0.1),#16221);
#16322 = DRAUGHTING_PRE_DEFINED_CURVE_FONT('continuous');
#16323 = STYLED_ITEM('color',(#16324),#9696);
#16324 = PRESENTATION_STYLE_ASSIGNMENT((#16325,#16330));
#16325 = SURFACE_STYLE_USAGE(.BOTH.,#16326);
#16326 = SURFACE_SIDE_STYLE('',(#16327));
#16327 = SURFACE_STYLE_FILL_AREA(#16328);
#16328 = FILL_AREA_STYLE('',(#16329));
#16329 = FILL_AREA_STYLE_COLOUR('',#16094);
#16330 = CURVE_STYLE('',#16331,POSITIVE_LENGTH_MEASURE(0.1),#16094);
#16331 = DRAUGHTING_PRE_DEFINED_CURVE_FONT('continuous');
#16332 = STYLED_ITEM('color',(#16333),#9726);
#16333 = PRESENTATION_STYLE_ASSIGNMENT((#16334,#16339));
#16334 = SURFACE_STYLE_USAGE(.BOTH.,#16335);
#16335 = SURFACE_SIDE_STYLE('',(#16336));
#16336 = SURFACE_STYLE_FILL_AREA(#16337);
#16337 = FILL_AREA_STYLE('',(#16338));
#16338 = FILL_AREA_STYLE_COLOUR('',#16094);
#16339 = CURVE_STYLE('',#16340,POSITIVE_LENGTH_MEASURE(0.1),#16094);
#16340 = DRAUGHTING_PRE_DEFINED_CURVE_FONT('continuous');
#16341 = STYLED_ITEM('color',(#16342),#9749);
#16342 = PRESENTATION_STYLE_ASSIGNMENT((#16343,#16348));
#16343 = SURFACE_STYLE_USAGE(.BOTH.,#16344);
#16344 = SURFACE_SIDE_STYLE('',(#16345));
#16345 = SURFACE_STYLE_FILL_AREA(#16346);
#16346 = FILL_AREA_STYLE('',(#16347));
#16347 = FILL_AREA_STYLE_COLOUR('',#16094);
#16348 = CURVE_STYLE('',#16349,POSITIVE_LENGTH_MEASURE(0.1),#16094);
#16349 = DRAUGHTING_PRE_DEFINED_CURVE_FONT('continuous');
#16350 = STYLED_ITEM('color',(#16351),#9772);
#16351 = PRESENTATION_STYLE_ASSIGNMENT((#16352,#16357));
#16352 = SURFACE_STYLE_USAGE(.BOTH.,#16353);
#16353 = SURFACE_SIDE_STYLE('',(#16354));
#16354 = SURFACE_STYLE_FILL_AREA(#16355);
#16355 = FILL_AREA_STYLE('',(#16356));
#16356 = FILL_AREA_STYLE_COLOUR('',#16094);
#16357 = CURVE_STYLE('',#16358,POSITIVE_LENGTH_MEASURE(0.1),#16094);
#16358 = DRAUGHTING_PRE_DEFINED_CURVE_FONT('continuous');
#16359 = STYLED_ITEM('color',(#16360),#9789);
#16360 = PRESENTATION_STYLE_ASSIGNMENT((#16361,#16366));
#16361 = SURFACE_STYLE_USAGE(.BOTH.,#16362);
#16362 = SURFACE_SIDE_STYLE('',(#16363));
#16363 = SURFACE_STYLE_FILL_AREA(#16364);
#16364 = FILL_AREA_STYLE('',(#16365));
#16365 = FILL_AREA_STYLE_COLOUR('',#16221);
#16366 = CURVE_STYLE('',#16367,POSITIVE_LENGTH_MEASURE(0.1),#16221);
#16367 = DRAUGHTING_PRE_DEFINED_CURVE_FONT('continuous');
#16368 = STYLED_ITEM('color',(#16369),#9834);
#16369 = PRESENTATION_STYLE_ASSIGNMENT((#16370,#16375));
#16370 = SURFACE_STYLE_USAGE(.BOTH.,#16371);
#16371 = SURFACE_SIDE_STYLE('',(#16372));
#16372 = SURFACE_STYLE_FILL_AREA(#16373);
#16373 = FILL_AREA_STYLE('',(#16374));
#16374 = FILL_AREA_STYLE_COLOUR('',#16094);
#16375 = CURVE_STYLE('',#16376,POSITIVE_LENGTH_MEASURE(0.1),#16094);
#16376 = DRAUGHTING_PRE_DEFINED_CURVE_FONT('continuous');
#16377 = STYLED_ITEM('color',(#16378),#9904);
#16378 = PRESENTATION_STYLE_ASSIGNMENT((#16379,#16384));
#16379 = SURFACE_STYLE_USAGE(.BOTH.,#16380);
#16380 = SURFACE_SIDE_STYLE('',(#16381));
#16381 = SURFACE_STYLE_FILL_AREA(#16382);
#16382 = FILL_AREA_STYLE('',(#16383));
#16383 = FILL_AREA_STYLE_COLOUR('',#16094);
#16384 = CURVE_STYLE('',#16385,POSITIVE_LENGTH_MEASURE(0.1),#16094);
#16385 = DRAUGHTING_PRE_DEFINED_CURVE_FONT('continuous');
#16386 = STYLED_ITEM('color',(#16387),#9927);
#16387 = PRESENTATION_STYLE_ASSIGNMENT((#16388,#16393));
#16388 = SURFACE_STYLE_USAGE(.BOTH.,#16389);
#16389 = SURFACE_SIDE_STYLE('',(#16390));
#16390 = SURFACE_STYLE_FILL_AREA(#16391);
#16391 = FILL_AREA_STYLE('',(#16392));
#16392 = FILL_AREA_STYLE_COLOUR('',#16094);
#16393 = CURVE_STYLE('',#16394,POSITIVE_LENGTH_MEASURE(0.1),#16094);
#16394 = DRAUGHTING_PRE_DEFINED_CURVE_FONT('continuous');
#16395 = STYLED_ITEM('color',(#16396),#9950);
#16396 = PRESENTATION_STYLE_ASSIGNMENT((#16397,#16402));
#16397 = SURFACE_STYLE_USAGE(.BOTH.,#16398);
#16398 = SURFACE_SIDE_STYLE('',(#16399));
#16399 = SURFACE_STYLE_FILL_AREA(#16400);
#16400 = FILL_AREA_STYLE('',(#16401));
#16401 = FILL_AREA_STYLE_COLOUR('',#16094);
#16402 = CURVE_STYLE('',#16403,POSITIVE_LENGTH_MEASURE(0.1),#16094);
#16403 = DRAUGHTING_PRE_DEFINED_CURVE_FONT('continuous');
#16404 = STYLED_ITEM('color',(#16405),#9973);
#16405 = PRESENTATION_STYLE_ASSIGNMENT((#16406,#16411));
#16406 = SURFACE_STYLE_USAGE(.BOTH.,#16407);
#16407 = SURFACE_SIDE_STYLE('',(#16408));
#16408 = SURFACE_STYLE_FILL_AREA(#16409);
#16409 = FILL_AREA_STYLE('',(#16410));
#16410 = FILL_AREA_STYLE_COLOUR('',#16094);
#16411 = CURVE_STYLE('',#16412,POSITIVE_LENGTH_MEASURE(0.1),#16094);
#16412 = DRAUGHTING_PRE_DEFINED_CURVE_FONT('continuous');
#16413 = STYLED_ITEM('color',(#16414),#10044);
#16414 = PRESENTATION_STYLE_ASSIGNMENT((#16415,#16420));
#16415 = SURFACE_STYLE_USAGE(.BOTH.,#16416);
#16416 = SURFACE_SIDE_STYLE('',(#16417));
#16417 = SURFACE_STYLE_FILL_AREA(#16418);
#16418 = FILL_AREA_STYLE('',(#16419));
#16419 = FILL_AREA_STYLE_COLOUR('',#16221);
#16420 = CURVE_STYLE('',#16421,POSITIVE_LENGTH_MEASURE(0.1),#16221);
#16421 = DRAUGHTING_PRE_DEFINED_CURVE_FONT('continuous');
#16422 = STYLED_ITEM('color',(#16423),#10082);
#16423 = PRESENTATION_STYLE_ASSIGNMENT((#16424,#16429));
#16424 = SURFACE_STYLE_USAGE(.BOTH.,#16425);
#16425 = SURFACE_SIDE_STYLE('',(#16426));
#16426 = SURFACE_STYLE_FILL_AREA(#16427);
#16427 = FILL_AREA_STYLE('',(#16428));
#16428 = FILL_AREA_STYLE_COLOUR('',#16094);
#16429 = CURVE_STYLE('',#16430,POSITIVE_LENGTH_MEASURE(0.1),#16094);
#16430 = DRAUGHTING_PRE_DEFINED_CURVE_FONT('continuous');
#16431 = STYLED_ITEM('color',(#16432),#10131);
#16432 = PRESENTATION_STYLE_ASSIGNMENT((#16433,#16438));
#16433 = SURFACE_STYLE_USAGE(.BOTH.,#16434);
#16434 = SURFACE_SIDE_STYLE('',(#16435));
#16435 = SURFACE_STYLE_FILL_AREA(#16436);
#16436 = FILL_AREA_STYLE('',(#16437));
#16437 = FILL_AREA_STYLE_COLOUR('',#16221);
#16438 = CURVE_STYLE('',#16439,POSITIVE_LENGTH_MEASURE(0.1),#16221);
#16439 = DRAUGHTING_PRE_DEFINED_CURVE_FONT('continuous');
#16440 = STYLED_ITEM('color',(#16441),#10223);
#16441 = PRESENTATION_STYLE_ASSIGNMENT((#16442,#16447));
#16442 = SURFACE_STYLE_USAGE(.BOTH.,#16443);
#16443 = SURFACE_SIDE_STYLE('',(#16444));
#16444 = SURFACE_STYLE_FILL_AREA(#16445);
#16445 = FILL_AREA_STYLE('',(#16446));
#16446 = FILL_AREA_STYLE_COLOUR('',#16221);
#16447 = CURVE_STYLE('',#16448,POSITIVE_LENGTH_MEASURE(0.1),#16221);
#16448 = DRAUGHTING_PRE_DEFINED_CURVE_FONT('continuous');
#16449 = STYLED_ITEM('color',(#16450),#10248);
#16450 = PRESENTATION_STYLE_ASSIGNMENT((#16451,#16456));
#16451 = SURFACE_STYLE_USAGE(.BOTH.,#16452);
#16452 = SURFACE_SIDE_STYLE('',(#16453));
#16453 = SURFACE_STYLE_FILL_AREA(#16454);
#16454 = FILL_AREA_STYLE('',(#16455));
#16455 = FILL_AREA_STYLE_COLOUR('',#16221);
#16456 = CURVE_STYLE('',#16457,POSITIVE_LENGTH_MEASURE(0.1),#16221);
#16457 = DRAUGHTING_PRE_DEFINED_CURVE_FONT('continuous');
#16458 = STYLED_ITEM('color',(#16459),#10332);
#16459 = PRESENTATION_STYLE_ASSIGNMENT((#16460,#16465));
#16460 = SURFACE_STYLE_USAGE(.BOTH.,#16461);
#16461 = SURFACE_SIDE_STYLE('',(#16462));
#16462 = SURFACE_STYLE_FILL_AREA(#16463);
#16463 = FILL_AREA_STYLE('',(#16464));
#16464 = FILL_AREA_STYLE_COLOUR('',#16094);
#16465 = CURVE_STYLE('',#16466,POSITIVE_LENGTH_MEASURE(0.1),#16094);
#16466 = DRAUGHTING_PRE_DEFINED_CURVE_FONT('continuous');
#16467 = STYLED_ITEM('color',(#16468),#10354);
#16468 = PRESENTATION_STYLE_ASSIGNMENT((#16469,#16474));
#16469 = SURFACE_STYLE_USAGE(.BOTH.,#16470);
#16470 = SURFACE_SIDE_STYLE('',(#16471));
#16471 = SURFACE_STYLE_FILL_AREA(#16472);
#16472 = FILL_AREA_STYLE('',(#16473));
#16473 = FILL_AREA_STYLE_COLOUR('',#16221);
#16474 = CURVE_STYLE('',#16475,POSITIVE_LENGTH_MEASURE(0.1),#16221);
#16475 = DRAUGHTING_PRE_DEFINED_CURVE_FONT('continuous');
#16476 = STYLED_ITEM('color',(#16477),#10446);
#16477 = PRESENTATION_STYLE_ASSIGNMENT((#16478,#16483));
#16478 = SURFACE_STYLE_USAGE(.BOTH.,#16479);
#16479 = SURFACE_SIDE_STYLE('',(#16480));
#16480 = SURFACE_STYLE_FILL_AREA(#16481);
#16481 = FILL_AREA_STYLE('',(#16482));
#16482 = FILL_AREA_STYLE_COLOUR('',#16221);
#16483 = CURVE_STYLE('',#16484,POSITIVE_LENGTH_MEASURE(0.1),#16221);
#16484 = DRAUGHTING_PRE_DEFINED_CURVE_FONT('continuous');
#16485 = STYLED_ITEM('color',(#16486),#10471);
#16486 = PRESENTATION_STYLE_ASSIGNMENT((#16487,#16492));
#16487 = SURFACE_STYLE_USAGE(.BOTH.,#16488);
#16488 = SURFACE_SIDE_STYLE('',(#16489));
#16489 = SURFACE_STYLE_FILL_AREA(#16490);
#16490 = FILL_AREA_STYLE('',(#16491));
#16491 = FILL_AREA_STYLE_COLOUR('',#16221);
#16492 = CURVE_STYLE('',#16493,POSITIVE_LENGTH_MEASURE(0.1),#16221);
#16493 = DRAUGHTING_PRE_DEFINED_CURVE_FONT('continuous');
#16494 = STYLED_ITEM('color',(#16495),#10555);
#16495 = PRESENTATION_STYLE_ASSIGNMENT((#16496,#16501));
#16496 = SURFACE_STYLE_USAGE(.BOTH.,#16497);
#16497 = SURFACE_SIDE_STYLE('',(#16498));
#16498 = SURFACE_STYLE_FILL_AREA(#16499);
#16499 = FILL_AREA_STYLE('',(#16500));
#16500 = FILL_AREA_STYLE_COLOUR('',#16094);
#16501 = CURVE_STYLE('',#16502,POSITIVE_LENGTH_MEASURE(0.1),#16094);
#16502 = DRAUGHTING_PRE_DEFINED_CURVE_FONT('continuous');
#16503 = STYLED_ITEM('color',(#16504),#10572);
#16504 = PRESENTATION_STYLE_ASSIGNMENT((#16505,#16510));
#16505 = SURFACE_STYLE_USAGE(.BOTH.,#16506);
#16506 = SURFACE_SIDE_STYLE('',(#16507));
#16507 = SURFACE_STYLE_FILL_AREA(#16508);
#16508 = FILL_AREA_STYLE('',(#16509));
#16509 = FILL_AREA_STYLE_COLOUR('',#16221);
#16510 = CURVE_STYLE('',#16511,POSITIVE_LENGTH_MEASURE(0.1),#16221);
#16511 = DRAUGHTING_PRE_DEFINED_CURVE_FONT('continuous');
#16512 = STYLED_ITEM('color',(#16513),#10657);
#16513 = PRESENTATION_STYLE_ASSIGNMENT((#16514,#16519));
#16514 = SURFACE_STYLE_USAGE(.BOTH.,#16515);
#16515 = SURFACE_SIDE_STYLE('',(#16516));
#16516 = SURFACE_STYLE_FILL_AREA(#16517);
#16517 = FILL_AREA_STYLE('',(#16518));
#16518 = FILL_AREA_STYLE_COLOUR('',#16221);
#16519 = CURVE_STYLE('',#16520,POSITIVE_LENGTH_MEASURE(0.1),#16221);
#16520 = DRAUGHTING_PRE_DEFINED_CURVE_FONT('continuous');
#16521 = STYLED_ITEM('color',(#16522),#10682);
#16522 = PRESENTATION_STYLE_ASSIGNMENT((#16523,#16528));
#16523 = SURFACE_STYLE_USAGE(.BOTH.,#16524);
#16524 = SURFACE_SIDE_STYLE('',(#16525));
#16525 = SURFACE_STYLE_FILL_AREA(#16526);
#16526 = FILL_AREA_STYLE('',(#16527));
#16527 = FILL_AREA_STYLE_COLOUR('',#16221);
#16528 = CURVE_STYLE('',#16529,POSITIVE_LENGTH_MEASURE(0.1),#16221);
#16529 = DRAUGHTING_PRE_DEFINED_CURVE_FONT('continuous');
#16530 = STYLED_ITEM('color',(#16531),#10759);
#16531 = PRESENTATION_STYLE_ASSIGNMENT((#16532,#16537));
#16532 = SURFACE_STYLE_USAGE(.BOTH.,#16533);
#16533 = SURFACE_SIDE_STYLE('',(#16534));
#16534 = SURFACE_STYLE_FILL_AREA(#16535);
#16535 = FILL_AREA_STYLE('',(#16536));
#16536 = FILL_AREA_STYLE_COLOUR('',#16221);
#16537 = CURVE_STYLE('',#16538,POSITIVE_LENGTH_MEASURE(0.1),#16221);
#16538 = DRAUGHTING_PRE_DEFINED_CURVE_FONT('continuous');
#16539 = STYLED_ITEM('color',(#16540),#10844);
#16540 = PRESENTATION_STYLE_ASSIGNMENT((#16541,#16546));
#16541 = SURFACE_STYLE_USAGE(.BOTH.,#16542);
#16542 = SURFACE_SIDE_STYLE('',(#16543));
#16543 = SURFACE_STYLE_FILL_AREA(#16544);
#16544 = FILL_AREA_STYLE('',(#16545));
#16545 = FILL_AREA_STYLE_COLOUR('',#16221);
#16546 = CURVE_STYLE('',#16547,POSITIVE_LENGTH_MEASURE(0.1),#16221);
#16547 = DRAUGHTING_PRE_DEFINED_CURVE_FONT('continuous');
#16548 = STYLED_ITEM('color',(#16549),#10869);
#16549 = PRESENTATION_STYLE_ASSIGNMENT((#16550,#16555));
#16550 = SURFACE_STYLE_USAGE(.BOTH.,#16551);
#16551 = SURFACE_SIDE_STYLE('',(#16552));
#16552 = SURFACE_STYLE_FILL_AREA(#16553);
#16553 = FILL_AREA_STYLE('',(#16554));
#16554 = FILL_AREA_STYLE_COLOUR('',#16221);
#16555 = CURVE_STYLE('',#16556,POSITIVE_LENGTH_MEASURE(0.1),#16221);
#16556 = DRAUGHTING_PRE_DEFINED_CURVE_FONT('continuous');
#16557 = STYLED_ITEM('color',(#16558),#10946);
#16558 = PRESENTATION_STYLE_ASSIGNMENT((#16559,#16564));
#16559 = SURFACE_STYLE_USAGE(.BOTH.,#16560);
#16560 = SURFACE_SIDE_STYLE('',(#16561));
#16561 = SURFACE_STYLE_FILL_AREA(#16562);
#16562 = FILL_AREA_STYLE('',(#16563));
#16563 = FILL_AREA_STYLE_COLOUR('',#16094);
#16564 = CURVE_STYLE('',#16565,POSITIVE_LENGTH_MEASURE(0.1),#16094);
#16565 = DRAUGHTING_PRE_DEFINED_CURVE_FONT('continuous');
#16566 = STYLED_ITEM('color',(#16567),#10963);
#16567 = PRESENTATION_STYLE_ASSIGNMENT((#16568,#16573));
#16568 = SURFACE_STYLE_USAGE(.BOTH.,#16569);
#16569 = SURFACE_SIDE_STYLE('',(#16570));
#16570 = SURFACE_STYLE_FILL_AREA(#16571);
#16571 = FILL_AREA_STYLE('',(#16572));
#16572 = FILL_AREA_STYLE_COLOUR('',#16221);
#16573 = CURVE_STYLE('',#16574,POSITIVE_LENGTH_MEASURE(0.1),#16221);
#16574 = DRAUGHTING_PRE_DEFINED_CURVE_FONT('continuous');
#16575 = STYLED_ITEM('color',(#16576),#11055);
#16576 = PRESENTATION_STYLE_ASSIGNMENT((#16577,#16582));
#16577 = SURFACE_STYLE_USAGE(.BOTH.,#16578);
#16578 = SURFACE_SIDE_STYLE('',(#16579));
#16579 = SURFACE_STYLE_FILL_AREA(#16580);
#16580 = FILL_AREA_STYLE('',(#16581));
#16581 = FILL_AREA_STYLE_COLOUR('',#16221);
#16582 = CURVE_STYLE('',#16583,POSITIVE_LENGTH_MEASURE(0.1),#16221);
#16583 = DRAUGHTING_PRE_DEFINED_CURVE_FONT('continuous');
#16584 = STYLED_ITEM('color',(#16585),#11080);
#16585 = PRESENTATION_STYLE_ASSIGNMENT((#16586,#16591));
#16586 = SURFACE_STYLE_USAGE(.BOTH.,#16587);
#16587 = SURFACE_SIDE_STYLE('',(#16588));
#16588 = SURFACE_STYLE_FILL_AREA(#16589);
#16589 = FILL_AREA_STYLE('',(#16590));
#16590 = FILL_AREA_STYLE_COLOUR('',#16221);
#16591 = CURVE_STYLE('',#16592,POSITIVE_LENGTH_MEASURE(0.1),#16221);
#16592 = DRAUGHTING_PRE_DEFINED_CURVE_FONT('continuous');
#16593 = STYLED_ITEM('color',(#16594),#11164);
#16594 = PRESENTATION_STYLE_ASSIGNMENT((#16595,#16600));
#16595 = SURFACE_STYLE_USAGE(.BOTH.,#16596);
#16596 = SURFACE_SIDE_STYLE('',(#16597));
#16597 = SURFACE_STYLE_FILL_AREA(#16598);
#16598 = FILL_AREA_STYLE('',(#16599));
#16599 = FILL_AREA_STYLE_COLOUR('',#16094);
#16600 = CURVE_STYLE('',#16601,POSITIVE_LENGTH_MEASURE(0.1),#16094);
#16601 = DRAUGHTING_PRE_DEFINED_CURVE_FONT('continuous');
#16602 = STYLED_ITEM('color',(#16603),#11186);
#16603 = PRESENTATION_STYLE_ASSIGNMENT((#16604,#16609));
#16604 = SURFACE_STYLE_USAGE(.BOTH.,#16605);
#16605 = SURFACE_SIDE_STYLE('',(#16606));
#16606 = SURFACE_STYLE_FILL_AREA(#16607);
#16607 = FILL_AREA_STYLE('',(#16608));
#16608 = FILL_AREA_STYLE_COLOUR('',#16221);
#16609 = CURVE_STYLE('',#16610,POSITIVE_LENGTH_MEASURE(0.1),#16221);
#16610 = DRAUGHTING_PRE_DEFINED_CURVE_FONT('continuous');
#16611 = STYLED_ITEM('color',(#16612),#11278);
#16612 = PRESENTATION_STYLE_ASSIGNMENT((#16613,#16618));
#16613 = SURFACE_STYLE_USAGE(.BOTH.,#16614);
#16614 = SURFACE_SIDE_STYLE('',(#16615));
#16615 = SURFACE_STYLE_FILL_AREA(#16616);
#16616 = FILL_AREA_STYLE('',(#16617));
#16617 = FILL_AREA_STYLE_COLOUR('',#16221);
#16618 = CURVE_STYLE('',#16619,POSITIVE_LENGTH_MEASURE(0.1),#16221);
#16619 = DRAUGHTING_PRE_DEFINED_CURVE_FONT('continuous');
#16620 = STYLED_ITEM('color',(#16621),#11303);
#16621 = PRESENTATION_STYLE_ASSIGNMENT((#16622,#16627));
#16622 = SURFACE_STYLE_USAGE(.BOTH.,#16623);
#16623 = SURFACE_SIDE_STYLE('',(#16624));
#16624 = SURFACE_STYLE_FILL_AREA(#16625);
#16625 = FILL_AREA_STYLE('',(#16626));
#16626 = FILL_AREA_STYLE_COLOUR('',#16221);
#16627 = CURVE_STYLE('',#16628,POSITIVE_LENGTH_MEASURE(0.1),#16221);
#16628 = DRAUGHTING_PRE_DEFINED_CURVE_FONT('continuous');
#16629 = STYLED_ITEM('color',(#16630),#11387);
#16630 = PRESENTATION_STYLE_ASSIGNMENT((#16631,#16636));
#16631 = SURFACE_STYLE_USAGE(.BOTH.,#16632);
#16632 = SURFACE_SIDE_STYLE('',(#16633));
#16633 = SURFACE_STYLE_FILL_AREA(#16634);
#16634 = FILL_AREA_STYLE('',(#16635));
#16635 = FILL_AREA_STYLE_COLOUR('',#16221);
#16636 = CURVE_STYLE('',#16637,POSITIVE_LENGTH_MEASURE(0.1),#16221);
#16637 = DRAUGHTING_PRE_DEFINED_CURVE_FONT('continuous');
#16638 = STYLED_ITEM('color',(#16639),#11404);
#16639 = PRESENTATION_STYLE_ASSIGNMENT((#16640,#16645));
#16640 = SURFACE_STYLE_USAGE(.BOTH.,#16641);
#16641 = SURFACE_SIDE_STYLE('',(#16642));
#16642 = SURFACE_STYLE_FILL_AREA(#16643);
#16643 = FILL_AREA_STYLE('',(#16644));
#16644 = FILL_AREA_STYLE_COLOUR('',#16221);
#16645 = CURVE_STYLE('',#16646,POSITIVE_LENGTH_MEASURE(0.1),#16221);
#16646 = DRAUGHTING_PRE_DEFINED_CURVE_FONT('continuous');
#16647 = STYLED_ITEM('color',(#16648),#11423);
#16648 = PRESENTATION_STYLE_ASSIGNMENT((#16649,#16654));
#16649 = SURFACE_STYLE_USAGE(.BOTH.,#16650);
#16650 = SURFACE_SIDE_STYLE('',(#16651));
#16651 = SURFACE_STYLE_FILL_AREA(#16652);
#16652 = FILL_AREA_STYLE('',(#16653));
#16653 = FILL_AREA_STYLE_COLOUR('',#16221);
#16654 = CURVE_STYLE('',#16655,POSITIVE_LENGTH_MEASURE(0.1),#16221);
#16655 = DRAUGHTING_PRE_DEFINED_CURVE_FONT('continuous');
#16656 = STYLED_ITEM('color',(#16657),#11442);
#16657 = PRESENTATION_STYLE_ASSIGNMENT((#16658,#16663));
#16658 = SURFACE_STYLE_USAGE(.BOTH.,#16659);
#16659 = SURFACE_SIDE_STYLE('',(#16660));
#16660 = SURFACE_STYLE_FILL_AREA(#16661);
#16661 = FILL_AREA_STYLE('',(#16662));
#16662 = FILL_AREA_STYLE_COLOUR('',#16094);
#16663 = CURVE_STYLE('',#16664,POSITIVE_LENGTH_MEASURE(0.1),#16094);
#16664 = DRAUGHTING_PRE_DEFINED_CURVE_FONT('continuous');
#16665 = STYLED_ITEM('color',(#16666),#11488);
#16666 = PRESENTATION_STYLE_ASSIGNMENT((#16667,#16672));
#16667 = SURFACE_STYLE_USAGE(.BOTH.,#16668);
#16668 = SURFACE_SIDE_STYLE('',(#16669));
#16669 = SURFACE_STYLE_FILL_AREA(#16670);
#16670 = FILL_AREA_STYLE('',(#16671));
#16671 = FILL_AREA_STYLE_COLOUR('',#16094);
#16672 = CURVE_STYLE('',#16673,POSITIVE_LENGTH_MEASURE(0.1),#16094);
#16673 = DRAUGHTING_PRE_DEFINED_CURVE_FONT('continuous');
#16674 = STYLED_ITEM('color',(#16675),#11504);
#16675 = PRESENTATION_STYLE_ASSIGNMENT((#16676,#16681));
#16676 = SURFACE_STYLE_USAGE(.BOTH.,#16677);
#16677 = SURFACE_SIDE_STYLE('',(#16678));
#16678 = SURFACE_STYLE_FILL_AREA(#16679);
#16679 = FILL_AREA_STYLE('',(#16680));
#16680 = FILL_AREA_STYLE_COLOUR('',#16221);
#16681 = CURVE_STYLE('',#16682,POSITIVE_LENGTH_MEASURE(0.1),#16221);
#16682 = DRAUGHTING_PRE_DEFINED_CURVE_FONT('continuous');
#16683 = STYLED_ITEM('color',(#16684),#11523);
#16684 = PRESENTATION_STYLE_ASSIGNMENT((#16685,#16690));
#16685 = SURFACE_STYLE_USAGE(.BOTH.,#16686);
#16686 = SURFACE_SIDE_STYLE('',(#16687));
#16687 = SURFACE_STYLE_FILL_AREA(#16688);
#16688 = FILL_AREA_STYLE('',(#16689));
#16689 = FILL_AREA_STYLE_COLOUR('',#16221);
#16690 = CURVE_STYLE('',#16691,POSITIVE_LENGTH_MEASURE(0.1),#16221);
#16691 = DRAUGHTING_PRE_DEFINED_CURVE_FONT('continuous');
#16692 = STYLED_ITEM('color',(#16693),#11542);
#16693 = PRESENTATION_STYLE_ASSIGNMENT((#16694,#16699));
#16694 = SURFACE_STYLE_USAGE(.BOTH.,#16695);
#16695 = SURFACE_SIDE_STYLE('',(#16696));
#16696 = SURFACE_STYLE_FILL_AREA(#16697);
#16697 = FILL_AREA_STYLE('',(#16698));
#16698 = FILL_AREA_STYLE_COLOUR('',#16094);
#16699 = CURVE_STYLE('',#16700,POSITIVE_LENGTH_MEASURE(0.1),#16094);
#16700 = DRAUGHTING_PRE_DEFINED_CURVE_FONT('continuous');
#16701 = STYLED_ITEM('color',(#16702),#11558);
#16702 = PRESENTATION_STYLE_ASSIGNMENT((#16703,#16708));
#16703 = SURFACE_STYLE_USAGE(.BOTH.,#16704);
#16704 = SURFACE_SIDE_STYLE('',(#16705));
#16705 = SURFACE_STYLE_FILL_AREA(#16706);
#16706 = FILL_AREA_STYLE('',(#16707));
#16707 = FILL_AREA_STYLE_COLOUR('',#16221);
#16708 = CURVE_STYLE('',#16709,POSITIVE_LENGTH_MEASURE(0.1),#16221);
#16709 = DRAUGHTING_PRE_DEFINED_CURVE_FONT('continuous');
#16710 = STYLED_ITEM('color',(#16711),#11575);
#16711 = PRESENTATION_STYLE_ASSIGNMENT((#16712,#16717));
#16712 = SURFACE_STYLE_USAGE(.BOTH.,#16713);
#16713 = SURFACE_SIDE_STYLE('',(#16714));
#16714 = SURFACE_STYLE_FILL_AREA(#16715);
#16715 = FILL_AREA_STYLE('',(#16716));
#16716 = FILL_AREA_STYLE_COLOUR('',#16094);
#16717 = CURVE_STYLE('',#16718,POSITIVE_LENGTH_MEASURE(0.1),#16094);
#16718 = DRAUGHTING_PRE_DEFINED_CURVE_FONT('continuous');
#16719 = STYLED_ITEM('color',(#16720),#11587);
#16720 = PRESENTATION_STYLE_ASSIGNMENT((#16721,#16726));
#16721 = SURFACE_STYLE_USAGE(.BOTH.,#16722);
#16722 = SURFACE_SIDE_STYLE('',(#16723));
#16723 = SURFACE_STYLE_FILL_AREA(#16724);
#16724 = FILL_AREA_STYLE('',(#16725));
#16725 = FILL_AREA_STYLE_COLOUR('',#16221);
#16726 = CURVE_STYLE('',#16727,POSITIVE_LENGTH_MEASURE(0.1),#16221);
#16727 = DRAUGHTING_PRE_DEFINED_CURVE_FONT('continuous');
#16728 = STYLED_ITEM('color',(#16729),#11604);
#16729 = PRESENTATION_STYLE_ASSIGNMENT((#16730,#16735));
#16730 = SURFACE_STYLE_USAGE(.BOTH.,#16731);
#16731 = SURFACE_SIDE_STYLE('',(#16732));
#16732 = SURFACE_STYLE_FILL_AREA(#16733);
#16733 = FILL_AREA_STYLE('',(#16734));
#16734 = FILL_AREA_STYLE_COLOUR('',#16221);
#16735 = CURVE_STYLE('',#16736,POSITIVE_LENGTH_MEASURE(0.1),#16221);
#16736 = DRAUGHTING_PRE_DEFINED_CURVE_FONT('continuous');
#16737 = STYLED_ITEM('color',(#16738),#11621);
#16738 = PRESENTATION_STYLE_ASSIGNMENT((#16739,#16744));
#16739 = SURFACE_STYLE_USAGE(.BOTH.,#16740);
#16740 = SURFACE_SIDE_STYLE('',(#16741));
#16741 = SURFACE_STYLE_FILL_AREA(#16742);
#16742 = FILL_AREA_STYLE('',(#16743));
#16743 = FILL_AREA_STYLE_COLOUR('',#16221);
#16744 = CURVE_STYLE('',#16745,POSITIVE_LENGTH_MEASURE(0.1),#16221);
#16745 = DRAUGHTING_PRE_DEFINED_CURVE_FONT('continuous');
#16746 = STYLED_ITEM('color',(#16747),#11638);
#16747 = PRESENTATION_STYLE_ASSIGNMENT((#16748,#16753));
#16748 = SURFACE_STYLE_USAGE(.BOTH.,#16749);
#16749 = SURFACE_SIDE_STYLE('',(#16750));
#16750 = SURFACE_STYLE_FILL_AREA(#16751);
#16751 = FILL_AREA_STYLE('',(#16752));
#16752 = FILL_AREA_STYLE_COLOUR('',#16221);
#16753 = CURVE_STYLE('',#16754,POSITIVE_LENGTH_MEASURE(0.1),#16221);
#16754 = DRAUGHTING_PRE_DEFINED_CURVE_FONT('continuous');
#16755 = STYLED_ITEM('color',(#16756),#11655);
#16756 = PRESENTATION_STYLE_ASSIGNMENT((#16757,#16762));
#16757 = SURFACE_STYLE_USAGE(.BOTH.,#16758);
#16758 = SURFACE_SIDE_STYLE('',(#16759));
#16759 = SURFACE_STYLE_FILL_AREA(#16760);
#16760 = FILL_AREA_STYLE('',(#16761));
#16761 = FILL_AREA_STYLE_COLOUR('',#16221);
#16762 = CURVE_STYLE('',#16763,POSITIVE_LENGTH_MEASURE(0.1),#16221);
#16763 = DRAUGHTING_PRE_DEFINED_CURVE_FONT('continuous');
#16764 = STYLED_ITEM('color',(#16765),#11672);
#16765 = PRESENTATION_STYLE_ASSIGNMENT((#16766,#16771));
#16766 = SURFACE_STYLE_USAGE(.BOTH.,#16767);
#16767 = SURFACE_SIDE_STYLE('',(#16768));
#16768 = SURFACE_STYLE_FILL_AREA(#16769);
#16769 = FILL_AREA_STYLE('',(#16770));
#16770 = FILL_AREA_STYLE_COLOUR('',#16221);
#16771 = CURVE_STYLE('',#16772,POSITIVE_LENGTH_MEASURE(0.1),#16221);
#16772 = DRAUGHTING_PRE_DEFINED_CURVE_FONT('continuous');
#16773 = STYLED_ITEM('color',(#16774),#11689);
#16774 = PRESENTATION_STYLE_ASSIGNMENT((#16775,#16780));
#16775 = SURFACE_STYLE_USAGE(.BOTH.,#16776);
#16776 = SURFACE_SIDE_STYLE('',(#16777));
#16777 = SURFACE_STYLE_FILL_AREA(#16778);
#16778 = FILL_AREA_STYLE('',(#16779));
#16779 = FILL_AREA_STYLE_COLOUR('',#16221);
#16780 = CURVE_STYLE('',#16781,POSITIVE_LENGTH_MEASURE(0.1),#16221);
#16781 = DRAUGHTING_PRE_DEFINED_CURVE_FONT('continuous');
#16782 = STYLED_ITEM('color',(#16783),#11706);
#16783 = PRESENTATION_STYLE_ASSIGNMENT((#16784,#16789));
#16784 = SURFACE_STYLE_USAGE(.BOTH.,#16785);
#16785 = SURFACE_SIDE_STYLE('',(#16786));
#16786 = SURFACE_STYLE_FILL_AREA(#16787);
#16787 = FILL_AREA_STYLE('',(#16788));
#16788 = FILL_AREA_STYLE_COLOUR('',#16221);
#16789 = CURVE_STYLE('',#16790,POSITIVE_LENGTH_MEASURE(0.1),#16221);
#16790 = DRAUGHTING_PRE_DEFINED_CURVE_FONT('continuous');
#16791 = STYLED_ITEM('color',(#16792),#11718);
#16792 = PRESENTATION_STYLE_ASSIGNMENT((#16793,#16798));
#16793 = SURFACE_STYLE_USAGE(.BOTH.,#16794);
#16794 = SURFACE_SIDE_STYLE('',(#16795));
#16795 = SURFACE_STYLE_FILL_AREA(#16796);
#16796 = FILL_AREA_STYLE('',(#16797));
#16797 = FILL_AREA_STYLE_COLOUR('',#16221);
#16798 = CURVE_STYLE('',#16799,POSITIVE_LENGTH_MEASURE(0.1),#16221);
#16799 = DRAUGHTING_PRE_DEFINED_CURVE_FONT('continuous');
#16800 = STYLED_ITEM('color',(#16801),#11735);
#16801 = PRESENTATION_STYLE_ASSIGNMENT((#16802,#16807));
#16802 = SURFACE_STYLE_USAGE(.BOTH.,#16803);
#16803 = SURFACE_SIDE_STYLE('',(#16804));
#16804 = SURFACE_STYLE_FILL_AREA(#16805);
#16805 = FILL_AREA_STYLE('',(#16806));
#16806 = FILL_AREA_STYLE_COLOUR('',#16221);
#16807 = CURVE_STYLE('',#16808,POSITIVE_LENGTH_MEASURE(0.1),#16221);
#16808 = DRAUGHTING_PRE_DEFINED_CURVE_FONT('continuous');
#16809 = STYLED_ITEM('color',(#16810),#11752);
#16810 = PRESENTATION_STYLE_ASSIGNMENT((#16811,#16816));
#16811 = SURFACE_STYLE_USAGE(.BOTH.,#16812);
#16812 = SURFACE_SIDE_STYLE('',(#16813));
#16813 = SURFACE_STYLE_FILL_AREA(#16814);
#16814 = FILL_AREA_STYLE('',(#16815));
#16815 = FILL_AREA_STYLE_COLOUR('',#16221);
#16816 = CURVE_STYLE('',#16817,POSITIVE_LENGTH_MEASURE(0.1),#16221);
#16817 = DRAUGHTING_PRE_DEFINED_CURVE_FONT('continuous');
#16818 = STYLED_ITEM('color',(#16819),#11769);
#16819 = PRESENTATION_STYLE_ASSIGNMENT((#16820,#16825));
#16820 = SURFACE_STYLE_USAGE(.BOTH.,#16821);
#16821 = SURFACE_SIDE_STYLE('',(#16822));
#16822 = SURFACE_STYLE_FILL_AREA(#16823);
#16823 = FILL_AREA_STYLE('',(#16824));
#16824 = FILL_AREA_STYLE_COLOUR('',#16221);
#16825 = CURVE_STYLE('',#16826,POSITIVE_LENGTH_MEASURE(0.1),#16221);
#16826 = DRAUGHTING_PRE_DEFINED_CURVE_FONT('continuous');
#16827 = STYLED_ITEM('color',(#16828),#11786);
#16828 = PRESENTATION_STYLE_ASSIGNMENT((#16829,#16834));
#16829 = SURFACE_STYLE_USAGE(.BOTH.,#16830);
#16830 = SURFACE_SIDE_STYLE('',(#16831));
#16831 = SURFACE_STYLE_FILL_AREA(#16832);
#16832 = FILL_AREA_STYLE('',(#16833));
#16833 = FILL_AREA_STYLE_COLOUR('',#16221);
#16834 = CURVE_STYLE('',#16835,POSITIVE_LENGTH_MEASURE(0.1),#16221);
#16835 = DRAUGHTING_PRE_DEFINED_CURVE_FONT('continuous');
#16836 = STYLED_ITEM('color',(#16837),#11803);
#16837 = PRESENTATION_STYLE_ASSIGNMENT((#16838,#16843));
#16838 = SURFACE_STYLE_USAGE(.BOTH.,#16839);
#16839 = SURFACE_SIDE_STYLE('',(#16840));
#16840 = SURFACE_STYLE_FILL_AREA(#16841);
#16841 = FILL_AREA_STYLE('',(#16842));
#16842 = FILL_AREA_STYLE_COLOUR('',#16221);
#16843 = CURVE_STYLE('',#16844,POSITIVE_LENGTH_MEASURE(0.1),#16221);
#16844 = DRAUGHTING_PRE_DEFINED_CURVE_FONT('continuous');
#16845 = STYLED_ITEM('color',(#16846),#11820);
#16846 = PRESENTATION_STYLE_ASSIGNMENT((#16847,#16852));
#16847 = SURFACE_STYLE_USAGE(.BOTH.,#16848);
#16848 = SURFACE_SIDE_STYLE('',(#16849));
#16849 = SURFACE_STYLE_FILL_AREA(#16850);
#16850 = FILL_AREA_STYLE('',(#16851));
#16851 = FILL_AREA_STYLE_COLOUR('',#16221);
#16852 = CURVE_STYLE('',#16853,POSITIVE_LENGTH_MEASURE(0.1),#16221);
#16853 = DRAUGHTING_PRE_DEFINED_CURVE_FONT('continuous');
#16854 = STYLED_ITEM('color',(#16855),#11837);
#16855 = PRESENTATION_STYLE_ASSIGNMENT((#16856,#16861));
#16856 = SURFACE_STYLE_USAGE(.BOTH.,#16857);
#16857 = SURFACE_SIDE_STYLE('',(#16858));
#16858 = SURFACE_STYLE_FILL_AREA(#16859);
#16859 = FILL_AREA_STYLE('',(#16860));
#16860 = FILL_AREA_STYLE_COLOUR('',#16221);
#16861 = CURVE_STYLE('',#16862,POSITIVE_LENGTH_MEASURE(0.1),#16221);
#16862 = DRAUGHTING_PRE_DEFINED_CURVE_FONT('continuous');
#16863 = STYLED_ITEM('color',(#16864),#11849);
#16864 = PRESENTATION_STYLE_ASSIGNMENT((#16865,#16870));
#16865 = SURFACE_STYLE_USAGE(.BOTH.,#16866);
#16866 = SURFACE_SIDE_STYLE('',(#16867));
#16867 = SURFACE_STYLE_FILL_AREA(#16868);
#16868 = FILL_AREA_STYLE('',(#16869));
#16869 = FILL_AREA_STYLE_COLOUR('',#16221);
#16870 = CURVE_STYLE('',#16871,POSITIVE_LENGTH_MEASURE(0.1),#16221);
#16871 = DRAUGHTING_PRE_DEFINED_CURVE_FONT('continuous');
#16872 = STYLED_ITEM('color',(#16873),#11866);
#16873 = PRESENTATION_STYLE_ASSIGNMENT((#16874,#16879));
#16874 = SURFACE_STYLE_USAGE(.BOTH.,#16875);
#16875 = SURFACE_SIDE_STYLE('',(#16876));
#16876 = SURFACE_STYLE_FILL_AREA(#16877);
#16877 = FILL_AREA_STYLE('',(#16878));
#16878 = FILL_AREA_STYLE_COLOUR('',#16221);
#16879 = CURVE_STYLE('',#16880,POSITIVE_LENGTH_MEASURE(0.1),#16221);
#16880 = DRAUGHTING_PRE_DEFINED_CURVE_FONT('continuous');
#16881 = STYLED_ITEM('color',(#16882),#11883);
#16882 = PRESENTATION_STYLE_ASSIGNMENT((#16883,#16888));
#16883 = SURFACE_STYLE_USAGE(.BOTH.,#16884);
#16884 = SURFACE_SIDE_STYLE('',(#16885));
#16885 = SURFACE_STYLE_FILL_AREA(#16886);
#16886 = FILL_AREA_STYLE('',(#16887));
#16887 = FILL_AREA_STYLE_COLOUR('',#16221);
#16888 = CURVE_STYLE('',#16889,POSITIVE_LENGTH_MEASURE(0.1),#16221);
#16889 = DRAUGHTING_PRE_DEFINED_CURVE_FONT('continuous');
#16890 = STYLED_ITEM('color',(#16891),#11900);
#16891 = PRESENTATION_STYLE_ASSIGNMENT((#16892,#16897));
#16892 = SURFACE_STYLE_USAGE(.BOTH.,#16893);
#16893 = SURFACE_SIDE_STYLE('',(#16894));
#16894 = SURFACE_STYLE_FILL_AREA(#16895);
#16895 = FILL_AREA_STYLE('',(#16896));
#16896 = FILL_AREA_STYLE_COLOUR('',#16221);
#16897 = CURVE_STYLE('',#16898,POSITIVE_LENGTH_MEASURE(0.1),#16221);
#16898 = DRAUGHTING_PRE_DEFINED_CURVE_FONT('continuous');
#16899 = STYLED_ITEM('color',(#16900),#11917);
#16900 = PRESENTATION_STYLE_ASSIGNMENT((#16901,#16906));
#16901 = SURFACE_STYLE_USAGE(.BOTH.,#16902);
#16902 = SURFACE_SIDE_STYLE('',(#16903));
#16903 = SURFACE_STYLE_FILL_AREA(#16904);
#16904 = FILL_AREA_STYLE('',(#16905));
#16905 = FILL_AREA_STYLE_COLOUR('',#16221);
#16906 = CURVE_STYLE('',#16907,POSITIVE_LENGTH_MEASURE(0.1),#16221);
#16907 = DRAUGHTING_PRE_DEFINED_CURVE_FONT('continuous');
#16908 = STYLED_ITEM('color',(#16909),#11934);
#16909 = PRESENTATION_STYLE_ASSIGNMENT((#16910,#16915));
#16910 = SURFACE_STYLE_USAGE(.BOTH.,#16911);
#16911 = SURFACE_SIDE_STYLE('',(#16912));
#16912 = SURFACE_STYLE_FILL_AREA(#16913);
#16913 = FILL_AREA_STYLE('',(#16914));
#16914 = FILL_AREA_STYLE_COLOUR('',#16221);
#16915 = CURVE_STYLE('',#16916,POSITIVE_LENGTH_MEASURE(0.1),#16221);
#16916 = DRAUGHTING_PRE_DEFINED_CURVE_FONT('continuous');
#16917 = STYLED_ITEM('color',(#16918),#11951);
#16918 = PRESENTATION_STYLE_ASSIGNMENT((#16919,#16924));
#16919 = SURFACE_STYLE_USAGE(.BOTH.,#16920);
#16920 = SURFACE_SIDE_STYLE('',(#16921));
#16921 = SURFACE_STYLE_FILL_AREA(#16922);
#16922 = FILL_AREA_STYLE('',(#16923));
#16923 = FILL_AREA_STYLE_COLOUR('',#16221);
#16924 = CURVE_STYLE('',#16925,POSITIVE_LENGTH_MEASURE(0.1),#16221);
#16925 = DRAUGHTING_PRE_DEFINED_CURVE_FONT('continuous');
#16926 = STYLED_ITEM('color',(#16927),#11963);
#16927 = PRESENTATION_STYLE_ASSIGNMENT((#16928,#16933));
#16928 = SURFACE_STYLE_USAGE(.BOTH.,#16929);
#16929 = SURFACE_SIDE_STYLE('',(#16930));
#16930 = SURFACE_STYLE_FILL_AREA(#16931);
#16931 = FILL_AREA_STYLE('',(#16932));
#16932 = FILL_AREA_STYLE_COLOUR('',#16221);
#16933 = CURVE_STYLE('',#16934,POSITIVE_LENGTH_MEASURE(0.1),#16221);
#16934 = DRAUGHTING_PRE_DEFINED_CURVE_FONT('continuous');
#16935 = STYLED_ITEM('color',(#16936),#11980);
#16936 = PRESENTATION_STYLE_ASSIGNMENT((#16937,#16942));
#16937 = SURFACE_STYLE_USAGE(.BOTH.,#16938);
#16938 = SURFACE_SIDE_STYLE('',(#16939));
#16939 = SURFACE_STYLE_FILL_AREA(#16940);
#16940 = FILL_AREA_STYLE('',(#16941));
#16941 = FILL_AREA_STYLE_COLOUR('',#16221);
#16942 = CURVE_STYLE('',#16943,POSITIVE_LENGTH_MEASURE(0.1),#16221);
#16943 = DRAUGHTING_PRE_DEFINED_CURVE_FONT('continuous');
#16944 = STYLED_ITEM('color',(#16945),#11997);
#16945 = PRESENTATION_STYLE_ASSIGNMENT((#16946,#16951));
#16946 = SURFACE_STYLE_USAGE(.BOTH.,#16947);
#16947 = SURFACE_SIDE_STYLE('',(#16948));
#16948 = SURFACE_STYLE_FILL_AREA(#16949);
#16949 = FILL_AREA_STYLE('',(#16950));
#16950 = FILL_AREA_STYLE_COLOUR('',#16221);
#16951 = CURVE_STYLE('',#16952,POSITIVE_LENGTH_MEASURE(0.1),#16221);
#16952 = DRAUGHTING_PRE_DEFINED_CURVE_FONT('continuous');
#16953 = STYLED_ITEM('color',(#16954),#12014);
#16954 = PRESENTATION_STYLE_ASSIGNMENT((#16955,#16960));
#16955 = SURFACE_STYLE_USAGE(.BOTH.,#16956);
#16956 = SURFACE_SIDE_STYLE('',(#16957));
#16957 = SURFACE_STYLE_FILL_AREA(#16958);
#16958 = FILL_AREA_STYLE('',(#16959));
#16959 = FILL_AREA_STYLE_COLOUR('',#16221);
#16960 = CURVE_STYLE('',#16961,POSITIVE_LENGTH_MEASURE(0.1),#16221);
#16961 = DRAUGHTING_PRE_DEFINED_CURVE_FONT('continuous');
#16962 = STYLED_ITEM('color',(#16963),#12031);
#16963 = PRESENTATION_STYLE_ASSIGNMENT((#16964,#16969));
#16964 = SURFACE_STYLE_USAGE(.BOTH.,#16965);
#16965 = SURFACE_SIDE_STYLE('',(#16966));
#16966 = SURFACE_STYLE_FILL_AREA(#16967);
#16967 = FILL_AREA_STYLE('',(#16968));
#16968 = FILL_AREA_STYLE_COLOUR('',#16221);
#16969 = CURVE_STYLE('',#16970,POSITIVE_LENGTH_MEASURE(0.1),#16221);
#16970 = DRAUGHTING_PRE_DEFINED_CURVE_FONT('continuous');
#16971 = STYLED_ITEM('color',(#16972),#12048);
#16972 = PRESENTATION_STYLE_ASSIGNMENT((#16973,#16978));
#16973 = SURFACE_STYLE_USAGE(.BOTH.,#16974);
#16974 = SURFACE_SIDE_STYLE('',(#16975));
#16975 = SURFACE_STYLE_FILL_AREA(#16976);
#16976 = FILL_AREA_STYLE('',(#16977));
#16977 = FILL_AREA_STYLE_COLOUR('',#16221);
#16978 = CURVE_STYLE('',#16979,POSITIVE_LENGTH_MEASURE(0.1),#16221);
#16979 = DRAUGHTING_PRE_DEFINED_CURVE_FONT('continuous');
#16980 = STYLED_ITEM('color',(#16981),#12065);
#16981 = PRESENTATION_STYLE_ASSIGNMENT((#16982,#16987));
#16982 = SURFACE_STYLE_USAGE(.BOTH.,#16983);
#16983 = SURFACE_SIDE_STYLE('',(#16984));
#16984 = SURFACE_STYLE_FILL_AREA(#16985);
#16985 = FILL_AREA_STYLE('',(#16986));
#16986 = FILL_AREA_STYLE_COLOUR('',#16221);
#16987 = CURVE_STYLE('',#16988,POSITIVE_LENGTH_MEASURE(0.1),#16221);
#16988 = DRAUGHTING_PRE_DEFINED_CURVE_FONT('continuous');
#16989 = STYLED_ITEM('color',(#16990),#12077);
#16990 = PRESENTATION_STYLE_ASSIGNMENT((#16991,#16996));
#16991 = SURFACE_STYLE_USAGE(.BOTH.,#16992);
#16992 = SURFACE_SIDE_STYLE('',(#16993));
#16993 = SURFACE_STYLE_FILL_AREA(#16994);
#16994 = FILL_AREA_STYLE('',(#16995));
#16995 = FILL_AREA_STYLE_COLOUR('',#16221);
#16996 = CURVE_STYLE('',#16997,POSITIVE_LENGTH_MEASURE(0.1),#16221);
#16997 = DRAUGHTING_PRE_DEFINED_CURVE_FONT('continuous');
#16998 = STYLED_ITEM('color',(#16999),#12094);
#16999 = PRESENTATION_STYLE_ASSIGNMENT((#17000,#17005));
#17000 = SURFACE_STYLE_USAGE(.BOTH.,#17001);
#17001 = SURFACE_SIDE_STYLE('',(#17002));
#17002 = SURFACE_STYLE_FILL_AREA(#17003);
#17003 = FILL_AREA_STYLE('',(#17004));
#17004 = FILL_AREA_STYLE_COLOUR('',#16221);
#17005 = CURVE_STYLE('',#17006,POSITIVE_LENGTH_MEASURE(0.1),#16221);
#17006 = DRAUGHTING_PRE_DEFINED_CURVE_FONT('continuous');
#17007 = STYLED_ITEM('color',(#17008),#12111);
#17008 = PRESENTATION_STYLE_ASSIGNMENT((#17009,#17014));
#17009 = SURFACE_STYLE_USAGE(.BOTH.,#17010);
#17010 = SURFACE_SIDE_STYLE('',(#17011));
#17011 = SURFACE_STYLE_FILL_AREA(#17012);
#17012 = FILL_AREA_STYLE('',(#17013));
#17013 = FILL_AREA_STYLE_COLOUR('',#16221);
#17014 = CURVE_STYLE('',#17015,POSITIVE_LENGTH_MEASURE(0.1),#16221);
#17015 = DRAUGHTING_PRE_DEFINED_CURVE_FONT('continuous');
#17016 = STYLED_ITEM('color',(#17017),#12128);
#17017 = PRESENTATION_STYLE_ASSIGNMENT((#17018,#17023));
#17018 = SURFACE_STYLE_USAGE(.BOTH.,#17019);
#17019 = SURFACE_SIDE_STYLE('',(#17020));
#17020 = SURFACE_STYLE_FILL_AREA(#17021);
#17021 = FILL_AREA_STYLE('',(#17022));
#17022 = FILL_AREA_STYLE_COLOUR('',#16221);
#17023 = CURVE_STYLE('',#17024,POSITIVE_LENGTH_MEASURE(0.1),#16221);
#17024 = DRAUGHTING_PRE_DEFINED_CURVE_FONT('continuous');
#17025 = STYLED_ITEM('color',(#17026),#12145);
#17026 = PRESENTATION_STYLE_ASSIGNMENT((#17027,#17032));
#17027 = SURFACE_STYLE_USAGE(.BOTH.,#17028);
#17028 = SURFACE_SIDE_STYLE('',(#17029));
#17029 = SURFACE_STYLE_FILL_AREA(#17030);
#17030 = FILL_AREA_STYLE('',(#17031));
#17031 = FILL_AREA_STYLE_COLOUR('',#16221);
#17032 = CURVE_STYLE('',#17033,POSITIVE_LENGTH_MEASURE(0.1),#16221);
#17033 = DRAUGHTING_PRE_DEFINED_CURVE_FONT('continuous');
#17034 = STYLED_ITEM('color',(#17035),#12162);
#17035 = PRESENTATION_STYLE_ASSIGNMENT((#17036,#17041));
#17036 = SURFACE_STYLE_USAGE(.BOTH.,#17037);
#17037 = SURFACE_SIDE_STYLE('',(#17038));
#17038 = SURFACE_STYLE_FILL_AREA(#17039);
#17039 = FILL_AREA_STYLE('',(#17040));
#17040 = FILL_AREA_STYLE_COLOUR('',#16221);
#17041 = CURVE_STYLE('',#17042,POSITIVE_LENGTH_MEASURE(0.1),#16221);
#17042 = DRAUGHTING_PRE_DEFINED_CURVE_FONT('continuous');
#17043 = STYLED_ITEM('color',(#17044),#12179);
#17044 = PRESENTATION_STYLE_ASSIGNMENT((#17045,#17050));
#17045 = SURFACE_STYLE_USAGE(.BOTH.,#17046);
#17046 = SURFACE_SIDE_STYLE('',(#17047));
#17047 = SURFACE_STYLE_FILL_AREA(#17048);
#17048 = FILL_AREA_STYLE('',(#17049));
#17049 = FILL_AREA_STYLE_COLOUR('',#16221);
#17050 = CURVE_STYLE('',#17051,POSITIVE_LENGTH_MEASURE(0.1),#16221);
#17051 = DRAUGHTING_PRE_DEFINED_CURVE_FONT('continuous');
#17052 = STYLED_ITEM('color',(#17053),#12196);
#17053 = PRESENTATION_STYLE_ASSIGNMENT((#17054,#17059));
#17054 = SURFACE_STYLE_USAGE(.BOTH.,#17055);
#17055 = SURFACE_SIDE_STYLE('',(#17056));
#17056 = SURFACE_STYLE_FILL_AREA(#17057);
#17057 = FILL_AREA_STYLE('',(#17058));
#17058 = FILL_AREA_STYLE_COLOUR('',#16221);
#17059 = CURVE_STYLE('',#17060,POSITIVE_LENGTH_MEASURE(0.1),#16221);
#17060 = DRAUGHTING_PRE_DEFINED_CURVE_FONT('continuous');
#17061 = STYLED_ITEM('color',(#17062),#12208);
#17062 = PRESENTATION_STYLE_ASSIGNMENT((#17063,#17068));
#17063 = SURFACE_STYLE_USAGE(.BOTH.,#17064);
#17064 = SURFACE_SIDE_STYLE('',(#17065));
#17065 = SURFACE_STYLE_FILL_AREA(#17066);
#17066 = FILL_AREA_STYLE('',(#17067));
#17067 = FILL_AREA_STYLE_COLOUR('',#16221);
#17068 = CURVE_STYLE('',#17069,POSITIVE_LENGTH_MEASURE(0.1),#16221);
#17069 = DRAUGHTING_PRE_DEFINED_CURVE_FONT('continuous');
#17070 = STYLED_ITEM('color',(#17071),#12225);
#17071 = PRESENTATION_STYLE_ASSIGNMENT((#17072,#17077));
#17072 = SURFACE_STYLE_USAGE(.BOTH.,#17073);
#17073 = SURFACE_SIDE_STYLE('',(#17074));
#17074 = SURFACE_STYLE_FILL_AREA(#17075);
#17075 = FILL_AREA_STYLE('',(#17076));
#17076 = FILL_AREA_STYLE_COLOUR('',#16221);
#17077 = CURVE_STYLE('',#17078,POSITIVE_LENGTH_MEASURE(0.1),#16221);
#17078 = DRAUGHTING_PRE_DEFINED_CURVE_FONT('continuous');
#17079 = STYLED_ITEM('color',(#17080),#12242);
#17080 = PRESENTATION_STYLE_ASSIGNMENT((#17081,#17086));
#17081 = SURFACE_STYLE_USAGE(.BOTH.,#17082);
#17082 = SURFACE_SIDE_STYLE('',(#17083));
#17083 = SURFACE_STYLE_FILL_AREA(#17084);
#17084 = FILL_AREA_STYLE('',(#17085));
#17085 = FILL_AREA_STYLE_COLOUR('',#16221);
#17086 = CURVE_STYLE('',#17087,POSITIVE_LENGTH_MEASURE(0.1),#16221);
#17087 = DRAUGHTING_PRE_DEFINED_CURVE_FONT('continuous');
#17088 = STYLED_ITEM('color',(#17089),#12259);
#17089 = PRESENTATION_STYLE_ASSIGNMENT((#17090,#17095));
#17090 = SURFACE_STYLE_USAGE(.BOTH.,#17091);
#17091 = SURFACE_SIDE_STYLE('',(#17092));
#17092 = SURFACE_STYLE_FILL_AREA(#17093);
#17093 = FILL_AREA_STYLE('',(#17094));
#17094 = FILL_AREA_STYLE_COLOUR('',#16221);
#17095 = CURVE_STYLE('',#17096,POSITIVE_LENGTH_MEASURE(0.1),#16221);
#17096 = DRAUGHTING_PRE_DEFINED_CURVE_FONT('continuous');
#17097 = STYLED_ITEM('color',(#17098),#12276);
#17098 = PRESENTATION_STYLE_ASSIGNMENT((#17099,#17104));
#17099 = SURFACE_STYLE_USAGE(.BOTH.,#17100);
#17100 = SURFACE_SIDE_STYLE('',(#17101));
#17101 = SURFACE_STYLE_FILL_AREA(#17102);
#17102 = FILL_AREA_STYLE('',(#17103));
#17103 = FILL_AREA_STYLE_COLOUR('',#16221);
#17104 = CURVE_STYLE('',#17105,POSITIVE_LENGTH_MEASURE(0.1),#16221);
#17105 = DRAUGHTING_PRE_DEFINED_CURVE_FONT('continuous');
#17106 = STYLED_ITEM('color',(#17107),#12293);
#17107 = PRESENTATION_STYLE_ASSIGNMENT((#17108,#17113));
#17108 = SURFACE_STYLE_USAGE(.BOTH.,#17109);
#17109 = SURFACE_SIDE_STYLE('',(#17110));
#17110 = SURFACE_STYLE_FILL_AREA(#17111);
#17111 = FILL_AREA_STYLE('',(#17112));
#17112 = FILL_AREA_STYLE_COLOUR('',#16221);
#17113 = CURVE_STYLE('',#17114,POSITIVE_LENGTH_MEASURE(0.1),#16221);
#17114 = DRAUGHTING_PRE_DEFINED_CURVE_FONT('continuous');
#17115 = STYLED_ITEM('color',(#17116),#12310);
#17116 = PRESENTATION_STYLE_ASSIGNMENT((#17117,#17122));
#17117 = SURFACE_STYLE_USAGE(.BOTH.,#17118);
#17118 = SURFACE_SIDE_STYLE('',(#17119));
#17119 = SURFACE_STYLE_FILL_AREA(#17120);
#17120 = FILL_AREA_STYLE('',(#17121));
#17121 = FILL_AREA_STYLE_COLOUR('',#16221);
#17122 = CURVE_STYLE('',#17123,POSITIVE_LENGTH_MEASURE(0.1),#16221);
#17123 = DRAUGHTING_PRE_DEFINED_CURVE_FONT('continuous');
#17124 = STYLED_ITEM('color',(#17125),#12327);
#17125 = PRESENTATION_STYLE_ASSIGNMENT((#17126,#17131));
#17126 = SURFACE_STYLE_USAGE(.BOTH.,#17127);
#17127 = SURFACE_SIDE_STYLE('',(#17128));
#17128 = SURFACE_STYLE_FILL_AREA(#17129);
#17129 = FILL_AREA_STYLE('',(#17130));
#17130 = FILL_AREA_STYLE_COLOUR('',#16221);
#17131 = CURVE_STYLE('',#17132,POSITIVE_LENGTH_MEASURE(0.1),#16221);
#17132 = DRAUGHTING_PRE_DEFINED_CURVE_FONT('continuous');
#17133 = STYLED_ITEM('color',(#17134),#12339);
#17134 = PRESENTATION_STYLE_ASSIGNMENT((#17135,#17141));
#17135 = SURFACE_STYLE_USAGE(.BOTH.,#17136);
#17136 = SURFACE_SIDE_STYLE('',(#17137));
#17137 = SURFACE_STYLE_FILL_AREA(#17138);
#17138 = FILL_AREA_STYLE('',(#17139));
#17139 = FILL_AREA_STYLE_COLOUR('',#17140);
#17140 = COLOUR_RGB('',0.690999977303,0.663999984767,0.597999987832);
#17141 = CURVE_STYLE('',#17142,POSITIVE_LENGTH_MEASURE(0.1),#17140);
#17142 = DRAUGHTING_PRE_DEFINED_CURVE_FONT('continuous');
#17143 = MECHANICAL_DESIGN_GEOMETRIC_PRESENTATION_REPRESENTATION('',(
    #17144,#17151,#17158,#17165,#17172,#17179,#17186,#17193,#17200,
    #17207,#17214,#17221,#17228,#17235,#17242,#17249,#17256,#17264,
    #17271,#17278,#17285,#17292,#17299,#17306,#17313,#17320,#17327,
    #17334,#17341,#17348,#17355,#17362,#17369,#17376,#17383,#17390,
    #17397,#17404,#17411,#17418,#17425,#17432,#17439,#17446,#17453,
    #17460,#17467,#17474,#17481,#17488,#17495,#17502),#2493);
#17144 = STYLED_ITEM('color',(#17145),#1063);
#17145 = PRESENTATION_STYLE_ASSIGNMENT((#17146));
#17146 = SURFACE_STYLE_USAGE(.BOTH.,#17147);
#17147 = SURFACE_SIDE_STYLE('',(#17148));
#17148 = SURFACE_STYLE_FILL_AREA(#17149);
#17149 = FILL_AREA_STYLE('',(#17150));
#17150 = FILL_AREA_STYLE_COLOUR('',#16094);
#17151 = STYLED_ITEM('color',(#17152),#1103);
#17152 = PRESENTATION_STYLE_ASSIGNMENT((#17153));
#17153 = SURFACE_STYLE_USAGE(.BOTH.,#17154);
#17154 = SURFACE_SIDE_STYLE('',(#17155));
#17155 = SURFACE_STYLE_FILL_AREA(#17156);
#17156 = FILL_AREA_STYLE('',(#17157));
#17157 = FILL_AREA_STYLE_COLOUR('',#16094);
#17158 = STYLED_ITEM('color',(#17159),#1134);
#17159 = PRESENTATION_STYLE_ASSIGNMENT((#17160));
#17160 = SURFACE_STYLE_USAGE(.BOTH.,#17161);
#17161 = SURFACE_SIDE_STYLE('',(#17162));
#17162 = SURFACE_STYLE_FILL_AREA(#17163);
#17163 = FILL_AREA_STYLE('',(#17164));
#17164 = FILL_AREA_STYLE_COLOUR('',#16094);
#17165 = STYLED_ITEM('color',(#17166),#1165);
#17166 = PRESENTATION_STYLE_ASSIGNMENT((#17167));
#17167 = SURFACE_STYLE_USAGE(.BOTH.,#17168);
#17168 = SURFACE_SIDE_STYLE('',(#17169));
#17169 = SURFACE_STYLE_FILL_AREA(#17170);
#17170 = FILL_AREA_STYLE('',(#17171));
#17171 = FILL_AREA_STYLE_COLOUR('',#16094);
#17172 = STYLED_ITEM('color',(#17173),#1330);
#17173 = PRESENTATION_STYLE_ASSIGNMENT((#17174));
#17174 = SURFACE_STYLE_USAGE(.BOTH.,#17175);
#17175 = SURFACE_SIDE_STYLE('',(#17176));
#17176 = SURFACE_STYLE_FILL_AREA(#17177);
#17177 = FILL_AREA_STYLE('',(#17178));
#17178 = FILL_AREA_STYLE_COLOUR('',#16094);
#17179 = STYLED_ITEM('color',(#17180),#1495);
#17180 = PRESENTATION_STYLE_ASSIGNMENT((#17181));
#17181 = SURFACE_STYLE_USAGE(.BOTH.,#17182);
#17182 = SURFACE_SIDE_STYLE('',(#17183));
#17183 = SURFACE_STYLE_FILL_AREA(#17184);
#17184 = FILL_AREA_STYLE('',(#17185));
#17185 = FILL_AREA_STYLE_COLOUR('',#16094);
#17186 = STYLED_ITEM('color',(#17187),#1512);
#17187 = PRESENTATION_STYLE_ASSIGNMENT((#17188));
#17188 = SURFACE_STYLE_USAGE(.BOTH.,#17189);
#17189 = SURFACE_SIDE_STYLE('',(#17190));
#17190 = SURFACE_STYLE_FILL_AREA(#17191);
#17191 = FILL_AREA_STYLE('',(#17192));
#17192 = FILL_AREA_STYLE_COLOUR('',#16094);
#17193 = STYLED_ITEM('color',(#17194),#1529);
#17194 = PRESENTATION_STYLE_ASSIGNMENT((#17195));
#17195 = SURFACE_STYLE_USAGE(.BOTH.,#17196);
#17196 = SURFACE_SIDE_STYLE('',(#17197));
#17197 = SURFACE_STYLE_FILL_AREA(#17198);
#17198 = FILL_AREA_STYLE('',(#17199));
#17199 = FILL_AREA_STYLE_COLOUR('',#16094);
#17200 = STYLED_ITEM('color',(#17201),#1546);
#17201 = PRESENTATION_STYLE_ASSIGNMENT((#17202));
#17202 = SURFACE_STYLE_USAGE(.BOTH.,#17203);
#17203 = SURFACE_SIDE_STYLE('',(#17204));
#17204 = SURFACE_STYLE_FILL_AREA(#17205);
#17205 = FILL_AREA_STYLE('',(#17206));
#17206 = FILL_AREA_STYLE_COLOUR('',#16094);
#17207 = STYLED_ITEM('color',(#17208),#1563);
#17208 = PRESENTATION_STYLE_ASSIGNMENT((#17209));
#17209 = SURFACE_STYLE_USAGE(.BOTH.,#17210);
#17210 = SURFACE_SIDE_STYLE('',(#17211));
#17211 = SURFACE_STYLE_FILL_AREA(#17212);
#17212 = FILL_AREA_STYLE('',(#17213));
#17213 = FILL_AREA_STYLE_COLOUR('',#16094);
#17214 = STYLED_ITEM('color',(#17215),#1580);
#17215 = PRESENTATION_STYLE_ASSIGNMENT((#17216));
#17216 = SURFACE_STYLE_USAGE(.BOTH.,#17217);
#17217 = SURFACE_SIDE_STYLE('',(#17218));
#17218 = SURFACE_STYLE_FILL_AREA(#17219);
#17219 = FILL_AREA_STYLE('',(#17220));
#17220 = FILL_AREA_STYLE_COLOUR('',#16094);
#17221 = STYLED_ITEM('color',(#17222),#1597);
#17222 = PRESENTATION_STYLE_ASSIGNMENT((#17223));
#17223 = SURFACE_STYLE_USAGE(.BOTH.,#17224);
#17224 = SURFACE_SIDE_STYLE('',(#17225));
#17225 = SURFACE_STYLE_FILL_AREA(#17226);
#17226 = FILL_AREA_STYLE('',(#17227));
#17227 = FILL_AREA_STYLE_COLOUR('',#16094);
#17228 = STYLED_ITEM('color',(#17229),#1614);
#17229 = PRESENTATION_STYLE_ASSIGNMENT((#17230));
#17230 = SURFACE_STYLE_USAGE(.BOTH.,#17231);
#17231 = SURFACE_SIDE_STYLE('',(#17232));
#17232 = SURFACE_STYLE_FILL_AREA(#17233);
#17233 = FILL_AREA_STYLE('',(#17234));
#17234 = FILL_AREA_STYLE_COLOUR('',#16094);
#17235 = STYLED_ITEM('color',(#17236),#1631);
#17236 = PRESENTATION_STYLE_ASSIGNMENT((#17237));
#17237 = SURFACE_STYLE_USAGE(.BOTH.,#17238);
#17238 = SURFACE_SIDE_STYLE('',(#17239));
#17239 = SURFACE_STYLE_FILL_AREA(#17240);
#17240 = FILL_AREA_STYLE('',(#17241));
#17241 = FILL_AREA_STYLE_COLOUR('',#16094);
#17242 = STYLED_ITEM('color',(#17243),#1648);
#17243 = PRESENTATION_STYLE_ASSIGNMENT((#17244));
#17244 = SURFACE_STYLE_USAGE(.BOTH.,#17245);
#17245 = SURFACE_SIDE_STYLE('',(#17246));
#17246 = SURFACE_STYLE_FILL_AREA(#17247);
#17247 = FILL_AREA_STYLE('',(#17248));
#17248 = FILL_AREA_STYLE_COLOUR('',#16094);
#17249 = STYLED_ITEM('color',(#17250),#1665);
#17250 = PRESENTATION_STYLE_ASSIGNMENT((#17251));
#17251 = SURFACE_STYLE_USAGE(.BOTH.,#17252);
#17252 = SURFACE_SIDE_STYLE('',(#17253));
#17253 = SURFACE_STYLE_FILL_AREA(#17254);
#17254 = FILL_AREA_STYLE('',(#17255));
#17255 = FILL_AREA_STYLE_COLOUR('',#16094);
#17256 = STYLED_ITEM('color',(#17257),#1677);
#17257 = PRESENTATION_STYLE_ASSIGNMENT((#17258));
#17258 = SURFACE_STYLE_USAGE(.BOTH.,#17259);
#17259 = SURFACE_SIDE_STYLE('',(#17260));
#17260 = SURFACE_STYLE_FILL_AREA(#17261);
#17261 = FILL_AREA_STYLE('',(#17262));
#17262 = FILL_AREA_STYLE_COLOUR('',#17263);
#17263 = COLOUR_RGB('',0.859000020776,0.737999965183,0.495999988746);
#17264 = STYLED_ITEM('color',(#17265),#1708);
#17265 = PRESENTATION_STYLE_ASSIGNMENT((#17266));
#17266 = SURFACE_STYLE_USAGE(.BOTH.,#17267);
#17267 = SURFACE_SIDE_STYLE('',(#17268));
#17268 = SURFACE_STYLE_FILL_AREA(#17269);
#17269 = FILL_AREA_STYLE('',(#17270));
#17270 = FILL_AREA_STYLE_COLOUR('',#17263);
#17271 = STYLED_ITEM('color',(#17272),#1732);
#17272 = PRESENTATION_STYLE_ASSIGNMENT((#17273));
#17273 = SURFACE_STYLE_USAGE(.BOTH.,#17274);
#17274 = SURFACE_SIDE_STYLE('',(#17275));
#17275 = SURFACE_STYLE_FILL_AREA(#17276);
#17276 = FILL_AREA_STYLE('',(#17277));
#17277 = FILL_AREA_STYLE_COLOUR('',#17263);
#17278 = STYLED_ITEM('color',(#17279),#1756);
#17279 = PRESENTATION_STYLE_ASSIGNMENT((#17280));
#17280 = SURFACE_STYLE_USAGE(.BOTH.,#17281);
#17281 = SURFACE_SIDE_STYLE('',(#17282));
#17282 = SURFACE_STYLE_FILL_AREA(#17283);
#17283 = FILL_AREA_STYLE('',(#17284));
#17284 = FILL_AREA_STYLE_COLOUR('',#17263);
#17285 = STYLED_ITEM('color',(#17286),#1773);
#17286 = PRESENTATION_STYLE_ASSIGNMENT((#17287));
#17287 = SURFACE_STYLE_USAGE(.BOTH.,#17288);
#17288 = SURFACE_SIDE_STYLE('',(#17289));
#17289 = SURFACE_STYLE_FILL_AREA(#17290);
#17290 = FILL_AREA_STYLE('',(#17291));
#17291 = FILL_AREA_STYLE_COLOUR('',#17263);
#17292 = STYLED_ITEM('color',(#17293),#1804);
#17293 = PRESENTATION_STYLE_ASSIGNMENT((#17294));
#17294 = SURFACE_STYLE_USAGE(.BOTH.,#17295);
#17295 = SURFACE_SIDE_STYLE('',(#17296));
#17296 = SURFACE_STYLE_FILL_AREA(#17297);
#17297 = FILL_AREA_STYLE('',(#17298));
#17298 = FILL_AREA_STYLE_COLOUR('',#17263);
#17299 = STYLED_ITEM('color',(#17300),#1828);
#17300 = PRESENTATION_STYLE_ASSIGNMENT((#17301));
#17301 = SURFACE_STYLE_USAGE(.BOTH.,#17302);
#17302 = SURFACE_SIDE_STYLE('',(#17303));
#17303 = SURFACE_STYLE_FILL_AREA(#17304);
#17304 = FILL_AREA_STYLE('',(#17305));
#17305 = FILL_AREA_STYLE_COLOUR('',#17263);
#17306 = STYLED_ITEM('color',(#17307),#1852);
#17307 = PRESENTATION_STYLE_ASSIGNMENT((#17308));
#17308 = SURFACE_STYLE_USAGE(.BOTH.,#17309);
#17309 = SURFACE_SIDE_STYLE('',(#17310));
#17310 = SURFACE_STYLE_FILL_AREA(#17311);
#17311 = FILL_AREA_STYLE('',(#17312));
#17312 = FILL_AREA_STYLE_COLOUR('',#17263);
#17313 = STYLED_ITEM('color',(#17314),#1869);
#17314 = PRESENTATION_STYLE_ASSIGNMENT((#17315));
#17315 = SURFACE_STYLE_USAGE(.BOTH.,#17316);
#17316 = SURFACE_SIDE_STYLE('',(#17317));
#17317 = SURFACE_STYLE_FILL_AREA(#17318);
#17318 = FILL_AREA_STYLE('',(#17319));
#17319 = FILL_AREA_STYLE_COLOUR('',#17263);
#17320 = STYLED_ITEM('color',(#17321),#1900);
#17321 = PRESENTATION_STYLE_ASSIGNMENT((#17322));
#17322 = SURFACE_STYLE_USAGE(.BOTH.,#17323);
#17323 = SURFACE_SIDE_STYLE('',(#17324));
#17324 = SURFACE_STYLE_FILL_AREA(#17325);
#17325 = FILL_AREA_STYLE('',(#17326));
#17326 = FILL_AREA_STYLE_COLOUR('',#17263);
#17327 = STYLED_ITEM('color',(#17328),#1924);
#17328 = PRESENTATION_STYLE_ASSIGNMENT((#17329));
#17329 = SURFACE_STYLE_USAGE(.BOTH.,#17330);
#17330 = SURFACE_SIDE_STYLE('',(#17331));
#17331 = SURFACE_STYLE_FILL_AREA(#17332);
#17332 = FILL_AREA_STYLE('',(#17333));
#17333 = FILL_AREA_STYLE_COLOUR('',#17263);
#17334 = STYLED_ITEM('color',(#17335),#1948);
#17335 = PRESENTATION_STYLE_ASSIGNMENT((#17336));
#17336 = SURFACE_STYLE_USAGE(.BOTH.,#17337);
#17337 = SURFACE_SIDE_STYLE('',(#17338));
#17338 = SURFACE_STYLE_FILL_AREA(#17339);
#17339 = FILL_AREA_STYLE('',(#17340));
#17340 = FILL_AREA_STYLE_COLOUR('',#17263);
#17341 = STYLED_ITEM('color',(#17342),#1965);
#17342 = PRESENTATION_STYLE_ASSIGNMENT((#17343));
#17343 = SURFACE_STYLE_USAGE(.BOTH.,#17344);
#17344 = SURFACE_SIDE_STYLE('',(#17345));
#17345 = SURFACE_STYLE_FILL_AREA(#17346);
#17346 = FILL_AREA_STYLE('',(#17347));
#17347 = FILL_AREA_STYLE_COLOUR('',#17263);
#17348 = STYLED_ITEM('color',(#17349),#1996);
#17349 = PRESENTATION_STYLE_ASSIGNMENT((#17350));
#17350 = SURFACE_STYLE_USAGE(.BOTH.,#17351);
#17351 = SURFACE_SIDE_STYLE('',(#17352));
#17352 = SURFACE_STYLE_FILL_AREA(#17353);
#17353 = FILL_AREA_STYLE('',(#17354));
#17354 = FILL_AREA_STYLE_COLOUR('',#17263);
#17355 = STYLED_ITEM('color',(#17356),#2020);
#17356 = PRESENTATION_STYLE_ASSIGNMENT((#17357));
#17357 = SURFACE_STYLE_USAGE(.BOTH.,#17358);
#17358 = SURFACE_SIDE_STYLE('',(#17359));
#17359 = SURFACE_STYLE_FILL_AREA(#17360);
#17360 = FILL_AREA_STYLE('',(#17361));
#17361 = FILL_AREA_STYLE_COLOUR('',#17263);
#17362 = STYLED_ITEM('color',(#17363),#2044);
#17363 = PRESENTATION_STYLE_ASSIGNMENT((#17364));
#17364 = SURFACE_STYLE_USAGE(.BOTH.,#17365);
#17365 = SURFACE_SIDE_STYLE('',(#17366));
#17366 = SURFACE_STYLE_FILL_AREA(#17367);
#17367 = FILL_AREA_STYLE('',(#17368));
#17368 = FILL_AREA_STYLE_COLOUR('',#17263);
#17369 = STYLED_ITEM('color',(#17370),#2061);
#17370 = PRESENTATION_STYLE_ASSIGNMENT((#17371));
#17371 = SURFACE_STYLE_USAGE(.BOTH.,#17372);
#17372 = SURFACE_SIDE_STYLE('',(#17373));
#17373 = SURFACE_STYLE_FILL_AREA(#17374);
#17374 = FILL_AREA_STYLE('',(#17375));
#17375 = FILL_AREA_STYLE_COLOUR('',#17263);
#17376 = STYLED_ITEM('color',(#17377),#2092);
#17377 = PRESENTATION_STYLE_ASSIGNMENT((#17378));
#17378 = SURFACE_STYLE_USAGE(.BOTH.,#17379);
#17379 = SURFACE_SIDE_STYLE('',(#17380));
#17380 = SURFACE_STYLE_FILL_AREA(#17381);
#17381 = FILL_AREA_STYLE('',(#17382));
#17382 = FILL_AREA_STYLE_COLOUR('',#17263);
#17383 = STYLED_ITEM('color',(#17384),#2116);
#17384 = PRESENTATION_STYLE_ASSIGNMENT((#17385));
#17385 = SURFACE_STYLE_USAGE(.BOTH.,#17386);
#17386 = SURFACE_SIDE_STYLE('',(#17387));
#17387 = SURFACE_STYLE_FILL_AREA(#17388);
#17388 = FILL_AREA_STYLE('',(#17389));
#17389 = FILL_AREA_STYLE_COLOUR('',#17263);
#17390 = STYLED_ITEM('color',(#17391),#2140);
#17391 = PRESENTATION_STYLE_ASSIGNMENT((#17392));
#17392 = SURFACE_STYLE_USAGE(.BOTH.,#17393);
#17393 = SURFACE_SIDE_STYLE('',(#17394));
#17394 = SURFACE_STYLE_FILL_AREA(#17395);
#17395 = FILL_AREA_STYLE('',(#17396));
#17396 = FILL_AREA_STYLE_COLOUR('',#17263);
#17397 = STYLED_ITEM('color',(#17398),#2157);
#17398 = PRESENTATION_STYLE_ASSIGNMENT((#17399));
#17399 = SURFACE_STYLE_USAGE(.BOTH.,#17400);
#17400 = SURFACE_SIDE_STYLE('',(#17401));
#17401 = SURFACE_STYLE_FILL_AREA(#17402);
#17402 = FILL_AREA_STYLE('',(#17403));
#17403 = FILL_AREA_STYLE_COLOUR('',#17263);
#17404 = STYLED_ITEM('color',(#17405),#2188);
#17405 = PRESENTATION_STYLE_ASSIGNMENT((#17406));
#17406 = SURFACE_STYLE_USAGE(.BOTH.,#17407);
#17407 = SURFACE_SIDE_STYLE('',(#17408));
#17408 = SURFACE_STYLE_FILL_AREA(#17409);
#17409 = FILL_AREA_STYLE('',(#17410));
#17410 = FILL_AREA_STYLE_COLOUR('',#17263);
#17411 = STYLED_ITEM('color',(#17412),#2212);
#17412 = PRESENTATION_STYLE_ASSIGNMENT((#17413));
#17413 = SURFACE_STYLE_USAGE(.BOTH.,#17414);
#17414 = SURFACE_SIDE_STYLE('',(#17415));
#17415 = SURFACE_STYLE_FILL_AREA(#17416);
#17416 = FILL_AREA_STYLE('',(#17417));
#17417 = FILL_AREA_STYLE_COLOUR('',#17263);
#17418 = STYLED_ITEM('color',(#17419),#2236);
#17419 = PRESENTATION_STYLE_ASSIGNMENT((#17420));
#17420 = SURFACE_STYLE_USAGE(.BOTH.,#17421);
#17421 = SURFACE_SIDE_STYLE('',(#17422));
#17422 = SURFACE_STYLE_FILL_AREA(#17423);
#17423 = FILL_AREA_STYLE('',(#17424));
#17424 = FILL_AREA_STYLE_COLOUR('',#17263);
#17425 = STYLED_ITEM('color',(#17426),#2253);
#17426 = PRESENTATION_STYLE_ASSIGNMENT((#17427));
#17427 = SURFACE_STYLE_USAGE(.BOTH.,#17428);
#17428 = SURFACE_SIDE_STYLE('',(#17429));
#17429 = SURFACE_STYLE_FILL_AREA(#17430);
#17430 = FILL_AREA_STYLE('',(#17431));
#17431 = FILL_AREA_STYLE_COLOUR('',#17263);
#17432 = STYLED_ITEM('color',(#17433),#2284);
#17433 = PRESENTATION_STYLE_ASSIGNMENT((#17434));
#17434 = SURFACE_STYLE_USAGE(.BOTH.,#17435);
#17435 = SURFACE_SIDE_STYLE('',(#17436));
#17436 = SURFACE_STYLE_FILL_AREA(#17437);
#17437 = FILL_AREA_STYLE('',(#17438));
#17438 = FILL_AREA_STYLE_COLOUR('',#17263);
#17439 = STYLED_ITEM('color',(#17440),#2308);
#17440 = PRESENTATION_STYLE_ASSIGNMENT((#17441));
#17441 = SURFACE_STYLE_USAGE(.BOTH.,#17442);
#17442 = SURFACE_SIDE_STYLE('',(#17443));
#17443 = SURFACE_STYLE_FILL_AREA(#17444);
#17444 = FILL_AREA_STYLE('',(#17445));
#17445 = FILL_AREA_STYLE_COLOUR('',#17263);
#17446 = STYLED_ITEM('color',(#17447),#2332);
#17447 = PRESENTATION_STYLE_ASSIGNMENT((#17448));
#17448 = SURFACE_STYLE_USAGE(.BOTH.,#17449);
#17449 = SURFACE_SIDE_STYLE('',(#17450));
#17450 = SURFACE_STYLE_FILL_AREA(#17451);
#17451 = FILL_AREA_STYLE('',(#17452));
#17452 = FILL_AREA_STYLE_COLOUR('',#17263);
#17453 = STYLED_ITEM('color',(#17454),#2349);
#17454 = PRESENTATION_STYLE_ASSIGNMENT((#17455));
#17455 = SURFACE_STYLE_USAGE(.BOTH.,#17456);
#17456 = SURFACE_SIDE_STYLE('',(#17457));
#17457 = SURFACE_STYLE_FILL_AREA(#17458);
#17458 = FILL_AREA_STYLE('',(#17459));
#17459 = FILL_AREA_STYLE_COLOUR('',#17263);
#17460 = STYLED_ITEM('color',(#17461),#2380);
#17461 = PRESENTATION_STYLE_ASSIGNMENT((#17462));
#17462 = SURFACE_STYLE_USAGE(.BOTH.,#17463);
#17463 = SURFACE_SIDE_STYLE('',(#17464));
#17464 = SURFACE_STYLE_FILL_AREA(#17465);
#17465 = FILL_AREA_STYLE('',(#17466));
#17466 = FILL_AREA_STYLE_COLOUR('',#17263);
#17467 = STYLED_ITEM('color',(#17468),#2404);
#17468 = PRESENTATION_STYLE_ASSIGNMENT((#17469));
#17469 = SURFACE_STYLE_USAGE(.BOTH.,#17470);
#17470 = SURFACE_SIDE_STYLE('',(#17471));
#17471 = SURFACE_STYLE_FILL_AREA(#17472);
#17472 = FILL_AREA_STYLE('',(#17473));
#17473 = FILL_AREA_STYLE_COLOUR('',#17263);
#17474 = STYLED_ITEM('color',(#17475),#2428);
#17475 = PRESENTATION_STYLE_ASSIGNMENT((#17476));
#17476 = SURFACE_STYLE_USAGE(.BOTH.,#17477);
#17477 = SURFACE_SIDE_STYLE('',(#17478));
#17478 = SURFACE_STYLE_FILL_AREA(#17479);
#17479 = FILL_AREA_STYLE('',(#17480));
#17480 = FILL_AREA_STYLE_COLOUR('',#17263);
#17481 = STYLED_ITEM('color',(#17482),#2445);
#17482 = PRESENTATION_STYLE_ASSIGNMENT((#17483));
#17483 = SURFACE_STYLE_USAGE(.BOTH.,#17484);
#17484 = SURFACE_SIDE_STYLE('',(#17485));
#17485 = SURFACE_STYLE_FILL_AREA(#17486);
#17486 = FILL_AREA_STYLE('',(#17487));
#17487 = FILL_AREA_STYLE_COLOUR('',#17263);
#17488 = STYLED_ITEM('color',(#17489),#2457);
#17489 = PRESENTATION_STYLE_ASSIGNMENT((#17490));
#17490 = SURFACE_STYLE_USAGE(.BOTH.,#17491);
#17491 = SURFACE_SIDE_STYLE('',(#17492));
#17492 = SURFACE_STYLE_FILL_AREA(#17493);
#17493 = FILL_AREA_STYLE('',(#17494));
#17494 = FILL_AREA_STYLE_COLOUR('',#17263);
#17495 = STYLED_ITEM('color',(#17496),#2469);
#17496 = PRESENTATION_STYLE_ASSIGNMENT((#17497));
#17497 = SURFACE_STYLE_USAGE(.BOTH.,#17498);
#17498 = SURFACE_SIDE_STYLE('',(#17499));
#17499 = SURFACE_STYLE_FILL_AREA(#17500);
#17500 = FILL_AREA_STYLE('',(#17501));
#17501 = FILL_AREA_STYLE_COLOUR('',#17263);
#17502 = STYLED_ITEM('color',(#17503),#2481);
#17503 = PRESENTATION_STYLE_ASSIGNMENT((#17504));
#17504 = SURFACE_STYLE_USAGE(.BOTH.,#17505);
#17505 = SURFACE_SIDE_STYLE('',(#17506));
#17506 = SURFACE_STYLE_FILL_AREA(#17507);
#17507 = FILL_AREA_STYLE('',(#17508));
#17508 = FILL_AREA_STYLE_COLOUR('',#17263);
#17509 = MECHANICAL_DESIGN_GEOMETRIC_PRESENTATION_REPRESENTATION('',(
    #17510,#17517,#17524,#17531,#17538,#17546,#17553,#17560,#17567,
    #17574),#1019);
#17510 = STYLED_ITEM('color',(#17511),#539);
#17511 = PRESENTATION_STYLE_ASSIGNMENT((#17512));
#17512 = SURFACE_STYLE_USAGE(.BOTH.,#17513);
#17513 = SURFACE_SIDE_STYLE('',(#17514));
#17514 = SURFACE_STYLE_FILL_AREA(#17515);
#17515 = FILL_AREA_STYLE('',(#17516));
#17516 = FILL_AREA_STYLE_COLOUR('',#16221);
#17517 = STYLED_ITEM('color',(#17518),#556);
#17518 = PRESENTATION_STYLE_ASSIGNMENT((#17519));
#17519 = SURFACE_STYLE_USAGE(.BOTH.,#17520);
#17520 = SURFACE_SIDE_STYLE('',(#17521));
#17521 = SURFACE_STYLE_FILL_AREA(#17522);
#17522 = FILL_AREA_STYLE('',(#17523));
#17523 = FILL_AREA_STYLE_COLOUR('',#16221);
#17524 = STYLED_ITEM('color',(#17525),#581);
#17525 = PRESENTATION_STYLE_ASSIGNMENT((#17526));
#17526 = SURFACE_STYLE_USAGE(.BOTH.,#17527);
#17527 = SURFACE_SIDE_STYLE('',(#17528));
#17528 = SURFACE_STYLE_FILL_AREA(#17529);
#17529 = FILL_AREA_STYLE('',(#17530));
#17530 = FILL_AREA_STYLE_COLOUR('',#16221);
#17531 = STYLED_ITEM('color',(#17532),#611);
#17532 = PRESENTATION_STYLE_ASSIGNMENT((#17533));
#17533 = SURFACE_STYLE_USAGE(.BOTH.,#17534);
#17534 = SURFACE_SIDE_STYLE('',(#17535));
#17535 = SURFACE_STYLE_FILL_AREA(#17536);
#17536 = FILL_AREA_STYLE('',(#17537));
#17537 = FILL_AREA_STYLE_COLOUR('',#16221);
#17538 = STYLED_ITEM('color',(#17539),#745);
#17539 = PRESENTATION_STYLE_ASSIGNMENT((#17540));
#17540 = SURFACE_STYLE_USAGE(.BOTH.,#17541);
#17541 = SURFACE_SIDE_STYLE('',(#17542));
#17542 = SURFACE_STYLE_FILL_AREA(#17543);
#17543 = FILL_AREA_STYLE('',(#17544));
#17544 = FILL_AREA_STYLE_COLOUR('',#17545);
#17545 = COLOUR_RGB('',0.809000013735,0.426000008053,0.147999998088);
#17546 = STYLED_ITEM('color',(#17547),#846);
#17547 = PRESENTATION_STYLE_ASSIGNMENT((#17548));
#17548 = SURFACE_STYLE_USAGE(.BOTH.,#17549);
#17549 = SURFACE_SIDE_STYLE('',(#17550));
#17550 = SURFACE_STYLE_FILL_AREA(#17551);
#17551 = FILL_AREA_STYLE('',(#17552));
#17552 = FILL_AREA_STYLE_COLOUR('',#17545);
#17553 = STYLED_ITEM('color',(#17554),#928);
#17554 = PRESENTATION_STYLE_ASSIGNMENT((#17555));
#17555 = SURFACE_STYLE_USAGE(.BOTH.,#17556);
#17556 = SURFACE_SIDE_STYLE('',(#17557));
#17557 = SURFACE_STYLE_FILL_AREA(#17558);
#17558 = FILL_AREA_STYLE('',(#17559));
#17559 = FILL_AREA_STYLE_COLOUR('',#16221);
#17560 = STYLED_ITEM('color',(#17561),#955);
#17561 = PRESENTATION_STYLE_ASSIGNMENT((#17562));
#17562 = SURFACE_STYLE_USAGE(.BOTH.,#17563);
#17563 = SURFACE_SIDE_STYLE('',(#17564));
#17564 = SURFACE_STYLE_FILL_AREA(#17565);
#17565 = FILL_AREA_STYLE('',(#17566));
#17566 = FILL_AREA_STYLE_COLOUR('',#16221);
#17567 = STYLED_ITEM('color',(#17568),#985);
#17568 = PRESENTATION_STYLE_ASSIGNMENT((#17569));
#17569 = SURFACE_STYLE_USAGE(.BOTH.,#17570);
#17570 = SURFACE_SIDE_STYLE('',(#17571));
#17571 = SURFACE_STYLE_FILL_AREA(#17572);
#17572 = FILL_AREA_STYLE('',(#17573));
#17573 = FILL_AREA_STYLE_COLOUR('',#16221);
#17574 = STYLED_ITEM('color',(#17575),#1010);
#17575 = PRESENTATION_STYLE_ASSIGNMENT((#17576));
#17576 = SURFACE_STYLE_USAGE(.BOTH.,#17577);
#17577 = SURFACE_SIDE_STYLE('',(#17578));
#17578 = SURFACE_STYLE_FILL_AREA(#17579);
#17579 = FILL_AREA_STYLE('',(#17580));
#17580 = FILL_AREA_STYLE_COLOUR('',#16221);
#17581 = MECHANICAL_DESIGN_GEOMETRIC_PRESENTATION_REPRESENTATION('',(
    #17582,#17589,#17596,#17604,#17611,#17618,#17625,#17632,#17639,
    #17646,#17653,#17660,#17667,#17674,#17681,#17688,#17695,#17702,
    #17709,#17716,#17723,#17730,#17737,#17744,#17751,#17758,#17765,
    #17772,#17779,#17786,#17793,#17800,#17807,#17814,#17821,#17828,
    #17835,#17842,#17849,#17856,#17863,#17870,#17877,#17884,#17891,
    #17898,#17905,#17912,#17919,#17926,#17933,#17940,#17947,#17954),
  #4994);
#17582 = STYLED_ITEM('color',(#17583),#2552);
#17583 = PRESENTATION_STYLE_ASSIGNMENT((#17584));
#17584 = SURFACE_STYLE_USAGE(.BOTH.,#17585);
#17585 = SURFACE_SIDE_STYLE('',(#17586));
#17586 = SURFACE_STYLE_FILL_AREA(#17587);
#17587 = FILL_AREA_STYLE('',(#17588));
#17588 = FILL_AREA_STYLE_COLOUR('',#16221);
#17589 = STYLED_ITEM('color',(#17590),#2569);
#17590 = PRESENTATION_STYLE_ASSIGNMENT((#17591));
#17591 = SURFACE_STYLE_USAGE(.BOTH.,#17592);
#17592 = SURFACE_SIDE_STYLE('',(#17593));
#17593 = SURFACE_STYLE_FILL_AREA(#17594);
#17594 = FILL_AREA_STYLE('',(#17595));
#17595 = FILL_AREA_STYLE_COLOUR('',#16221);
#17596 = STYLED_ITEM('color',(#17597),#2594);
#17597 = PRESENTATION_STYLE_ASSIGNMENT((#17598));
#17598 = SURFACE_STYLE_USAGE(.BOTH.,#17599);
#17599 = SURFACE_SIDE_STYLE('',(#17600));
#17600 = SURFACE_STYLE_FILL_AREA(#17601);
#17601 = FILL_AREA_STYLE('',(#17602));
#17602 = FILL_AREA_STYLE_COLOUR('',#17603);
#17603 = COLOUR_RGB('',0.136999991899,0.40200001271,0.726999997272);
#17604 = STYLED_ITEM('color',(#17605),#2643);
#17605 = PRESENTATION_STYLE_ASSIGNMENT((#17606));
#17606 = SURFACE_STYLE_USAGE(.BOTH.,#17607);
#17607 = SURFACE_SIDE_STYLE('',(#17608));
#17608 = SURFACE_STYLE_FILL_AREA(#17609);
#17609 = FILL_AREA_STYLE('',(#17610));
#17610 = FILL_AREA_STYLE_COLOUR('',#17603);
#17611 = STYLED_ITEM('color',(#17612),#2676);
#17612 = PRESENTATION_STYLE_ASSIGNMENT((#17613));
#17613 = SURFACE_STYLE_USAGE(.BOTH.,#17614);
#17614 = SURFACE_SIDE_STYLE('',(#17615));
#17615 = SURFACE_STYLE_FILL_AREA(#17616);
#17616 = FILL_AREA_STYLE('',(#17617));
#17617 = FILL_AREA_STYLE_COLOUR('',#17140);
#17618 = STYLED_ITEM('color',(#17619),#2694);
#17619 = PRESENTATION_STYLE_ASSIGNMENT((#17620));
#17620 = SURFACE_STYLE_USAGE(.BOTH.,#17621);
#17621 = SURFACE_SIDE_STYLE('',(#17622));
#17622 = SURFACE_STYLE_FILL_AREA(#17623);
#17623 = FILL_AREA_STYLE('',(#17624));
#17624 = FILL_AREA_STYLE_COLOUR('',#16221);
#17625 = STYLED_ITEM('color',(#17626),#2719);
#17626 = PRESENTATION_STYLE_ASSIGNMENT((#17627));
#17627 = SURFACE_STYLE_USAGE(.BOTH.,#17628);
#17628 = SURFACE_SIDE_STYLE('',(#17629));
#17629 = SURFACE_STYLE_FILL_AREA(#17630);
#17630 = FILL_AREA_STYLE('',(#17631));
#17631 = FILL_AREA_STYLE_COLOUR('',#17603);
#17632 = STYLED_ITEM('color',(#17633),#2751);
#17633 = PRESENTATION_STYLE_ASSIGNMENT((#17634));
#17634 = SURFACE_STYLE_USAGE(.BOTH.,#17635);
#17635 = SURFACE_SIDE_STYLE('',(#17636));
#17636 = SURFACE_STYLE_FILL_AREA(#17637);
#17637 = FILL_AREA_STYLE('',(#17638));
#17638 = FILL_AREA_STYLE_COLOUR('',#17140);
#17639 = STYLED_ITEM('color',(#17640),#2769);
#17640 = PRESENTATION_STYLE_ASSIGNMENT((#17641));
#17641 = SURFACE_STYLE_USAGE(.BOTH.,#17642);
#17642 = SURFACE_SIDE_STYLE('',(#17643));
#17643 = SURFACE_STYLE_FILL_AREA(#17644);
#17644 = FILL_AREA_STYLE('',(#17645));
#17645 = FILL_AREA_STYLE_COLOUR('',#16221);
#17646 = STYLED_ITEM('color',(#17647),#2778);
#17647 = PRESENTATION_STYLE_ASSIGNMENT((#17648));
#17648 = SURFACE_STYLE_USAGE(.BOTH.,#17649);
#17649 = SURFACE_SIDE_STYLE('',(#17650));
#17650 = SURFACE_STYLE_FILL_AREA(#17651);
#17651 = FILL_AREA_STYLE('',(#17652));
#17652 = FILL_AREA_STYLE_COLOUR('',#17603);
#17653 = STYLED_ITEM('color',(#17654),#2816);
#17654 = PRESENTATION_STYLE_ASSIGNMENT((#17655));
#17655 = SURFACE_STYLE_USAGE(.BOTH.,#17656);
#17656 = SURFACE_SIDE_STYLE('',(#17657));
#17657 = SURFACE_STYLE_FILL_AREA(#17658);
#17658 = FILL_AREA_STYLE('',(#17659));
#17659 = FILL_AREA_STYLE_COLOUR('',#17140);
#17660 = STYLED_ITEM('color',(#17661),#2838);
#17661 = PRESENTATION_STYLE_ASSIGNMENT((#17662));
#17662 = SURFACE_STYLE_USAGE(.BOTH.,#17663);
#17663 = SURFACE_SIDE_STYLE('',(#17664));
#17664 = SURFACE_STYLE_FILL_AREA(#17665);
#17665 = FILL_AREA_STYLE('',(#17666));
#17666 = FILL_AREA_STYLE_COLOUR('',#17603);
#17667 = STYLED_ITEM('color',(#17668),#2901);
#17668 = PRESENTATION_STYLE_ASSIGNMENT((#17669));
#17669 = SURFACE_STYLE_USAGE(.BOTH.,#17670);
#17670 = SURFACE_SIDE_STYLE('',(#17671));
#17671 = SURFACE_STYLE_FILL_AREA(#17672);
#17672 = FILL_AREA_STYLE('',(#17673));
#17673 = FILL_AREA_STYLE_COLOUR('',#17140);
#17674 = STYLED_ITEM('color',(#17675),#2981);
#17675 = PRESENTATION_STYLE_ASSIGNMENT((#17676));
#17676 = SURFACE_STYLE_USAGE(.BOTH.,#17677);
#17677 = SURFACE_SIDE_STYLE('',(#17678));
#17678 = SURFACE_STYLE_FILL_AREA(#17679);
#17679 = FILL_AREA_STYLE('',(#17680));
#17680 = FILL_AREA_STYLE_COLOUR('',#17603);
#17681 = STYLED_ITEM('color',(#17682),#3155);
#17682 = PRESENTATION_STYLE_ASSIGNMENT((#17683));
#17683 = SURFACE_STYLE_USAGE(.BOTH.,#17684);
#17684 = SURFACE_SIDE_STYLE('',(#17685));
#17685 = SURFACE_STYLE_FILL_AREA(#17686);
#17686 = FILL_AREA_STYLE('',(#17687));
#17687 = FILL_AREA_STYLE_COLOUR('',#17140);
#17688 = STYLED_ITEM('color',(#17689),#3249);
#17689 = PRESENTATION_STYLE_ASSIGNMENT((#17690));
#17690 = SURFACE_STYLE_USAGE(.BOTH.,#17691);
#17691 = SURFACE_SIDE_STYLE('',(#17692));
#17692 = SURFACE_STYLE_FILL_AREA(#17693);
#17693 = FILL_AREA_STYLE('',(#17694));
#17694 = FILL_AREA_STYLE_COLOUR('',#16094);
#17695 = STYLED_ITEM('color',(#17696),#3277);
#17696 = PRESENTATION_STYLE_ASSIGNMENT((#17697));
#17697 = SURFACE_STYLE_USAGE(.BOTH.,#17698);
#17698 = SURFACE_SIDE_STYLE('',(#17699));
#17699 = SURFACE_STYLE_FILL_AREA(#17700);
#17700 = FILL_AREA_STYLE('',(#17701));
#17701 = FILL_AREA_STYLE_COLOUR('',#17140);
#17702 = STYLED_ITEM('color',(#17703),#3371);
#17703 = PRESENTATION_STYLE_ASSIGNMENT((#17704));
#17704 = SURFACE_STYLE_USAGE(.BOTH.,#17705);
#17705 = SURFACE_SIDE_STYLE('',(#17706));
#17706 = SURFACE_STYLE_FILL_AREA(#17707);
#17707 = FILL_AREA_STYLE('',(#17708));
#17708 = FILL_AREA_STYLE_COLOUR('',#17603);
#17709 = STYLED_ITEM('color',(#17710),#3440);
#17710 = PRESENTATION_STYLE_ASSIGNMENT((#17711));
#17711 = SURFACE_STYLE_USAGE(.BOTH.,#17712);
#17712 = SURFACE_SIDE_STYLE('',(#17713));
#17713 = SURFACE_STYLE_FILL_AREA(#17714);
#17714 = FILL_AREA_STYLE('',(#17715));
#17715 = FILL_AREA_STYLE_COLOUR('',#16094);
#17716 = STYLED_ITEM('color',(#17717),#3508);
#17717 = PRESENTATION_STYLE_ASSIGNMENT((#17718));
#17718 = SURFACE_STYLE_USAGE(.BOTH.,#17719);
#17719 = SURFACE_SIDE_STYLE('',(#17720));
#17720 = SURFACE_STYLE_FILL_AREA(#17721);
#17721 = FILL_AREA_STYLE('',(#17722));
#17722 = FILL_AREA_STYLE_COLOUR('',#17140);
#17723 = STYLED_ITEM('color',(#17724),#3562);
#17724 = PRESENTATION_STYLE_ASSIGNMENT((#17725));
#17725 = SURFACE_STYLE_USAGE(.BOTH.,#17726);
#17726 = SURFACE_SIDE_STYLE('',(#17727));
#17727 = SURFACE_STYLE_FILL_AREA(#17728);
#17728 = FILL_AREA_STYLE('',(#17729));
#17729 = FILL_AREA_STYLE_COLOUR('',#17140);
#17730 = STYLED_ITEM('color',(#17731),#3616);
#17731 = PRESENTATION_STYLE_ASSIGNMENT((#17732));
#17732 = SURFACE_STYLE_USAGE(.BOTH.,#17733);
#17733 = SURFACE_SIDE_STYLE('',(#17734));
#17734 = SURFACE_STYLE_FILL_AREA(#17735);
#17735 = FILL_AREA_STYLE('',(#17736));
#17736 = FILL_AREA_STYLE_COLOUR('',#17603);
#17737 = STYLED_ITEM('color',(#17738),#3790);
#17738 = PRESENTATION_STYLE_ASSIGNMENT((#17739));
#17739 = SURFACE_STYLE_USAGE(.BOTH.,#17740);
#17740 = SURFACE_SIDE_STYLE('',(#17741));
#17741 = SURFACE_STYLE_FILL_AREA(#17742);
#17742 = FILL_AREA_STYLE('',(#17743));
#17743 = FILL_AREA_STYLE_COLOUR('',#16094);
#17744 = STYLED_ITEM('color',(#17745),#3822);
#17745 = PRESENTATION_STYLE_ASSIGNMENT((#17746));
#17746 = SURFACE_STYLE_USAGE(.BOTH.,#17747);
#17747 = SURFACE_SIDE_STYLE('',(#17748));
#17748 = SURFACE_STYLE_FILL_AREA(#17749);
#17749 = FILL_AREA_STYLE('',(#17750));
#17750 = FILL_AREA_STYLE_COLOUR('',#17140);
#17751 = STYLED_ITEM('color',(#17752),#3902);
#17752 = PRESENTATION_STYLE_ASSIGNMENT((#17753));
#17753 = SURFACE_STYLE_USAGE(.BOTH.,#17754);
#17754 = SURFACE_SIDE_STYLE('',(#17755));
#17755 = SURFACE_STYLE_FILL_AREA(#17756);
#17756 = FILL_AREA_STYLE('',(#17757));
#17757 = FILL_AREA_STYLE_COLOUR('',#17140);
#17758 = STYLED_ITEM('color',(#17759),#3982);
#17759 = PRESENTATION_STYLE_ASSIGNMENT((#17760));
#17760 = SURFACE_STYLE_USAGE(.BOTH.,#17761);
#17761 = SURFACE_SIDE_STYLE('',(#17762));
#17762 = SURFACE_STYLE_FILL_AREA(#17763);
#17763 = FILL_AREA_STYLE('',(#17764));
#17764 = FILL_AREA_STYLE_COLOUR('',#17603);
#17765 = STYLED_ITEM('color',(#17766),#4014);
#17766 = PRESENTATION_STYLE_ASSIGNMENT((#17767));
#17767 = SURFACE_STYLE_USAGE(.BOTH.,#17768);
#17768 = SURFACE_SIDE_STYLE('',(#17769));
#17769 = SURFACE_STYLE_FILL_AREA(#17770);
#17770 = FILL_AREA_STYLE('',(#17771));
#17771 = FILL_AREA_STYLE_COLOUR('',#16094);
#17772 = STYLED_ITEM('color',(#17773),#4080);
#17773 = PRESENTATION_STYLE_ASSIGNMENT((#17774));
#17774 = SURFACE_STYLE_USAGE(.BOTH.,#17775);
#17775 = SURFACE_SIDE_STYLE('',(#17776));
#17776 = SURFACE_STYLE_FILL_AREA(#17777);
#17777 = FILL_AREA_STYLE('',(#17778));
#17778 = FILL_AREA_STYLE_COLOUR('',#17140);
#17779 = STYLED_ITEM('color',(#17780),#4263);
#17780 = PRESENTATION_STYLE_ASSIGNMENT((#17781));
#17781 = SURFACE_STYLE_USAGE(.BOTH.,#17782);
#17782 = SURFACE_SIDE_STYLE('',(#17783));
#17783 = SURFACE_STYLE_FILL_AREA(#17784);
#17784 = FILL_AREA_STYLE('',(#17785));
#17785 = FILL_AREA_STYLE_COLOUR('',#17603);
#17786 = STYLED_ITEM('color',(#17787),#4297);
#17787 = PRESENTATION_STYLE_ASSIGNMENT((#17788));
#17788 = SURFACE_STYLE_USAGE(.BOTH.,#17789);
#17789 = SURFACE_SIDE_STYLE('',(#17790));
#17790 = SURFACE_STYLE_FILL_AREA(#17791);
#17791 = FILL_AREA_STYLE('',(#17792));
#17792 = FILL_AREA_STYLE_COLOUR('',#16094);
#17793 = STYLED_ITEM('color',(#17794),#4312);
#17794 = PRESENTATION_STYLE_ASSIGNMENT((#17795));
#17795 = SURFACE_STYLE_USAGE(.BOTH.,#17796);
#17796 = SURFACE_SIDE_STYLE('',(#17797));
#17797 = SURFACE_STYLE_FILL_AREA(#17798);
#17798 = FILL_AREA_STYLE('',(#17799));
#17799 = FILL_AREA_STYLE_COLOUR('',#17140);
#17800 = STYLED_ITEM('color',(#17801),#4330);
#17801 = PRESENTATION_STYLE_ASSIGNMENT((#17802));
#17802 = SURFACE_STYLE_USAGE(.BOTH.,#17803);
#17803 = SURFACE_SIDE_STYLE('',(#17804));
#17804 = SURFACE_STYLE_FILL_AREA(#17805);
#17805 = FILL_AREA_STYLE('',(#17806));
#17806 = FILL_AREA_STYLE_COLOUR('',#16094);
#17807 = STYLED_ITEM('color',(#17808),#4348);
#17808 = PRESENTATION_STYLE_ASSIGNMENT((#17809));
#17809 = SURFACE_STYLE_USAGE(.BOTH.,#17810);
#17810 = SURFACE_SIDE_STYLE('',(#17811));
#17811 = SURFACE_STYLE_FILL_AREA(#17812);
#17812 = FILL_AREA_STYLE('',(#17813));
#17813 = FILL_AREA_STYLE_COLOUR('',#17603);
#17814 = STYLED_ITEM('color',(#17815),#4380);
#17815 = PRESENTATION_STYLE_ASSIGNMENT((#17816));
#17816 = SURFACE_STYLE_USAGE(.BOTH.,#17817);
#17817 = SURFACE_SIDE_STYLE('',(#17818));
#17818 = SURFACE_STYLE_FILL_AREA(#17819);
#17819 = FILL_AREA_STYLE('',(#17820));
#17820 = FILL_AREA_STYLE_COLOUR('',#17140);
#17821 = STYLED_ITEM('color',(#17822),#4398);
#17822 = PRESENTATION_STYLE_ASSIGNMENT((#17823));
#17823 = SURFACE_STYLE_USAGE(.BOTH.,#17824);
#17824 = SURFACE_SIDE_STYLE('',(#17825));
#17825 = SURFACE_STYLE_FILL_AREA(#17826);
#17826 = FILL_AREA_STYLE('',(#17827));
#17827 = FILL_AREA_STYLE_COLOUR('',#17603);
#17828 = STYLED_ITEM('color',(#17829),#4541);
#17829 = PRESENTATION_STYLE_ASSIGNMENT((#17830));
#17830 = SURFACE_STYLE_USAGE(.BOTH.,#17831);
#17831 = SURFACE_SIDE_STYLE('',(#17832));
#17832 = SURFACE_STYLE_FILL_AREA(#17833);
#17833 = FILL_AREA_STYLE('',(#17834));
#17834 = FILL_AREA_STYLE_COLOUR('',#17140);
#17835 = STYLED_ITEM('color',(#17836),#4593);
#17836 = PRESENTATION_STYLE_ASSIGNMENT((#17837));
#17837 = SURFACE_STYLE_USAGE(.BOTH.,#17838);
#17838 = SURFACE_SIDE_STYLE('',(#17839));
#17839 = SURFACE_STYLE_FILL_AREA(#17840);
#17840 = FILL_AREA_STYLE('',(#17841));
#17841 = FILL_AREA_STYLE_COLOUR('',#16221);
#17842 = STYLED_ITEM('color',(#17843),#4617);
#17843 = PRESENTATION_STYLE_ASSIGNMENT((#17844));
#17844 = SURFACE_STYLE_USAGE(.BOTH.,#17845);
#17845 = SURFACE_SIDE_STYLE('',(#17846));
#17846 = SURFACE_STYLE_FILL_AREA(#17847);
#17847 = FILL_AREA_STYLE('',(#17848));
#17848 = FILL_AREA_STYLE_COLOUR('',#16221);
#17849 = STYLED_ITEM('color',(#17850),#4641);
#17850 = PRESENTATION_STYLE_ASSIGNMENT((#17851));
#17851 = SURFACE_STYLE_USAGE(.BOTH.,#17852);
#17852 = SURFACE_SIDE_STYLE('',(#17853));
#17853 = SURFACE_STYLE_FILL_AREA(#17854);
#17854 = FILL_AREA_STYLE('',(#17855));
#17855 = FILL_AREA_STYLE_COLOUR('',#16221);
#17856 = STYLED_ITEM('color',(#17857),#4665);
#17857 = PRESENTATION_STYLE_ASSIGNMENT((#17858));
#17858 = SURFACE_STYLE_USAGE(.BOTH.,#17859);
#17859 = SURFACE_SIDE_STYLE('',(#17860));
#17860 = SURFACE_STYLE_FILL_AREA(#17861);
#17861 = FILL_AREA_STYLE('',(#17862));
#17862 = FILL_AREA_STYLE_COLOUR('',#16221);
#17863 = STYLED_ITEM('color',(#17864),#4727);
#17864 = PRESENTATION_STYLE_ASSIGNMENT((#17865));
#17865 = SURFACE_STYLE_USAGE(.BOTH.,#17866);
#17866 = SURFACE_SIDE_STYLE('',(#17867));
#17867 = SURFACE_STYLE_FILL_AREA(#17868);
#17868 = FILL_AREA_STYLE('',(#17869));
#17869 = FILL_AREA_STYLE_COLOUR('',#16221);
#17870 = STYLED_ITEM('color',(#17871),#4744);
#17871 = PRESENTATION_STYLE_ASSIGNMENT((#17872));
#17872 = SURFACE_STYLE_USAGE(.BOTH.,#17873);
#17873 = SURFACE_SIDE_STYLE('',(#17874));
#17874 = SURFACE_STYLE_FILL_AREA(#17875);
#17875 = FILL_AREA_STYLE('',(#17876));
#17876 = FILL_AREA_STYLE_COLOUR('',#16221);
#17877 = STYLED_ITEM('color',(#17878),#4768);
#17878 = PRESENTATION_STYLE_ASSIGNMENT((#17879));
#17879 = SURFACE_STYLE_USAGE(.BOTH.,#17880);
#17880 = SURFACE_SIDE_STYLE('',(#17881));
#17881 = SURFACE_STYLE_FILL_AREA(#17882);
#17882 = FILL_AREA_STYLE('',(#17883));
#17883 = FILL_AREA_STYLE_COLOUR('',#16221);
#17884 = STYLED_ITEM('color',(#17885),#4784);
#17885 = PRESENTATION_STYLE_ASSIGNMENT((#17886));
#17886 = SURFACE_STYLE_USAGE(.BOTH.,#17887);
#17887 = SURFACE_SIDE_STYLE('',(#17888));
#17888 = SURFACE_STYLE_FILL_AREA(#17889);
#17889 = FILL_AREA_STYLE('',(#17890));
#17890 = FILL_AREA_STYLE_COLOUR('',#16221);
#17891 = STYLED_ITEM('color',(#17892),#4808);
#17892 = PRESENTATION_STYLE_ASSIGNMENT((#17893));
#17893 = SURFACE_STYLE_USAGE(.BOTH.,#17894);
#17894 = SURFACE_SIDE_STYLE('',(#17895));
#17895 = SURFACE_STYLE_FILL_AREA(#17896);
#17896 = FILL_AREA_STYLE('',(#17897));
#17897 = FILL_AREA_STYLE_COLOUR('',#16221);
#17898 = STYLED_ITEM('color',(#17899),#4820);
#17899 = PRESENTATION_STYLE_ASSIGNMENT((#17900));
#17900 = SURFACE_STYLE_USAGE(.BOTH.,#17901);
#17901 = SURFACE_SIDE_STYLE('',(#17902));
#17902 = SURFACE_STYLE_FILL_AREA(#17903);
#17903 = FILL_AREA_STYLE('',(#17904));
#17904 = FILL_AREA_STYLE_COLOUR('',#16221);
#17905 = STYLED_ITEM('color',(#17906),#4836);
#17906 = PRESENTATION_STYLE_ASSIGNMENT((#17907));
#17907 = SURFACE_STYLE_USAGE(.BOTH.,#17908);
#17908 = SURFACE_SIDE_STYLE('',(#17909));
#17909 = SURFACE_STYLE_FILL_AREA(#17910);
#17910 = FILL_AREA_STYLE('',(#17911));
#17911 = FILL_AREA_STYLE_COLOUR('',#16221);
#17912 = STYLED_ITEM('color',(#17913),#4848);
#17913 = PRESENTATION_STYLE_ASSIGNMENT((#17914));
#17914 = SURFACE_STYLE_USAGE(.BOTH.,#17915);
#17915 = SURFACE_SIDE_STYLE('',(#17916));
#17916 = SURFACE_STYLE_FILL_AREA(#17917);
#17917 = FILL_AREA_STYLE('',(#17918));
#17918 = FILL_AREA_STYLE_COLOUR('',#16221);
#17919 = STYLED_ITEM('color',(#17920),#4860);
#17920 = PRESENTATION_STYLE_ASSIGNMENT((#17921));
#17921 = SURFACE_STYLE_USAGE(.BOTH.,#17922);
#17922 = SURFACE_SIDE_STYLE('',(#17923));
#17923 = SURFACE_STYLE_FILL_AREA(#17924);
#17924 = FILL_AREA_STYLE('',(#17925));
#17925 = FILL_AREA_STYLE_COLOUR('',#16221);
#17926 = STYLED_ITEM('color',(#17927),#4874);
#17927 = PRESENTATION_STYLE_ASSIGNMENT((#17928));
#17928 = SURFACE_STYLE_USAGE(.BOTH.,#17929);
#17929 = SURFACE_SIDE_STYLE('',(#17930));
#17930 = SURFACE_STYLE_FILL_AREA(#17931);
#17931 = FILL_AREA_STYLE('',(#17932));
#17932 = FILL_AREA_STYLE_COLOUR('',#17140);
#17933 = STYLED_ITEM('color',(#17934),#4907);
#17934 = PRESENTATION_STYLE_ASSIGNMENT((#17935));
#17935 = SURFACE_STYLE_USAGE(.BOTH.,#17936);
#17936 = SURFACE_SIDE_STYLE('',(#17937));
#17937 = SURFACE_STYLE_FILL_AREA(#17938);
#17938 = FILL_AREA_STYLE('',(#17939));
#17939 = FILL_AREA_STYLE_COLOUR('',#17140);
#17940 = STYLED_ITEM('color',(#17941),#4939);
#17941 = PRESENTATION_STYLE_ASSIGNMENT((#17942));
#17942 = SURFACE_STYLE_USAGE(.BOTH.,#17943);
#17943 = SURFACE_SIDE_STYLE('',(#17944));
#17944 = SURFACE_STYLE_FILL_AREA(#17945);
#17945 = FILL_AREA_STYLE('',(#17946));
#17946 = FILL_AREA_STYLE_COLOUR('',#17603);
#17947 = STYLED_ITEM('color',(#17948),#4956);
#17948 = PRESENTATION_STYLE_ASSIGNMENT((#17949));
#17949 = SURFACE_STYLE_USAGE(.BOTH.,#17950);
#17950 = SURFACE_SIDE_STYLE('',(#17951));
#17951 = SURFACE_STYLE_FILL_AREA(#17952);
#17952 = FILL_AREA_STYLE('',(#17953));
#17953 = FILL_AREA_STYLE_COLOUR('',#17603);
#17954 = STYLED_ITEM('color',(#17955),#4983);
#17955 = PRESENTATION_STYLE_ASSIGNMENT((#17956));
#17956 = SURFACE_STYLE_USAGE(.BOTH.,#17957);
#17957 = SURFACE_SIDE_STYLE('',(#17958));
#17958 = SURFACE_STYLE_FILL_AREA(#17959);
#17959 = FILL_AREA_STYLE('',(#17960));
#17960 = FILL_AREA_STYLE_COLOUR('',#16221);
#17961 = MECHANICAL_DESIGN_GEOMETRIC_PRESENTATION_REPRESENTATION('',(
    #17962),#16075);
#17962 = STYLED_ITEM('color',(#17963),#12382);
#17963 = PRESENTATION_STYLE_ASSIGNMENT((#17964));
#17964 = SURFACE_STYLE_USAGE(.BOTH.,#17965);
#17965 = SURFACE_SIDE_STYLE('',(#17966));
#17966 = SURFACE_STYLE_FILL_AREA(#17967);
#17967 = FILL_AREA_STYLE('',(#17968));
#17968 = FILL_AREA_STYLE_COLOUR('',#17969);
#17969 = COLOUR_RGB('',0.313304153717,0.484529207832,0.410020903123);
#17970 = MECHANICAL_DESIGN_GEOMETRIC_PRESENTATION_REPRESENTATION('',(
    #17971,#17978,#17985,#17992,#17999,#18006,#18013,#18020,#18027,
    #18034,#18041,#18048,#18055,#18062,#18069,#18076,#18083,#18090,
    #18097,#18104,#18111,#18118,#18125,#18132,#18139,#18146,#18153,
    #18160,#18167,#18174,#18181,#18188,#18195,#18202,#18209,#18216,
    #18223,#18230,#18237,#18244,#18251,#18258,#18265,#18272,#18279,
    #18286,#18293,#18300,#18307,#18314,#18321,#18328,#18335,#18342,
    #18349,#18356,#18363,#18370,#18377,#18384,#18391,#18398,#18405,
    #18412,#18419,#18426,#18433,#18440,#18447,#18454,#18461,#18468,
    #18475,#18482,#18489,#18496,#18503,#18510,#18517,#18524,#18531,
    #18538,#18545,#18552,#18559,#18566,#18573,#18580,#18587,#18594,
    #18601,#18608,#18615,#18622,#18629,#18636,#18643,#18650,#18657,
    #18664,#18671,#18678,#18685,#18692,#18699),#8770);
#17971 = STYLED_ITEM('color',(#17972),#5543);
#17972 = PRESENTATION_STYLE_ASSIGNMENT((#17973));
#17973 = SURFACE_STYLE_USAGE(.BOTH.,#17974);
#17974 = SURFACE_SIDE_STYLE('',(#17975));
#17975 = SURFACE_STYLE_FILL_AREA(#17976);
#17976 = FILL_AREA_STYLE('',(#17977));
#17977 = FILL_AREA_STYLE_COLOUR('',#16094);
#17978 = STYLED_ITEM('color',(#17979),#5560);
#17979 = PRESENTATION_STYLE_ASSIGNMENT((#17980));
#17980 = SURFACE_STYLE_USAGE(.BOTH.,#17981);
#17981 = SURFACE_SIDE_STYLE('',(#17982));
#17982 = SURFACE_STYLE_FILL_AREA(#17983);
#17983 = FILL_AREA_STYLE('',(#17984));
#17984 = FILL_AREA_STYLE_COLOUR('',#16094);
#17985 = STYLED_ITEM('color',(#17986),#5585);
#17986 = PRESENTATION_STYLE_ASSIGNMENT((#17987));
#17987 = SURFACE_STYLE_USAGE(.BOTH.,#17988);
#17988 = SURFACE_SIDE_STYLE('',(#17989));
#17989 = SURFACE_STYLE_FILL_AREA(#17990);
#17990 = FILL_AREA_STYLE('',(#17991));
#17991 = FILL_AREA_STYLE_COLOUR('',#16221);
#17992 = STYLED_ITEM('color',(#17993),#5708);
#17993 = PRESENTATION_STYLE_ASSIGNMENT((#17994));
#17994 = SURFACE_STYLE_USAGE(.BOTH.,#17995);
#17995 = SURFACE_SIDE_STYLE('',(#17996));
#17996 = SURFACE_STYLE_FILL_AREA(#17997);
#17997 = FILL_AREA_STYLE('',(#17998));
#17998 = FILL_AREA_STYLE_COLOUR('',#16221);
#17999 = STYLED_ITEM('color',(#18000),#5739);
#18000 = PRESENTATION_STYLE_ASSIGNMENT((#18001));
#18001 = SURFACE_STYLE_USAGE(.BOTH.,#18002);
#18002 = SURFACE_SIDE_STYLE('',(#18003));
#18003 = SURFACE_STYLE_FILL_AREA(#18004);
#18004 = FILL_AREA_STYLE('',(#18005));
#18005 = FILL_AREA_STYLE_COLOUR('',#16221);
#18006 = STYLED_ITEM('color',(#18007),#5764);
#18007 = PRESENTATION_STYLE_ASSIGNMENT((#18008));
#18008 = SURFACE_STYLE_USAGE(.BOTH.,#18009);
#18009 = SURFACE_SIDE_STYLE('',(#18010));
#18010 = SURFACE_STYLE_FILL_AREA(#18011);
#18011 = FILL_AREA_STYLE('',(#18012));
#18012 = FILL_AREA_STYLE_COLOUR('',#16221);
#18013 = STYLED_ITEM('color',(#18014),#5789);
#18014 = PRESENTATION_STYLE_ASSIGNMENT((#18015));
#18015 = SURFACE_STYLE_USAGE(.BOTH.,#18016);
#18016 = SURFACE_SIDE_STYLE('',(#18017));
#18017 = SURFACE_STYLE_FILL_AREA(#18018);
#18018 = FILL_AREA_STYLE('',(#18019));
#18019 = FILL_AREA_STYLE_COLOUR('',#16221);
#18020 = STYLED_ITEM('color',(#18021),#5813);
#18021 = PRESENTATION_STYLE_ASSIGNMENT((#18022));
#18022 = SURFACE_STYLE_USAGE(.BOTH.,#18023);
#18023 = SURFACE_SIDE_STYLE('',(#18024));
#18024 = SURFACE_STYLE_FILL_AREA(#18025);
#18025 = FILL_AREA_STYLE('',(#18026));
#18026 = FILL_AREA_STYLE_COLOUR('',#16221);
#18027 = STYLED_ITEM('color',(#18028),#5837);
#18028 = PRESENTATION_STYLE_ASSIGNMENT((#18029));
#18029 = SURFACE_STYLE_USAGE(.BOTH.,#18030);
#18030 = SURFACE_SIDE_STYLE('',(#18031));
#18031 = SURFACE_STYLE_FILL_AREA(#18032);
#18032 = FILL_AREA_STYLE('',(#18033));
#18033 = FILL_AREA_STYLE_COLOUR('',#16221);
#18034 = STYLED_ITEM('color',(#18035),#5862);
#18035 = PRESENTATION_STYLE_ASSIGNMENT((#18036));
#18036 = SURFACE_STYLE_USAGE(.BOTH.,#18037);
#18037 = SURFACE_SIDE_STYLE('',(#18038));
#18038 = SURFACE_STYLE_FILL_AREA(#18039);
#18039 = FILL_AREA_STYLE('',(#18040));
#18040 = FILL_AREA_STYLE_COLOUR('',#16221);
#18041 = STYLED_ITEM('color',(#18042),#5887);
#18042 = PRESENTATION_STYLE_ASSIGNMENT((#18043));
#18043 = SURFACE_STYLE_USAGE(.BOTH.,#18044);
#18044 = SURFACE_SIDE_STYLE('',(#18045));
#18045 = SURFACE_STYLE_FILL_AREA(#18046);
#18046 = FILL_AREA_STYLE('',(#18047));
#18047 = FILL_AREA_STYLE_COLOUR('',#16221);
#18048 = STYLED_ITEM('color',(#18049),#5904);
#18049 = PRESENTATION_STYLE_ASSIGNMENT((#18050));
#18050 = SURFACE_STYLE_USAGE(.BOTH.,#18051);
#18051 = SURFACE_SIDE_STYLE('',(#18052));
#18052 = SURFACE_STYLE_FILL_AREA(#18053);
#18053 = FILL_AREA_STYLE('',(#18054));
#18054 = FILL_AREA_STYLE_COLOUR('',#16094);
#18055 = STYLED_ITEM('color',(#18056),#5929);
#18056 = PRESENTATION_STYLE_ASSIGNMENT((#18057));
#18057 = SURFACE_STYLE_USAGE(.BOTH.,#18058);
#18058 = SURFACE_SIDE_STYLE('',(#18059));
#18059 = SURFACE_STYLE_FILL_AREA(#18060);
#18060 = FILL_AREA_STYLE('',(#18061));
#18061 = FILL_AREA_STYLE_COLOUR('',#16094);
#18062 = STYLED_ITEM('color',(#18063),#5954);
#18063 = PRESENTATION_STYLE_ASSIGNMENT((#18064));
#18064 = SURFACE_STYLE_USAGE(.BOTH.,#18065);
#18065 = SURFACE_SIDE_STYLE('',(#18066));
#18066 = SURFACE_STYLE_FILL_AREA(#18067);
#18067 = FILL_AREA_STYLE('',(#18068));
#18068 = FILL_AREA_STYLE_COLOUR('',#16094);
#18069 = STYLED_ITEM('color',(#18070),#5979);
#18070 = PRESENTATION_STYLE_ASSIGNMENT((#18071));
#18071 = SURFACE_STYLE_USAGE(.BOTH.,#18072);
#18072 = SURFACE_SIDE_STYLE('',(#18073));
#18073 = SURFACE_STYLE_FILL_AREA(#18074);
#18074 = FILL_AREA_STYLE('',(#18075));
#18075 = FILL_AREA_STYLE_COLOUR('',#16094);
#18076 = STYLED_ITEM('color',(#18077),#6004);
#18077 = PRESENTATION_STYLE_ASSIGNMENT((#18078));
#18078 = SURFACE_STYLE_USAGE(.BOTH.,#18079);
#18079 = SURFACE_SIDE_STYLE('',(#18080));
#18080 = SURFACE_STYLE_FILL_AREA(#18081);
#18081 = FILL_AREA_STYLE('',(#18082));
#18082 = FILL_AREA_STYLE_COLOUR('',#16094);
#18083 = STYLED_ITEM('color',(#18084),#6035);
#18084 = PRESENTATION_STYLE_ASSIGNMENT((#18085));
#18085 = SURFACE_STYLE_USAGE(.BOTH.,#18086);
#18086 = SURFACE_SIDE_STYLE('',(#18087));
#18087 = SURFACE_STYLE_FILL_AREA(#18088);
#18088 = FILL_AREA_STYLE('',(#18089));
#18089 = FILL_AREA_STYLE_COLOUR('',#16094);
#18090 = STYLED_ITEM('color',(#18091),#6060);
#18091 = PRESENTATION_STYLE_ASSIGNMENT((#18092));
#18092 = SURFACE_STYLE_USAGE(.BOTH.,#18093);
#18093 = SURFACE_SIDE_STYLE('',(#18094));
#18094 = SURFACE_STYLE_FILL_AREA(#18095);
#18095 = FILL_AREA_STYLE('',(#18096));
#18096 = FILL_AREA_STYLE_COLOUR('',#16094);
#18097 = STYLED_ITEM('color',(#18098),#6085);
#18098 = PRESENTATION_STYLE_ASSIGNMENT((#18099));
#18099 = SURFACE_STYLE_USAGE(.BOTH.,#18100);
#18100 = SURFACE_SIDE_STYLE('',(#18101));
#18101 = SURFACE_STYLE_FILL_AREA(#18102);
#18102 = FILL_AREA_STYLE('',(#18103));
#18103 = FILL_AREA_STYLE_COLOUR('',#16094);
#18104 = STYLED_ITEM('color',(#18105),#6173);
#18105 = PRESENTATION_STYLE_ASSIGNMENT((#18106));
#18106 = SURFACE_STYLE_USAGE(.BOTH.,#18107);
#18107 = SURFACE_SIDE_STYLE('',(#18108));
#18108 = SURFACE_STYLE_FILL_AREA(#18109);
#18109 = FILL_AREA_STYLE('',(#18110));
#18110 = FILL_AREA_STYLE_COLOUR('',#16094);
#18111 = STYLED_ITEM('color',(#18112),#6261);
#18112 = PRESENTATION_STYLE_ASSIGNMENT((#18113));
#18113 = SURFACE_STYLE_USAGE(.BOTH.,#18114);
#18114 = SURFACE_SIDE_STYLE('',(#18115));
#18115 = SURFACE_STYLE_FILL_AREA(#18116);
#18116 = FILL_AREA_STYLE('',(#18117));
#18117 = FILL_AREA_STYLE_COLOUR('',#16094);
#18118 = STYLED_ITEM('color',(#18119),#6286);
#18119 = PRESENTATION_STYLE_ASSIGNMENT((#18120));
#18120 = SURFACE_STYLE_USAGE(.BOTH.,#18121);
#18121 = SURFACE_SIDE_STYLE('',(#18122));
#18122 = SURFACE_STYLE_FILL_AREA(#18123);
#18123 = FILL_AREA_STYLE('',(#18124));
#18124 = FILL_AREA_STYLE_COLOUR('',#16094);
#18125 = STYLED_ITEM('color',(#18126),#6311);
#18126 = PRESENTATION_STYLE_ASSIGNMENT((#18127));
#18127 = SURFACE_STYLE_USAGE(.BOTH.,#18128);
#18128 = SURFACE_SIDE_STYLE('',(#18129));
#18129 = SURFACE_STYLE_FILL_AREA(#18130);
#18130 = FILL_AREA_STYLE('',(#18131));
#18131 = FILL_AREA_STYLE_COLOUR('',#16094);
#18132 = STYLED_ITEM('color',(#18133),#6328);
#18133 = PRESENTATION_STYLE_ASSIGNMENT((#18134));
#18134 = SURFACE_STYLE_USAGE(.BOTH.,#18135);
#18135 = SURFACE_SIDE_STYLE('',(#18136));
#18136 = SURFACE_STYLE_FILL_AREA(#18137);
#18137 = FILL_AREA_STYLE('',(#18138));
#18138 = FILL_AREA_STYLE_COLOUR('',#16094);
#18139 = STYLED_ITEM('color',(#18140),#6337);
#18140 = PRESENTATION_STYLE_ASSIGNMENT((#18141));
#18141 = SURFACE_STYLE_USAGE(.BOTH.,#18142);
#18142 = SURFACE_SIDE_STYLE('',(#18143));
#18143 = SURFACE_STYLE_FILL_AREA(#18144);
#18144 = FILL_AREA_STYLE('',(#18145));
#18145 = FILL_AREA_STYLE_COLOUR('',#16094);
#18146 = STYLED_ITEM('color',(#18147),#6363);
#18147 = PRESENTATION_STYLE_ASSIGNMENT((#18148));
#18148 = SURFACE_STYLE_USAGE(.BOTH.,#18149);
#18149 = SURFACE_SIDE_STYLE('',(#18150));
#18150 = SURFACE_STYLE_FILL_AREA(#18151);
#18151 = FILL_AREA_STYLE('',(#18152));
#18152 = FILL_AREA_STYLE_COLOUR('',#16094);
#18153 = STYLED_ITEM('color',(#18154),#6372);
#18154 = PRESENTATION_STYLE_ASSIGNMENT((#18155));
#18155 = SURFACE_STYLE_USAGE(.BOTH.,#18156);
#18156 = SURFACE_SIDE_STYLE('',(#18157));
#18157 = SURFACE_STYLE_FILL_AREA(#18158);
#18158 = FILL_AREA_STYLE('',(#18159));
#18159 = FILL_AREA_STYLE_COLOUR('',#16094);
#18160 = STYLED_ITEM('color',(#18161),#6381);
#18161 = PRESENTATION_STYLE_ASSIGNMENT((#18162));
#18162 = SURFACE_STYLE_USAGE(.BOTH.,#18163);
#18163 = SURFACE_SIDE_STYLE('',(#18164));
#18164 = SURFACE_STYLE_FILL_AREA(#18165);
#18165 = FILL_AREA_STYLE('',(#18166));
#18166 = FILL_AREA_STYLE_COLOUR('',#16094);
#18167 = STYLED_ITEM('color',(#18168),#6425);
#18168 = PRESENTATION_STYLE_ASSIGNMENT((#18169));
#18169 = SURFACE_STYLE_USAGE(.BOTH.,#18170);
#18170 = SURFACE_SIDE_STYLE('',(#18171));
#18171 = SURFACE_STYLE_FILL_AREA(#18172);
#18172 = FILL_AREA_STYLE('',(#18173));
#18173 = FILL_AREA_STYLE_COLOUR('',#16221);
#18174 = STYLED_ITEM('color',(#18175),#6575);
#18175 = PRESENTATION_STYLE_ASSIGNMENT((#18176));
#18176 = SURFACE_STYLE_USAGE(.BOTH.,#18177);
#18177 = SURFACE_SIDE_STYLE('',(#18178));
#18178 = SURFACE_STYLE_FILL_AREA(#18179);
#18179 = FILL_AREA_STYLE('',(#18180));
#18180 = FILL_AREA_STYLE_COLOUR('',#16221);
#18181 = STYLED_ITEM('color',(#18182),#6599);
#18182 = PRESENTATION_STYLE_ASSIGNMENT((#18183));
#18183 = SURFACE_STYLE_USAGE(.BOTH.,#18184);
#18184 = SURFACE_SIDE_STYLE('',(#18185));
#18185 = SURFACE_STYLE_FILL_AREA(#18186);
#18186 = FILL_AREA_STYLE('',(#18187));
#18187 = FILL_AREA_STYLE_COLOUR('',#16221);
#18188 = STYLED_ITEM('color',(#18189),#6742);
#18189 = PRESENTATION_STYLE_ASSIGNMENT((#18190));
#18190 = SURFACE_STYLE_USAGE(.BOTH.,#18191);
#18191 = SURFACE_SIDE_STYLE('',(#18192));
#18192 = SURFACE_STYLE_FILL_AREA(#18193);
#18193 = FILL_AREA_STYLE('',(#18194));
#18194 = FILL_AREA_STYLE_COLOUR('',#16221);
#18195 = STYLED_ITEM('color',(#18196),#6892);
#18196 = PRESENTATION_STYLE_ASSIGNMENT((#18197));
#18197 = SURFACE_STYLE_USAGE(.BOTH.,#18198);
#18198 = SURFACE_SIDE_STYLE('',(#18199));
#18199 = SURFACE_STYLE_FILL_AREA(#18200);
#18200 = FILL_AREA_STYLE('',(#18201));
#18201 = FILL_AREA_STYLE_COLOUR('',#16221);
#18202 = STYLED_ITEM('color',(#18203),#7042);
#18203 = PRESENTATION_STYLE_ASSIGNMENT((#18204));
#18204 = SURFACE_STYLE_USAGE(.BOTH.,#18205);
#18205 = SURFACE_SIDE_STYLE('',(#18206));
#18206 = SURFACE_STYLE_FILL_AREA(#18207);
#18207 = FILL_AREA_STYLE('',(#18208));
#18208 = FILL_AREA_STYLE_COLOUR('',#16221);
#18209 = STYLED_ITEM('color',(#18210),#7059);
#18210 = PRESENTATION_STYLE_ASSIGNMENT((#18211));
#18211 = SURFACE_STYLE_USAGE(.BOTH.,#18212);
#18212 = SURFACE_SIDE_STYLE('',(#18213));
#18213 = SURFACE_STYLE_FILL_AREA(#18214);
#18214 = FILL_AREA_STYLE('',(#18215));
#18215 = FILL_AREA_STYLE_COLOUR('',#16221);
#18216 = STYLED_ITEM('color',(#18217),#7209);
#18217 = PRESENTATION_STYLE_ASSIGNMENT((#18218));
#18218 = SURFACE_STYLE_USAGE(.BOTH.,#18219);
#18219 = SURFACE_SIDE_STYLE('',(#18220));
#18220 = SURFACE_STYLE_FILL_AREA(#18221);
#18221 = FILL_AREA_STYLE('',(#18222));
#18222 = FILL_AREA_STYLE_COLOUR('',#16221);
#18223 = STYLED_ITEM('color',(#18224),#7233);
#18224 = PRESENTATION_STYLE_ASSIGNMENT((#18225));
#18225 = SURFACE_STYLE_USAGE(.BOTH.,#18226);
#18226 = SURFACE_SIDE_STYLE('',(#18227));
#18227 = SURFACE_STYLE_FILL_AREA(#18228);
#18228 = FILL_AREA_STYLE('',(#18229));
#18229 = FILL_AREA_STYLE_COLOUR('',#16221);
#18230 = STYLED_ITEM('color',(#18231),#7376);
#18231 = PRESENTATION_STYLE_ASSIGNMENT((#18232));
#18232 = SURFACE_STYLE_USAGE(.BOTH.,#18233);
#18233 = SURFACE_SIDE_STYLE('',(#18234));
#18234 = SURFACE_STYLE_FILL_AREA(#18235);
#18235 = FILL_AREA_STYLE('',(#18236));
#18236 = FILL_AREA_STYLE_COLOUR('',#16221);
#18237 = STYLED_ITEM('color',(#18238),#7526);
#18238 = PRESENTATION_STYLE_ASSIGNMENT((#18239));
#18239 = SURFACE_STYLE_USAGE(.BOTH.,#18240);
#18240 = SURFACE_SIDE_STYLE('',(#18241));
#18241 = SURFACE_STYLE_FILL_AREA(#18242);
#18242 = FILL_AREA_STYLE('',(#18243));
#18243 = FILL_AREA_STYLE_COLOUR('',#16221);
#18244 = STYLED_ITEM('color',(#18245),#7676);
#18245 = PRESENTATION_STYLE_ASSIGNMENT((#18246));
#18246 = SURFACE_STYLE_USAGE(.BOTH.,#18247);
#18247 = SURFACE_SIDE_STYLE('',(#18248));
#18248 = SURFACE_STYLE_FILL_AREA(#18249);
#18249 = FILL_AREA_STYLE('',(#18250));
#18250 = FILL_AREA_STYLE_COLOUR('',#16221);
#18251 = STYLED_ITEM('color',(#18252),#7693);
#18252 = PRESENTATION_STYLE_ASSIGNMENT((#18253));
#18253 = SURFACE_STYLE_USAGE(.BOTH.,#18254);
#18254 = SURFACE_SIDE_STYLE('',(#18255));
#18255 = SURFACE_STYLE_FILL_AREA(#18256);
#18256 = FILL_AREA_STYLE('',(#18257));
#18257 = FILL_AREA_STYLE_COLOUR('',#16094);
#18258 = STYLED_ITEM('color',(#18259),#7702);
#18259 = PRESENTATION_STYLE_ASSIGNMENT((#18260));
#18260 = SURFACE_STYLE_USAGE(.BOTH.,#18261);
#18261 = SURFACE_SIDE_STYLE('',(#18262));
#18262 = SURFACE_STYLE_FILL_AREA(#18263);
#18263 = FILL_AREA_STYLE('',(#18264));
#18264 = FILL_AREA_STYLE_COLOUR('',#16221);
#18265 = STYLED_ITEM('color',(#18266),#7719);
#18266 = PRESENTATION_STYLE_ASSIGNMENT((#18267));
#18267 = SURFACE_STYLE_USAGE(.BOTH.,#18268);
#18268 = SURFACE_SIDE_STYLE('',(#18269));
#18269 = SURFACE_STYLE_FILL_AREA(#18270);
#18270 = FILL_AREA_STYLE('',(#18271));
#18271 = FILL_AREA_STYLE_COLOUR('',#16221);
#18272 = STYLED_ITEM('color',(#18273),#7736);
#18273 = PRESENTATION_STYLE_ASSIGNMENT((#18274));
#18274 = SURFACE_STYLE_USAGE(.BOTH.,#18275);
#18275 = SURFACE_SIDE_STYLE('',(#18276));
#18276 = SURFACE_STYLE_FILL_AREA(#18277);
#18277 = FILL_AREA_STYLE('',(#18278));
#18278 = FILL_AREA_STYLE_COLOUR('',#16221);
#18279 = STYLED_ITEM('color',(#18280),#7753);
#18280 = PRESENTATION_STYLE_ASSIGNMENT((#18281));
#18281 = SURFACE_STYLE_USAGE(.BOTH.,#18282);
#18282 = SURFACE_SIDE_STYLE('',(#18283));
#18283 = SURFACE_STYLE_FILL_AREA(#18284);
#18284 = FILL_AREA_STYLE('',(#18285));
#18285 = FILL_AREA_STYLE_COLOUR('',#16221);
#18286 = STYLED_ITEM('color',(#18287),#7770);
#18287 = PRESENTATION_STYLE_ASSIGNMENT((#18288));
#18288 = SURFACE_STYLE_USAGE(.BOTH.,#18289);
#18289 = SURFACE_SIDE_STYLE('',(#18290));
#18290 = SURFACE_STYLE_FILL_AREA(#18291);
#18291 = FILL_AREA_STYLE('',(#18292));
#18292 = FILL_AREA_STYLE_COLOUR('',#16221);
#18293 = STYLED_ITEM('color',(#18294),#7792);
#18294 = PRESENTATION_STYLE_ASSIGNMENT((#18295));
#18295 = SURFACE_STYLE_USAGE(.BOTH.,#18296);
#18296 = SURFACE_SIDE_STYLE('',(#18297));
#18297 = SURFACE_STYLE_FILL_AREA(#18298);
#18298 = FILL_AREA_STYLE('',(#18299));
#18299 = FILL_AREA_STYLE_COLOUR('',#16221);
#18300 = STYLED_ITEM('color',(#18301),#7809);
#18301 = PRESENTATION_STYLE_ASSIGNMENT((#18302));
#18302 = SURFACE_STYLE_USAGE(.BOTH.,#18303);
#18303 = SURFACE_SIDE_STYLE('',(#18304));
#18304 = SURFACE_STYLE_FILL_AREA(#18305);
#18305 = FILL_AREA_STYLE('',(#18306));
#18306 = FILL_AREA_STYLE_COLOUR('',#16221);
#18307 = STYLED_ITEM('color',(#18308),#7826);
#18308 = PRESENTATION_STYLE_ASSIGNMENT((#18309));
#18309 = SURFACE_STYLE_USAGE(.BOTH.,#18310);
#18310 = SURFACE_SIDE_STYLE('',(#18311));
#18311 = SURFACE_STYLE_FILL_AREA(#18312);
#18312 = FILL_AREA_STYLE('',(#18313));
#18313 = FILL_AREA_STYLE_COLOUR('',#16221);
#18314 = STYLED_ITEM('color',(#18315),#7843);
#18315 = PRESENTATION_STYLE_ASSIGNMENT((#18316));
#18316 = SURFACE_STYLE_USAGE(.BOTH.,#18317);
#18317 = SURFACE_SIDE_STYLE('',(#18318));
#18318 = SURFACE_STYLE_FILL_AREA(#18319);
#18319 = FILL_AREA_STYLE('',(#18320));
#18320 = FILL_AREA_STYLE_COLOUR('',#16221);
#18321 = STYLED_ITEM('color',(#18322),#7860);
#18322 = PRESENTATION_STYLE_ASSIGNMENT((#18323));
#18323 = SURFACE_STYLE_USAGE(.BOTH.,#18324);
#18324 = SURFACE_SIDE_STYLE('',(#18325));
#18325 = SURFACE_STYLE_FILL_AREA(#18326);
#18326 = FILL_AREA_STYLE('',(#18327));
#18327 = FILL_AREA_STYLE_COLOUR('',#16221);
#18328 = STYLED_ITEM('color',(#18329),#7872);
#18329 = PRESENTATION_STYLE_ASSIGNMENT((#18330));
#18330 = SURFACE_STYLE_USAGE(.BOTH.,#18331);
#18331 = SURFACE_SIDE_STYLE('',(#18332));
#18332 = SURFACE_STYLE_FILL_AREA(#18333);
#18333 = FILL_AREA_STYLE('',(#18334));
#18334 = FILL_AREA_STYLE_COLOUR('',#16221);
#18335 = STYLED_ITEM('color',(#18336),#7889);
#18336 = PRESENTATION_STYLE_ASSIGNMENT((#18337));
#18337 = SURFACE_STYLE_USAGE(.BOTH.,#18338);
#18338 = SURFACE_SIDE_STYLE('',(#18339));
#18339 = SURFACE_STYLE_FILL_AREA(#18340);
#18340 = FILL_AREA_STYLE('',(#18341));
#18341 = FILL_AREA_STYLE_COLOUR('',#16221);
#18342 = STYLED_ITEM('color',(#18343),#7906);
#18343 = PRESENTATION_STYLE_ASSIGNMENT((#18344));
#18344 = SURFACE_STYLE_USAGE(.BOTH.,#18345);
#18345 = SURFACE_SIDE_STYLE('',(#18346));
#18346 = SURFACE_STYLE_FILL_AREA(#18347);
#18347 = FILL_AREA_STYLE('',(#18348));
#18348 = FILL_AREA_STYLE_COLOUR('',#16221);
#18349 = STYLED_ITEM('color',(#18350),#7923);
#18350 = PRESENTATION_STYLE_ASSIGNMENT((#18351));
#18351 = SURFACE_STYLE_USAGE(.BOTH.,#18352);
#18352 = SURFACE_SIDE_STYLE('',(#18353));
#18353 = SURFACE_STYLE_FILL_AREA(#18354);
#18354 = FILL_AREA_STYLE('',(#18355));
#18355 = FILL_AREA_STYLE_COLOUR('',#16221);
#18356 = STYLED_ITEM('color',(#18357),#7940);
#18357 = PRESENTATION_STYLE_ASSIGNMENT((#18358));
#18358 = SURFACE_STYLE_USAGE(.BOTH.,#18359);
#18359 = SURFACE_SIDE_STYLE('',(#18360));
#18360 = SURFACE_STYLE_FILL_AREA(#18361);
#18361 = FILL_AREA_STYLE('',(#18362));
#18362 = FILL_AREA_STYLE_COLOUR('',#16221);
#18363 = STYLED_ITEM('color',(#18364),#7957);
#18364 = PRESENTATION_STYLE_ASSIGNMENT((#18365));
#18365 = SURFACE_STYLE_USAGE(.BOTH.,#18366);
#18366 = SURFACE_SIDE_STYLE('',(#18367));
#18367 = SURFACE_STYLE_FILL_AREA(#18368);
#18368 = FILL_AREA_STYLE('',(#18369));
#18369 = FILL_AREA_STYLE_COLOUR('',#16221);
#18370 = STYLED_ITEM('color',(#18371),#7974);
#18371 = PRESENTATION_STYLE_ASSIGNMENT((#18372));
#18372 = SURFACE_STYLE_USAGE(.BOTH.,#18373);
#18373 = SURFACE_SIDE_STYLE('',(#18374));
#18374 = SURFACE_STYLE_FILL_AREA(#18375);
#18375 = FILL_AREA_STYLE('',(#18376));
#18376 = FILL_AREA_STYLE_COLOUR('',#16221);
#18377 = STYLED_ITEM('color',(#18378),#7991);
#18378 = PRESENTATION_STYLE_ASSIGNMENT((#18379));
#18379 = SURFACE_STYLE_USAGE(.BOTH.,#18380);
#18380 = SURFACE_SIDE_STYLE('',(#18381));
#18381 = SURFACE_STYLE_FILL_AREA(#18382);
#18382 = FILL_AREA_STYLE('',(#18383));
#18383 = FILL_AREA_STYLE_COLOUR('',#16221);
#18384 = STYLED_ITEM('color',(#18385),#8008);
#18385 = PRESENTATION_STYLE_ASSIGNMENT((#18386));
#18386 = SURFACE_STYLE_USAGE(.BOTH.,#18387);
#18387 = SURFACE_SIDE_STYLE('',(#18388));
#18388 = SURFACE_STYLE_FILL_AREA(#18389);
#18389 = FILL_AREA_STYLE('',(#18390));
#18390 = FILL_AREA_STYLE_COLOUR('',#16221);
#18391 = STYLED_ITEM('color',(#18392),#8020);
#18392 = PRESENTATION_STYLE_ASSIGNMENT((#18393));
#18393 = SURFACE_STYLE_USAGE(.BOTH.,#18394);
#18394 = SURFACE_SIDE_STYLE('',(#18395));
#18395 = SURFACE_STYLE_FILL_AREA(#18396);
#18396 = FILL_AREA_STYLE('',(#18397));
#18397 = FILL_AREA_STYLE_COLOUR('',#16221);
#18398 = STYLED_ITEM('color',(#18399),#8042);
#18399 = PRESENTATION_STYLE_ASSIGNMENT((#18400));
#18400 = SURFACE_STYLE_USAGE(.BOTH.,#18401);
#18401 = SURFACE_SIDE_STYLE('',(#18402));
#18402 = SURFACE_STYLE_FILL_AREA(#18403);
#18403 = FILL_AREA_STYLE('',(#18404));
#18404 = FILL_AREA_STYLE_COLOUR('',#16221);
#18405 = STYLED_ITEM('color',(#18406),#8059);
#18406 = PRESENTATION_STYLE_ASSIGNMENT((#18407));
#18407 = SURFACE_STYLE_USAGE(.BOTH.,#18408);
#18408 = SURFACE_SIDE_STYLE('',(#18409));
#18409 = SURFACE_STYLE_FILL_AREA(#18410);
#18410 = FILL_AREA_STYLE('',(#18411));
#18411 = FILL_AREA_STYLE_COLOUR('',#16221);
#18412 = STYLED_ITEM('color',(#18413),#8076);
#18413 = PRESENTATION_STYLE_ASSIGNMENT((#18414));
#18414 = SURFACE_STYLE_USAGE(.BOTH.,#18415);
#18415 = SURFACE_SIDE_STYLE('',(#18416));
#18416 = SURFACE_STYLE_FILL_AREA(#18417);
#18417 = FILL_AREA_STYLE('',(#18418));
#18418 = FILL_AREA_STYLE_COLOUR('',#16221);
#18419 = STYLED_ITEM('color',(#18420),#8093);
#18420 = PRESENTATION_STYLE_ASSIGNMENT((#18421));
#18421 = SURFACE_STYLE_USAGE(.BOTH.,#18422);
#18422 = SURFACE_SIDE_STYLE('',(#18423));
#18423 = SURFACE_STYLE_FILL_AREA(#18424);
#18424 = FILL_AREA_STYLE('',(#18425));
#18425 = FILL_AREA_STYLE_COLOUR('',#16221);
#18426 = STYLED_ITEM('color',(#18427),#8110);
#18427 = PRESENTATION_STYLE_ASSIGNMENT((#18428));
#18428 = SURFACE_STYLE_USAGE(.BOTH.,#18429);
#18429 = SURFACE_SIDE_STYLE('',(#18430));
#18430 = SURFACE_STYLE_FILL_AREA(#18431);
#18431 = FILL_AREA_STYLE('',(#18432));
#18432 = FILL_AREA_STYLE_COLOUR('',#16221);
#18433 = STYLED_ITEM('color',(#18434),#8122);
#18434 = PRESENTATION_STYLE_ASSIGNMENT((#18435));
#18435 = SURFACE_STYLE_USAGE(.BOTH.,#18436);
#18436 = SURFACE_SIDE_STYLE('',(#18437));
#18437 = SURFACE_STYLE_FILL_AREA(#18438);
#18438 = FILL_AREA_STYLE('',(#18439));
#18439 = FILL_AREA_STYLE_COLOUR('',#16221);
#18440 = STYLED_ITEM('color',(#18441),#8139);
#18441 = PRESENTATION_STYLE_ASSIGNMENT((#18442));
#18442 = SURFACE_STYLE_USAGE(.BOTH.,#18443);
#18443 = SURFACE_SIDE_STYLE('',(#18444));
#18444 = SURFACE_STYLE_FILL_AREA(#18445);
#18445 = FILL_AREA_STYLE('',(#18446));
#18446 = FILL_AREA_STYLE_COLOUR('',#16221);
#18447 = STYLED_ITEM('color',(#18448),#8156);
#18448 = PRESENTATION_STYLE_ASSIGNMENT((#18449));
#18449 = SURFACE_STYLE_USAGE(.BOTH.,#18450);
#18450 = SURFACE_SIDE_STYLE('',(#18451));
#18451 = SURFACE_STYLE_FILL_AREA(#18452);
#18452 = FILL_AREA_STYLE('',(#18453));
#18453 = FILL_AREA_STYLE_COLOUR('',#16221);
#18454 = STYLED_ITEM('color',(#18455),#8173);
#18455 = PRESENTATION_STYLE_ASSIGNMENT((#18456));
#18456 = SURFACE_STYLE_USAGE(.BOTH.,#18457);
#18457 = SURFACE_SIDE_STYLE('',(#18458));
#18458 = SURFACE_STYLE_FILL_AREA(#18459);
#18459 = FILL_AREA_STYLE('',(#18460));
#18460 = FILL_AREA_STYLE_COLOUR('',#16221);
#18461 = STYLED_ITEM('color',(#18462),#8190);
#18462 = PRESENTATION_STYLE_ASSIGNMENT((#18463));
#18463 = SURFACE_STYLE_USAGE(.BOTH.,#18464);
#18464 = SURFACE_SIDE_STYLE('',(#18465));
#18465 = SURFACE_STYLE_FILL_AREA(#18466);
#18466 = FILL_AREA_STYLE('',(#18467));
#18467 = FILL_AREA_STYLE_COLOUR('',#16221);
#18468 = STYLED_ITEM('color',(#18469),#8207);
#18469 = PRESENTATION_STYLE_ASSIGNMENT((#18470));
#18470 = SURFACE_STYLE_USAGE(.BOTH.,#18471);
#18471 = SURFACE_SIDE_STYLE('',(#18472));
#18472 = SURFACE_STYLE_FILL_AREA(#18473);
#18473 = FILL_AREA_STYLE('',(#18474));
#18474 = FILL_AREA_STYLE_COLOUR('',#16221);
#18475 = STYLED_ITEM('color',(#18476),#8224);
#18476 = PRESENTATION_STYLE_ASSIGNMENT((#18477));
#18477 = SURFACE_STYLE_USAGE(.BOTH.,#18478);
#18478 = SURFACE_SIDE_STYLE('',(#18479));
#18479 = SURFACE_STYLE_FILL_AREA(#18480);
#18480 = FILL_AREA_STYLE('',(#18481));
#18481 = FILL_AREA_STYLE_COLOUR('',#16221);
#18482 = STYLED_ITEM('color',(#18483),#8241);
#18483 = PRESENTATION_STYLE_ASSIGNMENT((#18484));
#18484 = SURFACE_STYLE_USAGE(.BOTH.,#18485);
#18485 = SURFACE_SIDE_STYLE('',(#18486));
#18486 = SURFACE_STYLE_FILL_AREA(#18487);
#18487 = FILL_AREA_STYLE('',(#18488));
#18488 = FILL_AREA_STYLE_COLOUR('',#16221);
#18489 = STYLED_ITEM('color',(#18490),#8258);
#18490 = PRESENTATION_STYLE_ASSIGNMENT((#18491));
#18491 = SURFACE_STYLE_USAGE(.BOTH.,#18492);
#18492 = SURFACE_SIDE_STYLE('',(#18493));
#18493 = SURFACE_STYLE_FILL_AREA(#18494);
#18494 = FILL_AREA_STYLE('',(#18495));
#18495 = FILL_AREA_STYLE_COLOUR('',#16221);
#18496 = STYLED_ITEM('color',(#18497),#8270);
#18497 = PRESENTATION_STYLE_ASSIGNMENT((#18498));
#18498 = SURFACE_STYLE_USAGE(.BOTH.,#18499);
#18499 = SURFACE_SIDE_STYLE('',(#18500));
#18500 = SURFACE_STYLE_FILL_AREA(#18501);
#18501 = FILL_AREA_STYLE('',(#18502));
#18502 = FILL_AREA_STYLE_COLOUR('',#16221);
#18503 = STYLED_ITEM('color',(#18504),#8292);
#18504 = PRESENTATION_STYLE_ASSIGNMENT((#18505));
#18505 = SURFACE_STYLE_USAGE(.BOTH.,#18506);
#18506 = SURFACE_SIDE_STYLE('',(#18507));
#18507 = SURFACE_STYLE_FILL_AREA(#18508);
#18508 = FILL_AREA_STYLE('',(#18509));
#18509 = FILL_AREA_STYLE_COLOUR('',#16221);
#18510 = STYLED_ITEM('color',(#18511),#8309);
#18511 = PRESENTATION_STYLE_ASSIGNMENT((#18512));
#18512 = SURFACE_STYLE_USAGE(.BOTH.,#18513);
#18513 = SURFACE_SIDE_STYLE('',(#18514));
#18514 = SURFACE_STYLE_FILL_AREA(#18515);
#18515 = FILL_AREA_STYLE('',(#18516));
#18516 = FILL_AREA_STYLE_COLOUR('',#16221);
#18517 = STYLED_ITEM('color',(#18518),#8326);
#18518 = PRESENTATION_STYLE_ASSIGNMENT((#18519));
#18519 = SURFACE_STYLE_USAGE(.BOTH.,#18520);
#18520 = SURFACE_SIDE_STYLE('',(#18521));
#18521 = SURFACE_STYLE_FILL_AREA(#18522);
#18522 = FILL_AREA_STYLE('',(#18523));
#18523 = FILL_AREA_STYLE_COLOUR('',#16221);
#18524 = STYLED_ITEM('color',(#18525),#8343);
#18525 = PRESENTATION_STYLE_ASSIGNMENT((#18526));
#18526 = SURFACE_STYLE_USAGE(.BOTH.,#18527);
#18527 = SURFACE_SIDE_STYLE('',(#18528));
#18528 = SURFACE_STYLE_FILL_AREA(#18529);
#18529 = FILL_AREA_STYLE('',(#18530));
#18530 = FILL_AREA_STYLE_COLOUR('',#16221);
#18531 = STYLED_ITEM('color',(#18532),#8360);
#18532 = PRESENTATION_STYLE_ASSIGNMENT((#18533));
#18533 = SURFACE_STYLE_USAGE(.BOTH.,#18534);
#18534 = SURFACE_SIDE_STYLE('',(#18535));
#18535 = SURFACE_STYLE_FILL_AREA(#18536);
#18536 = FILL_AREA_STYLE('',(#18537));
#18537 = FILL_AREA_STYLE_COLOUR('',#16221);
#18538 = STYLED_ITEM('color',(#18539),#8372);
#18539 = PRESENTATION_STYLE_ASSIGNMENT((#18540));
#18540 = SURFACE_STYLE_USAGE(.BOTH.,#18541);
#18541 = SURFACE_SIDE_STYLE('',(#18542));
#18542 = SURFACE_STYLE_FILL_AREA(#18543);
#18543 = FILL_AREA_STYLE('',(#18544));
#18544 = FILL_AREA_STYLE_COLOUR('',#16221);
#18545 = STYLED_ITEM('color',(#18546),#8389);
#18546 = PRESENTATION_STYLE_ASSIGNMENT((#18547));
#18547 = SURFACE_STYLE_USAGE(.BOTH.,#18548);
#18548 = SURFACE_SIDE_STYLE('',(#18549));
#18549 = SURFACE_STYLE_FILL_AREA(#18550);
#18550 = FILL_AREA_STYLE('',(#18551));
#18551 = FILL_AREA_STYLE_COLOUR('',#16221);
#18552 = STYLED_ITEM('color',(#18553),#8406);
#18553 = PRESENTATION_STYLE_ASSIGNMENT((#18554));
#18554 = SURFACE_STYLE_USAGE(.BOTH.,#18555);
#18555 = SURFACE_SIDE_STYLE('',(#18556));
#18556 = SURFACE_STYLE_FILL_AREA(#18557);
#18557 = FILL_AREA_STYLE('',(#18558));
#18558 = FILL_AREA_STYLE_COLOUR('',#16221);
#18559 = STYLED_ITEM('color',(#18560),#8423);
#18560 = PRESENTATION_STYLE_ASSIGNMENT((#18561));
#18561 = SURFACE_STYLE_USAGE(.BOTH.,#18562);
#18562 = SURFACE_SIDE_STYLE('',(#18563));
#18563 = SURFACE_STYLE_FILL_AREA(#18564);
#18564 = FILL_AREA_STYLE('',(#18565));
#18565 = FILL_AREA_STYLE_COLOUR('',#16221);
#18566 = STYLED_ITEM('color',(#18567),#8440);
#18567 = PRESENTATION_STYLE_ASSIGNMENT((#18568));
#18568 = SURFACE_STYLE_USAGE(.BOTH.,#18569);
#18569 = SURFACE_SIDE_STYLE('',(#18570));
#18570 = SURFACE_STYLE_FILL_AREA(#18571);
#18571 = FILL_AREA_STYLE('',(#18572));
#18572 = FILL_AREA_STYLE_COLOUR('',#16221);
#18573 = STYLED_ITEM('color',(#18574),#8457);
#18574 = PRESENTATION_STYLE_ASSIGNMENT((#18575));
#18575 = SURFACE_STYLE_USAGE(.BOTH.,#18576);
#18576 = SURFACE_SIDE_STYLE('',(#18577));
#18577 = SURFACE_STYLE_FILL_AREA(#18578);
#18578 = FILL_AREA_STYLE('',(#18579));
#18579 = FILL_AREA_STYLE_COLOUR('',#16221);
#18580 = STYLED_ITEM('color',(#18581),#8474);
#18581 = PRESENTATION_STYLE_ASSIGNMENT((#18582));
#18582 = SURFACE_STYLE_USAGE(.BOTH.,#18583);
#18583 = SURFACE_SIDE_STYLE('',(#18584));
#18584 = SURFACE_STYLE_FILL_AREA(#18585);
#18585 = FILL_AREA_STYLE('',(#18586));
#18586 = FILL_AREA_STYLE_COLOUR('',#16221);
#18587 = STYLED_ITEM('color',(#18588),#8491);
#18588 = PRESENTATION_STYLE_ASSIGNMENT((#18589));
#18589 = SURFACE_STYLE_USAGE(.BOTH.,#18590);
#18590 = SURFACE_SIDE_STYLE('',(#18591));
#18591 = SURFACE_STYLE_FILL_AREA(#18592);
#18592 = FILL_AREA_STYLE('',(#18593));
#18593 = FILL_AREA_STYLE_COLOUR('',#16221);
#18594 = STYLED_ITEM('color',(#18595),#8508);
#18595 = PRESENTATION_STYLE_ASSIGNMENT((#18596));
#18596 = SURFACE_STYLE_USAGE(.BOTH.,#18597);
#18597 = SURFACE_SIDE_STYLE('',(#18598));
#18598 = SURFACE_STYLE_FILL_AREA(#18599);
#18599 = FILL_AREA_STYLE('',(#18600));
#18600 = FILL_AREA_STYLE_COLOUR('',#16221);
#18601 = STYLED_ITEM('color',(#18602),#8520);
#18602 = PRESENTATION_STYLE_ASSIGNMENT((#18603));
#18603 = SURFACE_STYLE_USAGE(.BOTH.,#18604);
#18604 = SURFACE_SIDE_STYLE('',(#18605));
#18605 = SURFACE_STYLE_FILL_AREA(#18606);
#18606 = FILL_AREA_STYLE('',(#18607));
#18607 = FILL_AREA_STYLE_COLOUR('',#16221);
#18608 = STYLED_ITEM('color',(#18609),#8542);
#18609 = PRESENTATION_STYLE_ASSIGNMENT((#18610));
#18610 = SURFACE_STYLE_USAGE(.BOTH.,#18611);
#18611 = SURFACE_SIDE_STYLE('',(#18612));
#18612 = SURFACE_STYLE_FILL_AREA(#18613);
#18613 = FILL_AREA_STYLE('',(#18614));
#18614 = FILL_AREA_STYLE_COLOUR('',#16221);
#18615 = STYLED_ITEM('color',(#18616),#8559);
#18616 = PRESENTATION_STYLE_ASSIGNMENT((#18617));
#18617 = SURFACE_STYLE_USAGE(.BOTH.,#18618);
#18618 = SURFACE_SIDE_STYLE('',(#18619));
#18619 = SURFACE_STYLE_FILL_AREA(#18620);
#18620 = FILL_AREA_STYLE('',(#18621));
#18621 = FILL_AREA_STYLE_COLOUR('',#16221);
#18622 = STYLED_ITEM('color',(#18623),#8576);
#18623 = PRESENTATION_STYLE_ASSIGNMENT((#18624));
#18624 = SURFACE_STYLE_USAGE(.BOTH.,#18625);
#18625 = SURFACE_SIDE_STYLE('',(#18626));
#18626 = SURFACE_STYLE_FILL_AREA(#18627);
#18627 = FILL_AREA_STYLE('',(#18628));
#18628 = FILL_AREA_STYLE_COLOUR('',#16221);
#18629 = STYLED_ITEM('color',(#18630),#8593);
#18630 = PRESENTATION_STYLE_ASSIGNMENT((#18631));
#18631 = SURFACE_STYLE_USAGE(.BOTH.,#18632);
#18632 = SURFACE_SIDE_STYLE('',(#18633));
#18633 = SURFACE_STYLE_FILL_AREA(#18634);
#18634 = FILL_AREA_STYLE('',(#18635));
#18635 = FILL_AREA_STYLE_COLOUR('',#16221);
#18636 = STYLED_ITEM('color',(#18637),#8610);
#18637 = PRESENTATION_STYLE_ASSIGNMENT((#18638));
#18638 = SURFACE_STYLE_USAGE(.BOTH.,#18639);
#18639 = SURFACE_SIDE_STYLE('',(#18640));
#18640 = SURFACE_STYLE_FILL_AREA(#18641);
#18641 = FILL_AREA_STYLE('',(#18642));
#18642 = FILL_AREA_STYLE_COLOUR('',#16221);
#18643 = STYLED_ITEM('color',(#18644),#8622);
#18644 = PRESENTATION_STYLE_ASSIGNMENT((#18645));
#18645 = SURFACE_STYLE_USAGE(.BOTH.,#18646);
#18646 = SURFACE_SIDE_STYLE('',(#18647));
#18647 = SURFACE_STYLE_FILL_AREA(#18648);
#18648 = FILL_AREA_STYLE('',(#18649));
#18649 = FILL_AREA_STYLE_COLOUR('',#16221);
#18650 = STYLED_ITEM('color',(#18651),#8639);
#18651 = PRESENTATION_STYLE_ASSIGNMENT((#18652));
#18652 = SURFACE_STYLE_USAGE(.BOTH.,#18653);
#18653 = SURFACE_SIDE_STYLE('',(#18654));
#18654 = SURFACE_STYLE_FILL_AREA(#18655);
#18655 = FILL_AREA_STYLE('',(#18656));
#18656 = FILL_AREA_STYLE_COLOUR('',#16221);
#18657 = STYLED_ITEM('color',(#18658),#8656);
#18658 = PRESENTATION_STYLE_ASSIGNMENT((#18659));
#18659 = SURFACE_STYLE_USAGE(.BOTH.,#18660);
#18660 = SURFACE_SIDE_STYLE('',(#18661));
#18661 = SURFACE_STYLE_FILL_AREA(#18662);
#18662 = FILL_AREA_STYLE('',(#18663));
#18663 = FILL_AREA_STYLE_COLOUR('',#16221);
#18664 = STYLED_ITEM('color',(#18665),#8673);
#18665 = PRESENTATION_STYLE_ASSIGNMENT((#18666));
#18666 = SURFACE_STYLE_USAGE(.BOTH.,#18667);
#18667 = SURFACE_SIDE_STYLE('',(#18668));
#18668 = SURFACE_STYLE_FILL_AREA(#18669);
#18669 = FILL_AREA_STYLE('',(#18670));
#18670 = FILL_AREA_STYLE_COLOUR('',#16221);
#18671 = STYLED_ITEM('color',(#18672),#8690);
#18672 = PRESENTATION_STYLE_ASSIGNMENT((#18673));
#18673 = SURFACE_STYLE_USAGE(.BOTH.,#18674);
#18674 = SURFACE_SIDE_STYLE('',(#18675));
#18675 = SURFACE_STYLE_FILL_AREA(#18676);
#18676 = FILL_AREA_STYLE('',(#18677));
#18677 = FILL_AREA_STYLE_COLOUR('',#16221);
#18678 = STYLED_ITEM('color',(#18679),#8707);
#18679 = PRESENTATION_STYLE_ASSIGNMENT((#18680));
#18680 = SURFACE_STYLE_USAGE(.BOTH.,#18681);
#18681 = SURFACE_SIDE_STYLE('',(#18682));
#18682 = SURFACE_STYLE_FILL_AREA(#18683);
#18683 = FILL_AREA_STYLE('',(#18684));
#18684 = FILL_AREA_STYLE_COLOUR('',#16221);
#18685 = STYLED_ITEM('color',(#18686),#8724);
#18686 = PRESENTATION_STYLE_ASSIGNMENT((#18687));
#18687 = SURFACE_STYLE_USAGE(.BOTH.,#18688);
#18688 = SURFACE_SIDE_STYLE('',(#18689));
#18689 = SURFACE_STYLE_FILL_AREA(#18690);
#18690 = FILL_AREA_STYLE('',(#18691));
#18691 = FILL_AREA_STYLE_COLOUR('',#16221);
#18692 = STYLED_ITEM('color',(#18693),#8741);
#18693 = PRESENTATION_STYLE_ASSIGNMENT((#18694));
#18694 = SURFACE_STYLE_USAGE(.BOTH.,#18695);
#18695 = SURFACE_SIDE_STYLE('',(#18696));
#18696 = SURFACE_STYLE_FILL_AREA(#18697);
#18697 = FILL_AREA_STYLE('',(#18698));
#18698 = FILL_AREA_STYLE_COLOUR('',#16221);
#18699 = STYLED_ITEM('color',(#18700),#8758);
#18700 = PRESENTATION_STYLE_ASSIGNMENT((#18701));
#18701 = SURFACE_STYLE_USAGE(.BOTH.,#18702);
#18702 = SURFACE_SIDE_STYLE('',(#18703));
#18703 = SURFACE_STYLE_FILL_AREA(#18704);
#18704 = FILL_AREA_STYLE('',(#18705));
#18705 = FILL_AREA_STYLE_COLOUR('',#16221);
#18706 = MECHANICAL_DESIGN_GEOMETRIC_PRESENTATION_REPRESENTATION('',(
    #18707,#18715,#18722,#18729,#18736,#18743,#18750,#18757,#18764,
    #18771,#18778,#18785,#18792,#18799,#18806,#18813),#5499);
#18707 = STYLED_ITEM('color',(#18708),#5038);
#18708 = PRESENTATION_STYLE_ASSIGNMENT((#18709));
#18709 = SURFACE_STYLE_USAGE(.BOTH.,#18710);
#18710 = SURFACE_SIDE_STYLE('',(#18711));
#18711 = SURFACE_STYLE_FILL_AREA(#18712);
#18712 = FILL_AREA_STYLE('',(#18713));
#18713 = FILL_AREA_STYLE_COLOUR('',#18714);
#18714 = COLOUR_RGB('',0.699999984889,9.999999991362E-02,
  5.000000142576E-02);
#18715 = STYLED_ITEM('color',(#18716),#5065);
#18716 = PRESENTATION_STYLE_ASSIGNMENT((#18717));
#18717 = SURFACE_STYLE_USAGE(.BOTH.,#18718);
#18718 = SURFACE_SIDE_STYLE('',(#18719));
#18719 = SURFACE_STYLE_FILL_AREA(#18720);
#18720 = FILL_AREA_STYLE('',(#18721));
#18721 = FILL_AREA_STYLE_COLOUR('',#18714);
#18722 = STYLED_ITEM('color',(#18723),#5110);
#18723 = PRESENTATION_STYLE_ASSIGNMENT((#18724));
#18724 = SURFACE_STYLE_USAGE(.BOTH.,#18725);
#18725 = SURFACE_SIDE_STYLE('',(#18726));
#18726 = SURFACE_STYLE_FILL_AREA(#18727);
#18727 = FILL_AREA_STYLE('',(#18728));
#18728 = FILL_AREA_STYLE_COLOUR('',#18714);
#18729 = STYLED_ITEM('color',(#18730),#5154);
#18730 = PRESENTATION_STYLE_ASSIGNMENT((#18731));
#18731 = SURFACE_STYLE_USAGE(.BOTH.,#18732);
#18732 = SURFACE_SIDE_STYLE('',(#18733));
#18733 = SURFACE_STYLE_FILL_AREA(#18734);
#18734 = FILL_AREA_STYLE('',(#18735));
#18735 = FILL_AREA_STYLE_COLOUR('',#18714);
#18736 = STYLED_ITEM('color',(#18737),#5186);
#18737 = PRESENTATION_STYLE_ASSIGNMENT((#18738));
#18738 = SURFACE_STYLE_USAGE(.BOTH.,#18739);
#18739 = SURFACE_SIDE_STYLE('',(#18740));
#18740 = SURFACE_STYLE_FILL_AREA(#18741);
#18741 = FILL_AREA_STYLE('',(#18742));
#18742 = FILL_AREA_STYLE_COLOUR('',#18714);
#18743 = STYLED_ITEM('color',(#18744),#5205);
#18744 = PRESENTATION_STYLE_ASSIGNMENT((#18745));
#18745 = SURFACE_STYLE_USAGE(.BOTH.,#18746);
#18746 = SURFACE_SIDE_STYLE('',(#18747));
#18747 = SURFACE_STYLE_FILL_AREA(#18748);
#18748 = FILL_AREA_STYLE('',(#18749));
#18749 = FILL_AREA_STYLE_COLOUR('',#18714);
#18750 = STYLED_ITEM('color',(#18751),#5283);
#18751 = PRESENTATION_STYLE_ASSIGNMENT((#18752));
#18752 = SURFACE_STYLE_USAGE(.BOTH.,#18753);
#18753 = SURFACE_SIDE_STYLE('',(#18754));
#18754 = SURFACE_STYLE_FILL_AREA(#18755);
#18755 = FILL_AREA_STYLE('',(#18756));
#18756 = FILL_AREA_STYLE_COLOUR('',#16221);
#18757 = STYLED_ITEM('color',(#18758),#5314);
#18758 = PRESENTATION_STYLE_ASSIGNMENT((#18759));
#18759 = SURFACE_STYLE_USAGE(.BOTH.,#18760);
#18760 = SURFACE_SIDE_STYLE('',(#18761));
#18761 = SURFACE_STYLE_FILL_AREA(#18762);
#18762 = FILL_AREA_STYLE('',(#18763));
#18763 = FILL_AREA_STYLE_COLOUR('',#16221);
#18764 = STYLED_ITEM('color',(#18765),#5338);
#18765 = PRESENTATION_STYLE_ASSIGNMENT((#18766));
#18766 = SURFACE_STYLE_USAGE(.BOTH.,#18767);
#18767 = SURFACE_SIDE_STYLE('',(#18768));
#18768 = SURFACE_STYLE_FILL_AREA(#18769);
#18769 = FILL_AREA_STYLE('',(#18770));
#18770 = FILL_AREA_STYLE_COLOUR('',#16221);
#18771 = STYLED_ITEM('color',(#18772),#5362);
#18772 = PRESENTATION_STYLE_ASSIGNMENT((#18773));
#18773 = SURFACE_STYLE_USAGE(.BOTH.,#18774);
#18774 = SURFACE_SIDE_STYLE('',(#18775));
#18775 = SURFACE_STYLE_FILL_AREA(#18776);
#18776 = FILL_AREA_STYLE('',(#18777));
#18777 = FILL_AREA_STYLE_COLOUR('',#16221);
#18778 = STYLED_ITEM('color',(#18779),#5379);
#18779 = PRESENTATION_STYLE_ASSIGNMENT((#18780));
#18780 = SURFACE_STYLE_USAGE(.BOTH.,#18781);
#18781 = SURFACE_SIDE_STYLE('',(#18782));
#18782 = SURFACE_STYLE_FILL_AREA(#18783);
#18783 = FILL_AREA_STYLE('',(#18784));
#18784 = FILL_AREA_STYLE_COLOUR('',#16221);
#18785 = STYLED_ITEM('color',(#18786),#5410);
#18786 = PRESENTATION_STYLE_ASSIGNMENT((#18787));
#18787 = SURFACE_STYLE_USAGE(.BOTH.,#18788);
#18788 = SURFACE_SIDE_STYLE('',(#18789));
#18789 = SURFACE_STYLE_FILL_AREA(#18790);
#18790 = FILL_AREA_STYLE('',(#18791));
#18791 = FILL_AREA_STYLE_COLOUR('',#16221);
#18792 = STYLED_ITEM('color',(#18793),#5434);
#18793 = PRESENTATION_STYLE_ASSIGNMENT((#18794));
#18794 = SURFACE_STYLE_USAGE(.BOTH.,#18795);
#18795 = SURFACE_SIDE_STYLE('',(#18796));
#18796 = SURFACE_STYLE_FILL_AREA(#18797);
#18797 = FILL_AREA_STYLE('',(#18798));
#18798 = FILL_AREA_STYLE_COLOUR('',#16221);
#18799 = STYLED_ITEM('color',(#18800),#5458);
#18800 = PRESENTATION_STYLE_ASSIGNMENT((#18801));
#18801 = SURFACE_STYLE_USAGE(.BOTH.,#18802);
#18802 = SURFACE_SIDE_STYLE('',(#18803));
#18803 = SURFACE_STYLE_FILL_AREA(#18804);
#18804 = FILL_AREA_STYLE('',(#18805));
#18805 = FILL_AREA_STYLE_COLOUR('',#16221);
#18806 = STYLED_ITEM('color',(#18807),#5475);
#18807 = PRESENTATION_STYLE_ASSIGNMENT((#18808));
#18808 = SURFACE_STYLE_USAGE(.BOTH.,#18809);
#18809 = SURFACE_SIDE_STYLE('',(#18810));
#18810 = SURFACE_STYLE_FILL_AREA(#18811);
#18811 = FILL_AREA_STYLE('',(#18812));
#18812 = FILL_AREA_STYLE_COLOUR('',#16221);
#18813 = STYLED_ITEM('color',(#18814),#5487);
#18814 = PRESENTATION_STYLE_ASSIGNMENT((#18815));
#18815 = SURFACE_STYLE_USAGE(.BOTH.,#18816);
#18816 = SURFACE_SIDE_STYLE('',(#18817));
#18817 = SURFACE_STYLE_FILL_AREA(#18818);
#18818 = FILL_AREA_STYLE('',(#18819));
#18819 = FILL_AREA_STYLE_COLOUR('',#16221);
#18820 = MECHANICAL_DESIGN_GEOMETRIC_PRESENTATION_REPRESENTATION('',(
    #18821,#18829,#18836,#18843,#18850,#18857,#18864,#18871,#18878,
    #18885,#18892,#18899,#18906,#18913,#18920,#18927,#18934),#495);
#18821 = STYLED_ITEM('color',(#18822),#110);
#18822 = PRESENTATION_STYLE_ASSIGNMENT((#18823));
#18823 = SURFACE_STYLE_USAGE(.BOTH.,#18824);
#18824 = SURFACE_SIDE_STYLE('',(#18825));
#18825 = SURFACE_STYLE_FILL_AREA(#18826);
#18826 = FILL_AREA_STYLE('',(#18827));
#18827 = FILL_AREA_STYLE_COLOUR('',#18828);
#18828 = COLOUR_RGB('',0.883000012551,0.711000022565,0.492000011028);
#18829 = STYLED_ITEM('color',(#18830),#143);
#18830 = PRESENTATION_STYLE_ASSIGNMENT((#18831));
#18831 = SURFACE_STYLE_USAGE(.BOTH.,#18832);
#18832 = SURFACE_SIDE_STYLE('',(#18833));
#18833 = SURFACE_STYLE_FILL_AREA(#18834);
#18834 = FILL_AREA_STYLE('',(#18835));
#18835 = FILL_AREA_STYLE_COLOUR('',#18828);
#18836 = STYLED_ITEM('color',(#18837),#169);
#18837 = PRESENTATION_STYLE_ASSIGNMENT((#18838));
#18838 = SURFACE_STYLE_USAGE(.BOTH.,#18839);
#18839 = SURFACE_SIDE_STYLE('',(#18840));
#18840 = SURFACE_STYLE_FILL_AREA(#18841);
#18841 = FILL_AREA_STYLE('',(#18842));
#18842 = FILL_AREA_STYLE_COLOUR('',#18828);
#18843 = STYLED_ITEM('color',(#18844),#189);
#18844 = PRESENTATION_STYLE_ASSIGNMENT((#18845));
#18845 = SURFACE_STYLE_USAGE(.BOTH.,#18846);
#18846 = SURFACE_SIDE_STYLE('',(#18847));
#18847 = SURFACE_STYLE_FILL_AREA(#18848);
#18848 = FILL_AREA_STYLE('',(#18849));
#18849 = FILL_AREA_STYLE_COLOUR('',#18828);
#18850 = STYLED_ITEM('color',(#18851),#209);
#18851 = PRESENTATION_STYLE_ASSIGNMENT((#18852));
#18852 = SURFACE_STYLE_USAGE(.BOTH.,#18853);
#18853 = SURFACE_SIDE_STYLE('',(#18854));
#18854 = SURFACE_STYLE_FILL_AREA(#18855);
#18855 = FILL_AREA_STYLE('',(#18856));
#18856 = FILL_AREA_STYLE_COLOUR('',#18828);
#18857 = STYLED_ITEM('color',(#18858),#234);
#18858 = PRESENTATION_STYLE_ASSIGNMENT((#18859));
#18859 = SURFACE_STYLE_USAGE(.BOTH.,#18860);
#18860 = SURFACE_SIDE_STYLE('',(#18861));
#18861 = SURFACE_STYLE_FILL_AREA(#18862);
#18862 = FILL_AREA_STYLE('',(#18863));
#18863 = FILL_AREA_STYLE_COLOUR('',#16221);
#18864 = STYLED_ITEM('color',(#18865),#259);
#18865 = PRESENTATION_STYLE_ASSIGNMENT((#18866));
#18866 = SURFACE_STYLE_USAGE(.BOTH.,#18867);
#18867 = SURFACE_SIDE_STYLE('',(#18868));
#18868 = SURFACE_STYLE_FILL_AREA(#18869);
#18869 = FILL_AREA_STYLE('',(#18870));
#18870 = FILL_AREA_STYLE_COLOUR('',#18828);
#18871 = STYLED_ITEM('color',(#18872),#279);
#18872 = PRESENTATION_STYLE_ASSIGNMENT((#18873));
#18873 = SURFACE_STYLE_USAGE(.BOTH.,#18874);
#18874 = SURFACE_SIDE_STYLE('',(#18875));
#18875 = SURFACE_STYLE_FILL_AREA(#18876);
#18876 = FILL_AREA_STYLE('',(#18877));
#18877 = FILL_AREA_STYLE_COLOUR('',#16221);
#18878 = STYLED_ITEM('color',(#18879),#305);
#18879 = PRESENTATION_STYLE_ASSIGNMENT((#18880));
#18880 = SURFACE_STYLE_USAGE(.BOTH.,#18881);
#18881 = SURFACE_SIDE_STYLE('',(#18882));
#18882 = SURFACE_STYLE_FILL_AREA(#18883);
#18883 = FILL_AREA_STYLE('',(#18884));
#18884 = FILL_AREA_STYLE_COLOUR('',#18828);
#18885 = STYLED_ITEM('color',(#18886),#330);
#18886 = PRESENTATION_STYLE_ASSIGNMENT((#18887));
#18887 = SURFACE_STYLE_USAGE(.BOTH.,#18888);
#18888 = SURFACE_SIDE_STYLE('',(#18889));
#18889 = SURFACE_STYLE_FILL_AREA(#18890);
#18890 = FILL_AREA_STYLE('',(#18891));
#18891 = FILL_AREA_STYLE_COLOUR('',#16221);
#18892 = STYLED_ITEM('color',(#18893),#355);
#18893 = PRESENTATION_STYLE_ASSIGNMENT((#18894));
#18894 = SURFACE_STYLE_USAGE(.BOTH.,#18895);
#18895 = SURFACE_SIDE_STYLE('',(#18896));
#18896 = SURFACE_STYLE_FILL_AREA(#18897);
#18897 = FILL_AREA_STYLE('',(#18898));
#18898 = FILL_AREA_STYLE_COLOUR('',#18828);
#18899 = STYLED_ITEM('color',(#18900),#381);
#18900 = PRESENTATION_STYLE_ASSIGNMENT((#18901));
#18901 = SURFACE_STYLE_USAGE(.BOTH.,#18902);
#18902 = SURFACE_SIDE_STYLE('',(#18903));
#18903 = SURFACE_STYLE_FILL_AREA(#18904);
#18904 = FILL_AREA_STYLE('',(#18905));
#18905 = FILL_AREA_STYLE_COLOUR('',#16221);
#18906 = STYLED_ITEM('color',(#18907),#390);
#18907 = PRESENTATION_STYLE_ASSIGNMENT((#18908));
#18908 = SURFACE_STYLE_USAGE(.BOTH.,#18909);
#18909 = SURFACE_SIDE_STYLE('',(#18910));
#18910 = SURFACE_STYLE_FILL_AREA(#18911);
#18911 = FILL_AREA_STYLE('',(#18912));
#18912 = FILL_AREA_STYLE_COLOUR('',#18828);
#18913 = STYLED_ITEM('color',(#18914),#410);
#18914 = PRESENTATION_STYLE_ASSIGNMENT((#18915));
#18915 = SURFACE_STYLE_USAGE(.BOTH.,#18916);
#18916 = SURFACE_SIDE_STYLE('',(#18917));
#18917 = SURFACE_STYLE_FILL_AREA(#18918);
#18918 = FILL_AREA_STYLE('',(#18919));
#18919 = FILL_AREA_STYLE_COLOUR('',#16221);
#18920 = STYLED_ITEM('color',(#18921),#435);
#18921 = PRESENTATION_STYLE_ASSIGNMENT((#18922));
#18922 = SURFACE_STYLE_USAGE(.BOTH.,#18923);
#18923 = SURFACE_SIDE_STYLE('',(#18924));
#18924 = SURFACE_STYLE_FILL_AREA(#18925);
#18925 = FILL_AREA_STYLE('',(#18926));
#18926 = FILL_AREA_STYLE_COLOUR('',#16221);
#18927 = STYLED_ITEM('color',(#18928),#461);
#18928 = PRESENTATION_STYLE_ASSIGNMENT((#18929));
#18929 = SURFACE_STYLE_USAGE(.BOTH.,#18930);
#18930 = SURFACE_SIDE_STYLE('',(#18931));
#18931 = SURFACE_STYLE_FILL_AREA(#18932);
#18932 = FILL_AREA_STYLE('',(#18933));
#18933 = FILL_AREA_STYLE_COLOUR('',#16221);
#18934 = STYLED_ITEM('color',(#18935),#486);
#18935 = PRESENTATION_STYLE_ASSIGNMENT((#18936));
#18936 = SURFACE_STYLE_USAGE(.BOTH.,#18937);
#18937 = SURFACE_SIDE_STYLE('',(#18938));
#18938 = SURFACE_STYLE_FILL_AREA(#18939);
#18939 = FILL_AREA_STYLE('',(#18940));
#18940 = FILL_AREA_STYLE_COLOUR('',#16221);
ENDSEC;
END-ISO-10303-21;
